ГБПОУ колледж «Царицыно»;город Москва, Шипиловский проезд, дом 37, корпус 1;37.715972206345;55.621122029999
ГБУ МГДУ;город Москва, Днепропетровская улица, дом 25, корпус 1;37.629324565108;55.735902148518
ГБОУ ДО ЦВР «На Сумском»;город Москва, Сумской проезд, дом 6Б;37.610527868563;55.635609747513
ГБПОУ Пищевой колледж № 33;город Москва, Варшавское шоссе, дом 129;37.665030988736;55.608540243781
ГБОУДО ЦДТ «Свиблово»;город Москва, Снежная улица, дом 28;37.654766434302;55.855515349296
ГБОУ ДО ЦДТ «Строгино»;город Москва, улица Свободы, дом 18;37.455193684229;55.831963554669
ГБОУ ДО ДТДиМ «Севастополец»;город Москва, Большая Юшуньская улица, дом 14;37.580312767345;55.6787279389
ГБОУ ДО ДЮЦ «Виктория»;город Москва, Варшавское шоссе, дом 145, строение 1;37.608103140301;55.588886698938
ГБОУ ДО ЦРТДЮ «Пресня»;город Москва, Дружинниковская улица, дом 9, строение 2;37.572111700486;55.757171944582
ГАУДО «Домисолька»;город Москва, Новохорошёвский проезд, дом 1;37.50019454961;55.778119912094
ГАОУ ДПО ЦПМ;город Москва, Новочерёмушкинская улица, дом 55, корпус 2;37.5760842450694;55.7173573509824
ГБОУДО ЦДТ Замоскворечье;город Москва, улица Бахрушина, дом 15, строение 1;37.634410511737;55.743718309529
ГБОУДО ЦВР «Синегория»;город Москва, улица Горбунова, дом 19, корпус 1;37.385152750119;55.722831942051
ГБПОУ Московский техникум креативных индустрий им. Л.Б. Красина;город Москва, Кировоградская улица, дом 23, строение 3;37.598530912182;55.599552657709
ГБОУ ДПО МЦПС;город Москва, Открытое шоссе, дом 6, корпус 12;37.484681270441;55.838333476385
ГБОУ ДО ЦТР и МЭО «Радость»;город Москва, Дмитровское шоссе, дом 52А;37.529594588597;55.839506182113
ГБОУ ГМЦ ДОНМ;город Москва, Товарищеский переулок, дом 22;37.664942343309;55.743246842896
ГАПОУ ТК № 24;город Москва, 16-я Парковая улица, дом 20;37.799518539464;55.747604510818
ГБПОУ КАИТ № 20;город Москва, 5-я Парковая улица, дом 58;37.727763398399;55.76640691839
ГАОУ ДПО МЦРКПО;город Москва, Малый Толмачёвский переулок, дом 6, строение 1;37.560110334511;55.822675417503
ГБПОУ МГКЭИТ;город Москва, Коломенская улица, дом 5, корпус 3;37.643266179461;55.666105089717
ГБПОУ ПТ № 47;город Москва, улица Свободы, дом 33;37.423992152592;55.830107183106
ГБПОУ КАС № 7;город Москва, улица Усиевича, дом 31, корпус 2;37.513285553917;55.865605272812
ГБПОУ ПК № 50 имени дважды Героя Социалистического Труда Н.А. Злобина;город Москва, город Зеленоград, корпус 855;37.196488402952;55.974879035449
ГБПОУ МИПК им. И. Федорова;город Москва, Ярославское шоссе, дом 5, строение 2;37.676670679299;55.852667398652
ГБПОУ КБТ;город Москва, Большая Декабрьская улица, дом 5, строение 1;37.566483438773;55.770370477606
ГБПОУ ЭТК № 22;город Москва, 14-я Парковая улица, дом 4Б;37.815568950187;55.7896504844729
ГБПОУ МАДК им. А.А. Николаева;город Москва, Бакунинская улица, дом 81, строение 6;37.683452925316;55.775940559786
ГБПОУ КСУ № 32;город Москва, улица Шаболовка, дом 39;37.644322787629;55.713482895656
ГАПОУ КП № 11;город Москва, Дмитровское шоссе, дом 51, корпус 1;37.496163031518;55.817929074604
ГБПОУ СКИСиГ;город Москва, улица Твардовского, дом 10, корпус 1;37.498569488596;55.774506652114
ГБПОУ МТК;город Москва, Дербеневская набережная, дом 3, строение 2;37.458593695776;55.789521826341
ГБПОУ КСУ № 10;город Москва, Дмитровское шоссе, дом 11А;37.55299971369;55.860112014526
ГБПОУ КАТ № 9;город Москва, 2-й Амбулаторный проезд, дом 6;37.532494445404;55.811524994482
ГБПОУ ПК им. П.А. Овчинникова;город Москва, Ярославская улица, дом 14, строение 2;37.651501956237;55.823824651774
ГАОУ ДПО МЦКО;город Москва, Семёновская площадь, дом 4;37.651500066752;55.631789840756
ГБПОУ ТК № 34;город Москва, Дорожная улица, дом 1, корпус 2, строение 3;37.646931205669;55.723810839686
ГАПОУ ПК № 8 им. И.Ф. Павлова;город Москва, Дмитровское шоссе, дом 110А;37.52194329451;55.821500071812
ГБОУ школа № 305;город Москва, проезд Черского, дом 21Б;37.575302034627;55.875550760621
ГБПОУ МОК ЗАПАД;город Москва, 2-й Сетуньский проезд, дом 12, корпус 1;37.433366569248;55.729924732501
ГБОУ школа № 947;город Москва, Лебедянская улица, дом 16;37.673556869646;55.584098923707
ГБОУ школа № 1429;город Москва, Спартаковская площадь, дом 5/7;37.682370675177;55.777699685862
ГБОУ школа № 1811;город Москва, Первомайская улица, дом 111, строение 2;37.81936912446;55.798080487619
ГБОУ школа № 1448;город Москва, улица Довженко, дом 10;37.4927377750249;55.6964514613237
ГБОУ школа № 1358;город Москва, Ангелов переулок, дом 7, корпус 2;37.3461855621143;55.856823235149
ГБОУ школа № 1290;город Москва, Никитинская улица, дом 7;37.773563504164;55.796969468436
ГБОУ кадетская школа № 1784;город Москва, Скаковая улица, дом 20, строение 1;37.556422054768;55.775526083375
ГБОУ школа «Тропарево»;город Москва, улица Академика Анохина, дом 48;37.469813778357;55.65360880532
ГБОУ школа № 1577;город Москва, Ярославское шоссе, дом 26Б, строение 2;37.680014960632;55.852139175254
ГБОУ школа «Покровский квартал»;город Москва, улица Машкова, дом 20, строение 1;37.652446478605;55.755773488079
ГБОУ школа № 1252 имени Сервантеса;город Москва, Волоколамское шоссе, дом 6;37.493664276349;55.813713292601
ГБОУ школа № 1502;город Москва, шоссе Энтузиастов, дом 96Г;37.829569637846;55.760299953532
ГБОУ школа № 1517;город Москва, улица Маршала Тухачевского, дом 58, корпус 2;37.458128618593;55.779778815749
ГБОУ школа № 1788;город Москва, поселение Внуковское, улица Анны Ахматовой, дом 16А;37.321944575735;55.634448548051
ГБОУ школа № 1413;город Москва, Белозерская улица, дом 13;37.621333823967;55.898453164873
ГБОУ школа № 771;город Москва, Учинская улица, дом 4;37.534913053247;55.882400295857
ГБОУ школа № 504;город Москва, Автозаводская улица, дом 8;37.630636096001;55.669341173065
ГБОУ школа № 777;город Москва, 3-я Институтская улица, дом 12, корпус 2;37.760280042909;55.727640122111
ГБОУ школа № 1524;город Москва, Шоссейная улица, дом 10;37.7201202549543;55.6905684903978
ГБОУ школа № 1158;город Москва, микрорайон Северное Чертаново, корпус 810;37.597194735096;55.631026901974
ГБОУ школа № 2051;город Москва, проспект Защитников Москвы, дом 3, корпус 2;37.918482795408;55.702315586841
ГБПОУ ПК № 10;город Москва, улица Фёдора Полетаева, дом 2, корпус 7;37.77342906713;55.7146048976328
ГБОУ школа № 7;город Москва, улица Марии Ульяновой, дом 5А;37.533552917331;55.682511176595
ГБОУ школа Марьина Роща;город Москва, Октябрьский переулок, дом 11;37.609539921564;55.78657929564
ГБОУ школа «Кузьминки»;город Москва, Волгоградский проспект, дом 104, корпус 2;37.773138357368;55.700279850995
ГБОУ школа «Интеграл»;город Москва, Кастанаевская улица, дом 10;37.500337146157;55.738492787815
ГБОУ школа № 1566;город Москва, Мячковский бульвар, дом 16, корпус 2;37.746446349963;55.656038530098
ГБОУ школа № 1310;город Москва, Перовская улица, дом 42А;37.782111534782;55.743625785214
ГБОУ школа № 1539;город Москва, Новоалексеевская улица, дом 8;37.640514761237;55.80924977758
ГБОУ школа № 1234;город Москва, Новинский бульвар, дом 20, строение 1;37.580906110662;55.751651121594
ГБОУ школа № 507;город Москва, улица Садовники, дом 13, строение 2;37.653419494782;55.665757520266
ГАОУ «Школа № 1518»;город Москва, улица Бочкова, дом 5, корпус 1;37.635017395194;55.8031056475
ГБОУ школа № 1795;город Москва, Миллионная улица, дом 5, корпус 1;37.754215308373;55.825459516294
ГБОУ школа № 667;город Москва, Востряковский проезд, дом 19А;37.649838881065;55.57663695802
ГБОУ школа № 57;город Москва, Хавская улица, дом 5;37.580033494626;55.72996893175
ГБОУ школа № 1370;город Москва, Алтуфьевское шоссе, дом 64Б;37.588675618172;55.885272980687
ГБОУ школа № 1280;город Москва, улица Кржижановского, дом 28, корпус 2;37.577915936708;55.675995265071
ГБОУ школа № 1534 «Академическая»;город Москва, улица Кедрова, дом 22, корпус 1;37.572009258243;55.683939963359
ГБОУ школа № 1531;город Москва, улица Годовикова, дом 4, строение 1;37.6330289268096;55.8039291761105
ГБОУ школа № 1374;город Москва, Палехская улица, дом 4;37.698932754313;55.866219357246
ГБОУ школа № 2114;город Москва, бульвар Дмитрия Донского, дом 6А;37.567147245795;55.570130646662
ГБОУ школа № 1613;город Москва, Ратная улица, дом 4А;37.586248415262;55.573849467111
ГБОУ школа № 2097;город Москва, улица Василия Петушкова, дом 23, корпус 1;37.400761844385;55.845165418267
ГБОУ «Школа № 842»;город Москва, город Зеленоград, корпус 115;37.210507281821;56.006636331518
ГБОУДО МДЮЦ ЭКТ;город Москва, улица Юннатов, дом 13, строение 1;37.558808237369;55.800763944712
ГБОУ школа № 1400;город Москва, улица Толбухина, дом 7, корпус 2;37.414607916792;55.723134434773
ГБОУ школа № 2126 «Перово»;город Москва, улица Плющева, дом 14А;37.762199789343;55.741655160788
ГБОУ ДО ЦРТДЮ «Гермес»;город Москва, Учинская улица, дом 10, строение 2;37.566025391251;55.86208809598
ГБОУ школа № 218;город Москва, улица Костякова, дом 2А;37.575820199992;55.812330881967
ГБОУ «Школа № 448»;город Москва, посёлок Акулово, дом 43А;37.79197597532;56.003128808154
ГБОУ школа № 648;город Москва, Кронштадтский бульвар, дом 34А;37.502340630743;55.854912226783
ГБОУ школа № 1637;город Москва, улица Металлургов, дом 15;37.784021822751;55.758525802142
ГКОУ СКОШИ № 30;город Москва, улица Олений Вал, дом 22;37.693075897746;55.80010422645
ГБОУ школа № 2010;город Москва, Белореченская улица, дом 8;37.749284244422;55.670735756711
ГБОУ школа № 1576;город Москва, улица Генерала Рычагова, дом 22А;37.527386615433;55.826296547511
ГБОУ школа № 1251 имени генерала Шарля де Голля;город Москва, Новопесчаная улица, дом 23, корпус 1;37.504436677365;55.796736374704
ГБОУ школа № 1125;город Москва, улица Бусиновская Горка, дом 3;37.491129534316;55.883003843194
ГБОУ школа № 867;город Москва, Ключевая улица, дом 6, корпус 2;37.755192640052;55.63697631601
ГБОУ школа № 554;город Москва, улица Каховка, дом 12, корпус 2;37.578337169216;55.655964081857
ГБОУ школа № 1538;город Москва, Митинская улица, домовладение 14;37.374260587489;55.841630156342
ГБОУ школа № 1516;город Москва, Алтайская улица, дом 34А;37.832203960229;55.816507665089
ГБОУ школа № 1569 «Созвездие»;город Москва, Ореховый проезд, дом 37, корпус 3;37.734506201925;55.614769782786
ГБОУ школа № 1570;город Москва, переулок Расковой, дом 14А;37.583353508321;55.790774577767
ГБОУ школа № 1391;город Москва, поселение Первомайское, деревня Горчаково, Школьная улица, дом 5;36.937362941133;55.466261509378
ГБОУ школа № 1535;город Москва, Малый Саввинский переулок, дом 8;37.650736039096;55.748666244484
ГБОУ школа Бибирево;город Москва, улица Конёнкова, дом 12Б;37.619647205938;55.888686372873
ГБОУ школа № 1223;город Москва, Михалковская улица, дом 20Б;37.55317475841;55.844358799235
ГБОУ школа № 1368;город Москва, улица Академика Понтрягина, дом 17, корпус 1;37.501053124732;55.533643778375
ГБОУ школа № 1259;город Москва, 5-й Монетчиковский переулок, дом 7;37.631215095555;55.732121801018
ГБОУ школа № 1220;город Москва, 3-я Новоостанкинская улица, дом 6;37.621654987384;55.817579249178
ГБОУ школа № 2073;"город Москва, поселение Вороновское, посёлок Дома Отдыха &quot;Вороново&quot;, дом 3А";37.0746263177;55.212696094673
ГБПОУ ОКГ «Столица»;город Москва, Ратная улица, дом 14А;37.641555900318;55.593371563634
ГБОУ школа № 90;город Москва, 2-я Песчаная улица, дом 4А;37.516373973178;55.794468027058
ГБОУ школа № 2044;город Москва, Долгопрудная аллея, дом 15А;37.54268418957;55.925246905841
ГБОУ школа № 2107;город Москва, улица Гиляровского, дом 47, строение 2;37.62501585554;55.789685028765
ГБОУ школа № 806;город Москва, улица Ивана Франко, дом 40, корпус 3;37.420578384213;55.729280903033
ГБОУ школа № 1245;город Москва, Кировоградская улица, дом 42Б;37.593118533982;55.600621101615
ГБОУ школа № 149;город Москва, улица Левитана, дом 5А;37.498945980378;55.801178144063
ГБОУ школа на проспекте Вернадского;город Москва, улица 26-ти Бакинских Комиссаров, дом 3, корпус 4;37.488304395143;55.657346757793
ГБОУ школа № 1794;город Москва, Дубнинская улица, дом 14Б;37.56626471827;55.873157766069
ГБОУ школа № 1508;город Москва, Верхняя Первомайская улица, дом 57А;37.799540975357;55.796045699671
ГБОУ школа № 2121;город Москва, Краснодонская улица, дом 1, корпус 2;37.7567856355;55.679647127301
ГБОУ школа № 86 имени М.Е. Катукова;город Москва, улица Маршала Катукова, дом 4, корпус 2;37.397065582457;55.807275123387
ГБОУ школа № 1552;город Москва, улица Мусы Джалиля, дом 17, корпус 3;37.746564225365;55.624676815464
ГБОУ Вешняковская школа;город Москва, Реутовская улица, дом 2Б;37.819284260491;55.73652602672
ГБОУ школа № 1575;город Москва, Петровско-Разумовская аллея, дом 24А;37.557293540126;55.796997913421
ГБОУ школа № 1212;город Москва, проезд Одоевского, дом 9, корпус 1;37.516799181449;55.599119291604
ГБОУ школа № 2099;город Москва, 3-я Радиаторская улица, дом 8А;37.491118690454;55.816602250047
ГБОУ школа № 1883 «Бутово»;город Москва, бульвар Адмирала Ушакова, дом 10;37.548232465993;55.549018153651
ГБОУ школа № 544;город Москва, Шипиловский проезд, дом 69, корпус 2;37.719185203314;55.596430996866
ГБОУ школа № 1474;город Москва, Клинская улица, дом 24;37.493098161405;55.870618456568
ГБОУ школа № 199;город Москва, проспект 60-летия Октября, дом 16, корпус 5;37.561704826489;55.686032704484
ГБПОУ КСУ № 3;город Москва, Большая Калитниковская улица, дом 36, строение 1;37.68561172493;55.736811758442
ГБОУ школа № 887;Истринская улица, дом 3, корпус 1;37.427622723904;55.736515112511
ГБОУ школа № 1194;город Москва, город Зеленоград, корпус 1533;37.153019202605;55.971644673418
ГБОУ школа № 2006;город Москва, улица Грина, дом 18, корпус 3, строение 1;37.578878505721;55.567441387469
ГБОУ школа № 949;город Москва, Ясеневая улица, дом 42, корпус 2;37.757483482492;55.610270225111
ГБОУ школа № 534;город Москва, улица Мусы Джалиля, дом 9, корпус 4;37.734140705944;55.623206368876
ГБОУ школа № 878;город Москва, Шипиловский проезд, дом 37, корпус 2;37.713414430618;55.612236723871
ГБОУ Инженерно-техническая школа;город Москва, улица 8 Марта, дом 17;37.546462891817;55.806028781011
ГБПОУ «МКАГ»;город Москва, Зелёный проспект, дом 74А;37.591505065395;55.812414663008
ГБОУ школа № 2090;город Москва, Окская улица, дом 46, корпус 2;37.7925243101557;55.714685737233
ГБОУ школа № 224;город Москва, Нарвская улица, дом 1А, корпус 6;37.490406014118;55.838960654004
ГБОУ школа № 1191;город Москва, Митинская улица, дом 46, корпус 2;37.357837235537;55.85117676184
ГБОУ школа № 2104 на Таганке;город Москва, 1-й Котельнический переулок, дом 5;37.658518620654;55.749267622044
ГБОУ школа № 1373;город Москва, улица Чечулина, дом 20;37.833265557535;55.780955571958
ГБОУ школа № 1018;город Москва, улица Скульптора Мухиной, дом 4, корпус 1;37.352134448705;55.642837117773
ГБОУ школа «Интеллектуал»;город Москва, Кременчугская улица, дом 11, строение 6;37.4651442248769;55.7177704461992
ГБОУ школа № 1573;город Москва, Псковская улица, дом 11;37.552199505724;55.906951037087
ГБОУ школа № 293;город Москва, улица Касаткина, дом 16;37.642468234729;55.817540922517
ГБОУ школа № 1995;город Москва, Ленинский проспект, дом 131, корпус 3;37.475907012876;55.644495934805
ГБОУ школа № 74;город Москва, улица Пырьева, дом 11;37.522893681167;55.727429247411
ГБОУ школа № 1748;город Москва, Сиреневый бульвар, дом 68;37.801833066257;55.801728079569
ГБОУ «Школа № 354 им. Д.М. Карбышева»;город Москва, Старая Басманная улица, дом 24, строение 4;37.668477856592;55.769158956476
ГБОУДО ЦЭВД;город Москва, Покровский бульвар, дом 10, строение 2;37.64656067287;55.756668201047
ГБОУ школа № 1179;город Москва, Сумской проезд, дом 4Б;37.612767505087;55.638977915031
ГБОУ школа № 518;город Москва, Садовническая набережная, дом 13;37.630258083425;55.746632828005
ГБОУ школа № 627;город Москва, 1-й Спасоналивковский переулок, дом 15А;37.632419511961;55.72816922605
ГБОУ школа № 1598;город Москва, Хабаровская улица, дом 18А, строение 1;37.818464996622;55.824942576058
ГБОУ школа № 1279 «Эврика»;город Москва, Болотниковская улица, дом 36А;37.589282155059;55.666840733857
ГБОУ школа № 1950;город Москва, улица Красина, дом 20, строение 1;37.585700166006;55.772000053816
ГБОУ школа № 1601;город Москва, улица Верхняя Масловка, дом 22;37.567942142487;55.800273897719
ГБОУ школа имени Ф.М. Достоевского;город Москва, Мариупольская улица, дом 3;37.750647011384;55.686396821194
ГБОУ школа № 2120;город Москва, город Московский, Георгиевская улица, дом 2;37.371446118198;55.590651723195
ГБОУ школа № 1241;город Москва, Большая Декабрьская улица, дом 8;37.555745853094;55.767575617345
ГБОУ школа № 1560 «Лидер»;город Москва, улица Демьяна Бедного, дом 19, корпус 3;37.489781529103;55.774593455255
ГБОУ школа № 1955;город Москва, Изумрудная улица, дом 13, корпус 3;37.687511907588;55.882723823644
ГБОУ «Школа в Некрасовке»;город Москва, 2-я Вольская улица, дом 7, корпус 2;37.923510817678;55.688451557379
ГБОУ Инженерная школа № 1581;город Москва, улица Фридриха Энгельса, дом 79, строение 3;37.694896187005;55.77913326235
ГБОУ школа № 1506;город Москва, улица Грекова, дом 11Б;37.656933517805;55.891034187378
ГБОУ школа № 1284;город Москва, Уланский переулок, дом 8;37.637323379637;55.769504175967
ГБОУ школа № 1900;город Москва, Дубравная улица, дом 41, корпус 3;37.360069038053;55.843105946326
ГБОУ школа № 1213;город Москва, Дмитровское шоссе, дом 38А;37.565520827968;55.846764584328
ГБОУ школа № 1286;город Москва, улица Героев Панфиловцев, дом 3, корпус 5;37.434001601146;55.854656050123
ГБОУ школа № 1363;город Москва, Рязанский проспект, дом 70, корпус 5;37.814891853247;55.709561380304
ГБОУ школа № 1384;город Москва, Песчаная улица, дом 5;37.523181438446;55.798831083914
ГБОУ школа № 1409;Ходынский бульвар, дом 3А;37.521317293177;55.788447967046
ГБОУ школа № 1392 им. Д.В. Рябинкина;город Москва, поселение Десеновское, деревня Яковлево, Школьная улица, дом 33;37.329387752185;55.50294191121
ГБОУ «Школа № 1270 «Вектор»;город Москва, Лавров переулок, дом 9;37.660748971351;55.732909763906
ГБОУ школа № 1981;город Москва, Бартеневская улица, дом 27, корпус 1;37.527908831835;55.549299161916
ГБОУ школа № 2045;город Москва, город Зеленоград, корпус 2311;37.166118621913;55.978401807966
ГБОУ школа № 538;город Москва, улица Каховка, дом 23, корпус 4;37.5737362554617;55.6497130910005
ГБОУ «Школа № 760 им. А.П. Маресьева»;город Москва, Палехская улица, дом 137;37.719786326776;55.880912395973
ГБОУ школа № 319;город Москва, Амурская улица, дом 12;37.792024877642;55.812008870045
ГБОУ школа № 1151;город Москва, город Зеленоград, корпус 1468;37.154302418379;55.986149099509
ГБОУ школа № 171;город Москва, 2-я Фрунзенская улица, дом 10;37.569936907035;55.723224647622
ГБОУ школа № 626;город Москва, Нагорная улица, дом 38, корпус 3;37.595384885434;55.675051138051
ГБПОУ ПК им. Н.Н. Годовикова;город Москва, улица Клары Цеткин, дом 27;37.515716206093;55.822544069038
ГКОУ СКОШИ № 73;город Москва, Нахимовский проспект, дом 6;37.609137864136;55.664112554932
ГБОУ школа № 1467;город Москва, улица Шолохова, дом 9;37.3419449735227;55.6376284220134
ГБОУ школа № 2129;город Москва, 3-й Кожуховский проезд, дом 3А;37.681048168736;55.7036317844
ГБОУ школа № 1862;город Москва, Чонгарский бульвар, дом 13;37.607499897545;55.647422302624
ГБОУ школа № 1205;город Москва, улица Гарибальди, дом 19, корпус 1;37.542829495679;55.676816900472
ГБОУ школа № 2001;город Москва, Харьковский проезд, дом 11А;37.639614344102;55.591830434576
ГБОУ школа № 1155;город Москва, Таллинская улица, дом 16, корпус 4;37.397494268199;55.795357151354
ГБОУ школа № 1542;город Москва, Наро-Фоминская улица, дом 8;37.397793078391;55.646632629735
ГБОУ школа № 854;город Москва, город Зеленоград, корпус 603А;37.23046723009;55.991831058869
ГБОУ школа № 827;город Москва, бульвар Яна Райниса, дом 18, корпус 2;37.417345047013;55.855245866013
ГБОУ школа № 423;город Москва, Федеративный проспект, дом 5А;37.802226366943;55.757367185575
ГКОУ ЦИО «Южный»;город Москва, Ереванская улица, дом 19;37.698611677025;55.63928769618
ГБОУ школа № 1944;город Москва, улица Барышиха, дом 29, корпус 1;37.344202995355;55.84518310348
ГБОУ школа № 113;город Москва, Профсоюзная улица, дом 110Б;37.514275466786;55.638491057686
ГБОУ школа № 1482;город Москва, проезд Дежнёва, дом 25, корпус 5;37.632604837418;55.868424681881
ГБОУ школа № 1159;город Москва, Флотская улица, дом 25Б;37.516103246156;55.860745846152
ГБОУ школа № 1582;город Москва, Кировоградская улица, дом 18;37.603827555454;55.61715024927
ГБОУ школа № 630;город Москва, Хавская улица, дом 15;37.602880954756;55.709641973601
ГБОУ школа «Бескудниково»;город Москва, Бескудниковский бульвар, дом 53;37.544825488628;55.876148944256
ГБОУ школа № 1515;город Москва, бульвар Генерала Карбышева, дом 24, корпус 2;37.474669670724;55.778547092601
ГБОУ школа № 1298 «Профиль Куркино»;город Москва, Воротынская улица, дом 10;37.383491042896;55.900629661207
ГБОУ школа № 1543;город Москва, улица 26-ти Бакинских Комиссаров, дом 3, корпус 6;37.486003875743;55.655783749186
ГБОУ школа «Дмитровский»;город Москва, Карельский бульвар, дом 23А;37.52681572994;55.894077594963
ГБОУ школа № 1537;город Москва, улица Ротерта, дом 5;37.723241128833;55.873982834535
ГБОУ школа № 1360;Российская Федерация, город Москва, внутригородская территория муниципальный округ Богородское, Открытое шоссе, дом 5;37.719396493;55.815618618878
ГБОУ школа № 2057;город Москва, поселение Кокошкино, дачный посёлок Кокошкино, Дачная улица, дом 3А;37.164984941581;55.59852586357
ГБОУ школа № 1359;город Москва, Моршанская улица, дом 3, корпус 2;37.841851589874;55.700325333639
ГБОУ школа № 1257;город Москва, 3-й Павелецкий проезд, дом 7А;37.626991227325;55.714803270279
ГБОУ школа № 1095;город Москва, Енисейская улица, дом 30А;37.673620093112;55.871320503291
ГБОУ школа № 368 «Лосиный остров»;город Москва, Уссурийская улица, дом 12;37.816215858773;55.821730639269
ГБОУ школа № 1529 имени А.С. Грибоедова;город Москва, Хилков переулок, дом 3А;37.592498960108;55.746328833492
ГБОУ школа № 935;город Москва, Лебедянская улица, дом 24, корпус 3;37.688245373341;55.581500324945
ГБОУ школа № 1590;город Москва, Петрозаводская улица, дом 7А;37.496228397673;55.864194450171
ГБОУ школа № 1208;город Москва, улица Шумилова, дом 9;37.769566308049;55.70829949221
ГБОУ школа № 1034;город Москва, улица Борисовские Пруды, дом 46, корпус 1;37.772460404999;55.640951134548
ГБОУ школа № 1056;город Москва, Штурвальная улица, дом 6, корпус 1;37.438134116616;55.844558736609
ГБОУ школа № 1527;город Москва, проспект Андропова, дом 17, корпус 3;37.667655339092;55.681730476602
ГБОУ школа № 2087;город Москва, улица Маршала Голованова, дом 3;37.736017314554;55.652735343152
ГБОУ школа № 1265;город Москва, улица Фотиевой, дом 16;37.554489373241;55.699523058885
ГБОУ школа № 1207;город Москва, Домодедовская улица, дом 24, корпус 6;37.711134362008;55.601858920185
ГБОУ школа № 1236;город Москва, улица Милашенкова, дом 5А;37.5756749095945;55.8247510778455
ГБОУ ДО ЦДТ «Ново-Переделкино»;город Москва, Чоботовская улица, дом 5, корпус 1;37.352942299114;55.642215183077
ГБОУ школа № 1505;город Москва, 2-я Пугачёвская улица, дом 7;37.7279257136058;55.792748616066
ГБОУ школа № 1321 «Ковчег»;город Москва, Танковый проезд, дом 6;37.718714528924;55.750676108163
ГБОУ школа № 763;город Москва, Таймырская улица, дом 3;37.693104565318;55.884573865904
ГБОУ школа № 2117;город Москва, город Щербинка, Железнодорожная улица, дом 41;37.566724559325;55.513027032617
ГБОУ школа № 2054;город Москва, улица Петровка, дом 23/10, строение 18;37.616478378085;55.767153430921
ГБОУ школа № 324;город Москва, улица Лобачевского, дом 58;37.493164841612;55.673116785017
ГБОУ школа № 37;город Москва, улица Столетова, дом 13;37.502242635724;55.701881854674
ГБОУ школа № 1015;город Москва, улица Шолохова, дом 6, корпус 2;37.359325658362;55.638736934925
ГБОУ школа № 656 имени А.С. Макаренко;город Москва, Бескудниковский бульвар, дом 29;37.550109094495;55.870938752032
ГБОУ школа № 902 «Диалог»;город Москва, Бирюлёвская улица, дом 30, корпус 2;37.669005396977;55.593471046539
ГБОУ школа № 2116;город Москва, Кустанайская улица, дом 2, корпус 3;37.758837331509;55.61793349554
ГБОУ школа № 998;город Москва, Братеевская улица, дом 35, корпус 2;37.767820358276;55.640543524201
ГБОУ школа № 967;город Москва, Сухонская улица, дом 13;37.653882715157;55.87993230704
ГБОУДО ДТДИМ «Восточный»;Российская Федерация, город Москва, внутригородская территория муниципальный округ Ивановское, Челябинская улица, дом 5Б;37.821554660819;55.778075663573
ГБОУ школа № 1434;город Москва, улица Раменки, дом 13, корпус 2;37.497116042872;55.690184843347
ГБПОУ КМБ № 4;город Москва, Ковров переулок, дом 3;37.641276964438;55.739785158086
ГБОУ школа № 97;город Москва, улица Артамонова, дом 11;37.4649621244858;55.725156607216
ГБОУ школа № 1440;город Москва, Крылатская улица, дом 45, корпус 4;37.396543581359;55.769014814758
ГБОУ школа № 2026;город Москва, улица Медведева, дом 8;37.899975706287;55.723895230774
ГБОУ школа № 117;город Москва, улица Гарибальди, дом 10, корпус 5;37.531744390726;55.673540147663
ГБОУ школа № 17;город Москва, улица Введенского, дом 32А;37.533955183192;55.632645193203
ГБОУ школа № 508;город Москва, Загорьевская улица, дом 27, корпус 2;37.659731052886;55.604224696802
ГБОУ школа № 1468;город Москва, Новорогожская улица, дом 9;37.681752250237;55.744314017409
ГБОУ школа № 1080;город Москва, Большая Черкизовская улица, дом 11, корпус 1;37.720875469463;55.799464769912
ГБОУ школа № 1905;город Москва, внутригородская территория муниципальный округ Выхино-Жулебино, улица Авиаконструктора Миля, дом 13, корпус 2;37.858830847776;55.681089756764
ГБОУ школа № 236;город Москва, Клязьминская улица, дом 7А;37.521655350967;55.881700051818
ГБОУ школа № 166;город Москва, Алтуфьевское шоссе, дом 95, корпус 1;37.581478933174;55.902615221723
ГБОУ школа № 962;город Москва, улица Декабристов, дом 8, корпус 4;37.593253978477;55.86105053435
ГБОУ школа № 1912;город Москва, город Зеленоград, корпус 1813;37.166069809555;55.981119606786
ГБОУ школа № 1195;город Москва, Рябиновая улица, дом 8, корпус 2;37.419176565846;55.71736527326
ГБОУ школа № 1498;город Москва, Мичуринский проспект, дом 29, корпус 3;37.493275091649;55.69144917706
ГБОУ «Лицей «Вторая школа»;город Москва, улица Фотиевой, дом 18;37.555571011766;55.697930495294
ГБОУ школа № 618;город Москва, город Зеленоград, корпус 222А, строение 1;37.200137671709;56.002603234664
ГБОУ школа № 1324;город Москва, Напольный проезд, дом 5;37.820039265935;55.749405875905
ГБПОУ ОК «Юго-Запад»;город Москва, Ломоносовский проспект, дом 4, корпус 3;37.548766046806;55.687745327926
ГКОУ КШИ № 5;город Москва, Лосиноостровская улица, дом 22А, строение 3;37.710939507438;55.824654353209
ГКОУ СКОШИ № 2;город Москва, Большой Коптевский проезд, дом 5, строение 3;37.533966683608;55.809683460076
ГБОУ школа № 657;город Москва, Дорожная улица, дом 18А;37.623487893621;55.602032268041
ГБОУ школа № 121;город Москва, Профсоюзная улица, дом 60А;37.549517652653;55.668555343951
ГБОУ школа № 1694;город Москва, Соловьиный проезд, дом 4, корпус 3;37.547691486174;55.612313076714
ГБОУ школа № 1584;город Москва, Рублёвское шоссе, дом 24, корпус 4;37.429249763511;55.745731607696
ГАОУ школа № 1306 - «Школа молодых политиков»;город Москва, Мичуринский проспект, дом 15, корпус 2;37.508838208606;55.697763085996
ГБОУ школа № 1557;город Москва, город Зеленоград, корпус 529;37.217321097851;55.993129325882
ГБОУ школа № 1501;город Москва, Сущёвская улица, дом 32;37.601858745922;55.784129644188
ГБОУ школа № 2075;город Москва, поселение Краснопахорское, село Красная Пахра, дом 23;37.381507481212;55.373218290939
ГБОУ школа имени Маршала В.И. Чуйкова;город Москва, улица Фёдора Полетаева, дом 6, корпус 3;37.7636077893535;55.7119825410892
ГБОУ школа № 1520 им. Капцовых;город Москва, Малый Кисловский переулок, дом 12/8, строение 2;37.603242930619;55.756102237455
ГБОУ школа № 1415 «Останкино»;город Москва, улица Академика Королёва, дом 4, корпус 3;37.6242314340303;55.8245669439584
ГБОУ школа № 1355;город Москва, 1-я Мелитопольская улица, дом 5А;37.577380656205;55.540435519432
ГБОУ школа № 1285;город Москва, 1-й Тушинский проезд, домовладение 10;37.419731408401;55.832402723219
ГБОУ школа № 1367;город Москва, Саратовская улица, дом 3, корпус 3;37.751697063593;55.714791537111
ГБОУ школа № 1296;город Москва, Керамический проезд, дом 55, корпус 3;37.562592737315;55.878005523137
ГБОУ школа № 1507;город Москва, Профсоюзная улица, дом 132, корпус 9;37.511395091501;55.63145097222
ГБОУ школа № 2033;город Москва, 11-я Парковая улица, дом 48А;37.788004061376;55.807448684704
ГБОУ школа в Капотне;город Москва, 2-й квартал Капотня, дом 17, строение 2;37.796367410952;55.629661914317
ГБОУДО ДТДМ «Неоткрытые острова»;город Москва, улица Свободы, дом 89, корпус 5;37.348700209897;55.854738791462
ГБОУ школа № 141;город Москва, улица Зорге, дом 6, корпус 3;37.509922682836;55.776628814657
ГБОУ школа № 664;город Москва, Главная улица, дом 13, строение 3;37.864956557751;55.820164050182
ГБОУ школа № 1239;город Москва, Малая Бронная улица, дом 15;37.588560584815;55.760545725637
ГБОУ школа № 1353;город Москва, город Зеленоград, корпус 445А;37.209902593974;55.992552921835
ГБОУ школа № 1394;город Москва, Батайский проезд, дом 45;37.735396032282;55.643837054561
ГБОУ школа № 1547;город Москва, Перервинский бульвар, дом 5, корпус 3;37.77712717654;55.663016222116
ГБОУ школа № 1596;город Москва, Приречная улица, дом 9, корпус 1;37.369796921225;55.643296474641
ГБОУ школа № 1593;город Москва, Крылатская улица, дом 25;37.415383815804;55.766067971172
ГБОУ школа № 1420;город Москва, Ташкентская улица, дом 27, корпус 4;37.810476000221;55.702869897796
ГБОУ школа № 1357;город Москва, Перервинский бульвар, дом 10, корпус 1;37.763862999053;55.650877436288
ГБОУ школа № 1315;город Москва, Конаковский проезд, дом 5;37.486739605665;55.84404170865
ГБОУ школа № 625;город Москва, Новочерёмушкинская улица, дом 3;37.592172212313;55.691136824005
ГБОУ школа № 1356;город Москва, улица Грина, дом 18Б;37.581623102684;55.566814646323
ГБОУ школа № 1580;город Москва, улица Стасовой, дом 8;37.612603937914;55.642446533295
ГБОУ школа № 1619;город Москва, Таллинская улица, дом 24, корпус 5;37.3959686969168;55.7968360966174
ГБОУ «Школа № 1212 Щукино»;город Москва, 3-й Волоколамский проезд, домовладение 14, корпус 3;37.490388789687;55.801478215298
ГБОУ школа № 2101;город Москва, Кастанаевская улица, дом 64;37.479385563053;55.741519034335
ГБОУ школа № 51;город Москва, Ленинский проспект, дом 125, корпус 4;37.483668202513;55.641800491248
ГБОУ школа № 170;город Москва, Профсоюзная улица, дом 88А;37.527498552077;55.649961916252
ГБОУ школа № 118;город Москва, Ленинский проспект, дом 76А;37.5375395610447;55.6863855206277
ГБОУ школа № 2123 им. М. Эрнандеса;город Москва, Большая Бронная улица, дом 12;37.59560533599;55.760153782281
ГБОУ школа № 281;город Москва, Верхоянская улица, дом 14;37.670977413742;55.86607439197
ГБОУДО ДТДиМ имени А.П.Гайдара;город Москва, улица Шкулёва, дом 2, строение 1;37.854031872964;55.696195095331
ГБОУ школа № 950;город Москва, улица Декабристов, дом 26А;37.619522773054;55.858340532861
ГБОУ школа № 2115;город Москва, улица Цюрупы, дом 15, корпус 1;37.56835501987;55.666265124489
ГБОУ школа № 1329;город Москва, улица Мичуринский Проспект, Олимпийская Деревня, дом 8, корпус 2;37.493604668052;55.676223178532
ГБПОУ «26 КАДР»;город Москва, Люблинская улица, дом 56/2, строение 1;37.678517818478;55.704465938034
ГБОУ школа № 1078;город Москва, Алтайская улица, дом 2А;37.820619106331;55.818765497701
ГБОУ школа № 2109;город Москва, улица Маршала Савицкого, дом 30, корпус 2;37.597216170939;55.502112639192
ГБОУ школа № 1430;город Москва, Угличская улица, дом 14;37.578734873981;55.901413127216
ГБОУ «Курчатовская школа»;город Москва, улица Маршала Василевского, дом 9, корпус 1;37.488023290573;55.797290080575
ГБОУ школа № 1450 «Олимп»;город Москва, Фруктовая улица, дом 9;37.614385128046;55.654423279422
ГБОУ школа № 1130;город Москва, 2-я Новорублёвская улица, дом 15, корпус 3;37.362310223723;55.786066743728
ГБОУ школа № 2055;город Москва, улица Подвойского, дом 18А;37.540163267991;55.76167967248
ГБОУ школа № 2031;город Москва, улица Дмитриевского, дом 19;37.890788245828;55.711591028715
ГБОУ школа «Спектр»;город Москва, улица Гурьянова, дом 45;37.719903767185;55.680036325698
ГБОУ школа № 2005;город Москва, Новокуркинское шоссе, дом 23/15;37.398065532803;55.894429854893
ГБОУ школа № 814;город Москва, Веерная улица, дом 5, корпус 3;37.467895989783;55.706959076452
ГБОУ школа № 480;город Москва, улица Талалихина, дом 20, строение 1;37.675492418068;55.733684519308
ГБОУ школа № 1544;город Москва, улица Генерала Белобородова, дом 23;37.35808879137;55.833830234003
ГБОУ школа № 1579;город Москва, улица Москворечье, дом 39;37.659260709318;55.646367134096
ГБОУ школа № 1519;город Москва, улица Исаковского, дом 16, корпус 3;37.41382915346;55.806776509173
ГБОУ школа № 2094;"город Москва, поселение &quot;Мосрентген&quot;, посёлок Завода Мосрентген, улица Героя России Соломатина, дом 9";37.47635958102;55.620238390279
ГБОУ школа № 64;город Москва, Молодогвардейская улица, дом 34, корпус 2;37.418949455023;55.735803244677
ГБОУ школа № 2086;город Москва, Ломоносовский проспект, дом 12;37.550022001878;55.695884613281
ГБОУ школа № 46;город Москва, улица Обручева, дом 6, корпус 3;37.514626090344;55.657306068458
ГБОУ школа № 937;город Москва, улица Маршала Захарова, дом 25, корпус 2;37.704251348012;55.624842455659
ГБОУ школа № 709;город Москва, 9-я Северная линия, дом 15, корпус 3;37.548525458377;55.936334284235
ГАОУ ВО МГПУ;Российская Федерация, город Москва, внутригородская территория муниципальный округ Дорогомилово, Кутузовский проспект, дом 24;37.658939504262;55.884964203322
ГКОУ СКШИ № 65;город Москва, Саратовская улица, дом 19, строение 1;37.737825781685;55.715876735048
ГБОУ школа № 851;город Москва, Сумской проезд, дом 7А;37.607871592597;55.629519050721
ГБОУ школа № 1945;город Москва, Старокачаловская улица, дом 22;37.590430724289;55.569695210973
ГБОУ школа № 1980;город Москва, Южнобутовская улица, дом 11;37.5359227351351;55.5367638853568
ГБОУ школа № 1586;город Москва, Мосфильмовская улица, дом 17А;37.5204687365434;55.7126939040269
ГБОУ школа № 1583;город Москва, Авангардная улица, дом 18А;37.504638127088;55.842026396593
ГБОУ школа № 1238;город Москва, Чоботовская улица, дом 8;37.344817078331;55.644431494542
ГБОУ школа «Содружество»;город Москва, Красноказарменная улица, дом 23;37.691477129574;55.760244565769
ГБОУ школа № 1293;город Москва, Оршанская улица, дом 12, корпус 2;37.4101885403873;55.7422202748155
ГБОУ школа № 1793;город Москва, улица Маршала Полубоярова, дом 6, корпус 2;37.850326960896;55.683571277595
ГБОУ школа № 1571;город Москва, улица Фомичёвой, дом 8, корпус 1;37.442318822407;55.865382625513
ГБОУ школа № 1564;город Москва, улица Рословка, дом 8;37.350118070876;55.833211560409
ГБОУ школа № 67;город Москва, улица Дениса Давыдова, дом 3;37.521169272629;55.734136395545
ГБОУ школа № 1416;город Москва, Новгородская улица, дом 9;37.57820075602;55.892329080843
ГБОУ Образовательный центр «Протон»;город Москва, Филёвский бульвар, дом 17А;37.492844026379;55.764580301731
ГБОУ школа № 338;город Москва, поселение Воскресенское, посёлок Воскресенское, дом 37А;37.457671165466;55.522139285705
ГБОУ школа № 1476;город Москва, Челябинская улица, дом 26;37.831327170165;55.776710008138
ГБОУ школа № 1231;город Москва, Большой Афанасьевский переулок, дом 27, строение 1;37.575051315185;55.741301274834
ГБОУ «Школа Глория»;город Москва, улица Корнейчука, дом 52А;37.616447956819;55.895247270453
ГБОУ школа № 587;город Москва, Можайское шоссе, дом 4, корпус 2;37.426931862193;55.72279489758
ГБОУ школа № 1948;город Москва, улица Намёткина, дом 11, корпус 1;37.583686506048;55.66387643626
ГБОУ школа № 2072;город Москва, Перовская улица, дом 66Д;37.792892566472;55.747947805137
ГБОУ школа «Марьино»;город Москва, Донецкая улица, дом 6, корпус 2;37.712334752159;55.652368651505
ГБОУ школа № 1541;город Москва, Ленинский проспект, дом 132;37.510362474948;55.67234015611
ГБОУ школа № 629;город Москва, Варшавское шоссе, дом 152, корпус 14;37.596669024254;55.591445789802
ГБОУ школа имени Маяковского;город Москва, улица Крутицкий Вал, дом 5;37.666002243743;55.72881320493
ГБОУ школа № 1987;город Москва, Перервинский бульвар, дом 21, корпус 2;37.7721423065157;55.6580917119087
ГБОУ школа № 1210;город Москва, Авиационная улица, дом 71, корпус 3;37.451794698471;55.806998662972
ГБОУ школа № 1228 «Лефортово»;город Москва, Красноказарменная улица, дом 21;37.716293829376;55.765353735522
ГБОУ школа № 1514;город Москва, улица Новаторов, дом 20, корпус 3;37.523786187281;55.667800730163
ГБОУ школа № 1528;город Москва, город Зеленоград, корпус 819;37.181467645204;55.979984429786
ГБОУ школа № 1550;город Москва, улица Поликарпова, дом 6;37.559410554782;55.782560415102
ГБОУ школа № 1273;город Москва, улица Академика Капицы, дом 16;37.523446977139;55.630489890821
ГБОУ школа «Свиблово»;город Москва, улица Седова, дом 4, корпус 1;37.660895281601;55.852827983753
ГБОУ школа № 89;город Москва, улица Кулакова, дом 14, корпус 2;37.394116736801;55.810306833536
ГБОУ школа № 1383;город Москва, Дубнинская улица, дом 23;37.565642292213;55.862838917985
ГБОУ школа № 1568;город Москва, улица Молодцова, дом 5Б;37.642458878005;55.874657363004
ГБОУ школа № 1621;город Москва, Малый Козловский переулок, дом 3А;37.649414878117;55.764815829873
ГБОУ школа № 1540;город Москва, Угловой переулок, дом 6, строение 2;37.5920959309097;55.7910200209163
ГБОУ школа № 1399;город Москва, улица Вилиса Лациса, дом 37, корпус 2;37.410474928587;55.859095657169
ГБОУ школа № 536;город Москва, улица Каховка, дом 7, корпус 3;37.584431788772;55.647215113895
ГБОУ школа № 1103;город Москва, Новоясеневский проспект, дом 19, корпус 3;37.551998059541;55.605861389758
ГБОУ школа № 463;город Москва, улица Новинки, дом 11;37.67173089087;55.679429826555
ГБОУ школа № 1492;город Москва, улица Адмирала Лазарева, дом 61, корпус 1;37.505792708673;55.537376128161
ГБОУ школа № 2089;город Москва, 1-я Вольская улица, дом 8, корпус 1;37.916660994303;55.681890721827
ГБОУ школа № 285;город Москва, Ясный проезд, дом 10, корпус 1;37.625206007094;55.878274991837
ГБПОУ «Колледж полиции»;город Москва, улица Маршала Тухачевского, дом 46, строение 3;37.466546753372;55.786911063078
ГБОУ школа № 1133;город Москва, улица Крылатские Холмы, дом 17;37.415808875683;55.752173202519
ГБОУ школа № 825;город Москва, Окская улица, дом 14, корпус 3;37.757869770083;55.710879816674
ГБПОУ «Воробьевы горы»;город Москва, Донская улица, дом 37;37.554898954299;55.69852985313
ГБОУ школа Перспектива;город Москва, Синявинская улица, дом 11Б;37.388079729066;55.926400046402
ГБПОУ ЗКНО;город Москва, улица Ращупкина, дом 5, корпус 2;37.422875404598;55.712282695511
ГБОУ школа № 185;город Москва, Большая Академическая улица, дом 55А;37.535001933575;55.84142809762
ГБОУ школа № 109;город Москва, Ленинский проспект, дом 131, корпус 4;37.478470058192;55.642526653743
ГБОУ школа № 498;город Москва, Большой Факельный переулок, дом 23;37.670910131401;55.72909358073
ГБОУ школа № 705;город Москва, Таллинская улица, дом 3, корпус 2;37.398954843234;55.800323882221
ГКОУ КШИ № 1;город Москва, Зеленоградская улица, дом 9;37.544431846565;55.844652158562
ГБОУ школа № 2122;город Москва, город Щербинка, Берёзовая улица, дом 2;37.540987145516;55.498933378785
ГБОУ школа № 2127;город Москва, Салтыковская улица, дом 5А;37.860048328608;55.736834387599
ГБОУ школа № 1164;город Москва, Полтавская улица, дом 8;37.574143409762;55.796654022434
ГБПОУ МГОК;город Москва, проезд Стратонавтов, дом 15;37.431910521232;55.829257926152
ГБОУ школа № 609;город Москва, город Зеленоград, корпус 341А;37.215439728168;55.999229715384
ГКОУ школа № 2124;город Москва, Армянский переулок, дом 3-5, строение 9;37.57100777079;55.736898371462
ГБОУ «Школа № 2100»;город Москва, Дегунинская улица, дом 17А;37.530085083939;55.865897629448
ГБОУ школа № 69;город Москва, улица Исаковского, дом 4, корпус 1;37.398487768376;55.818201650934
ГБОУ школа № 14;город Москва, улица Академика Анохина, дом 28, корпус 2;37.469602819741;55.65731239395
ГБОУ школа № 222;город Москва, Дубнинская улица, дом 36А;37.56184554568;55.887142893003
ГБОУ школа № 41;город Москва, посёлок Толстопальцево, улица Ленина, дом 51;37.289460471621;55.612245156837
ГБОУ школа № 2030;город Москва, Звенигородское шоссе, дом 3А, строение 1;37.558667841642;55.764880801517
ГБОУ школа № 996;город Москва, Борисовский проезд, дом 24, корпус 2;37.723832130432;55.623860242774
ГБОУ школа № 1387;город Москва, Новокуркинское шоссе, дом 51;37.38167861473;55.903446012238
ГБОУ школа № 1551;город Москва, улица Фабрициуса, дом 10, корпус 2;37.456109181085;55.847832048533
ГБОУ школа № 1574;город Москва, улица Фадеева, дом 2, строение 2;37.602103236294;55.774070069167
ГБОУ школа № 1282 «Сокольники»;город Москва, улица Сокольнический Вал, дом 24А;37.6672160092387;55.7909486117129
ГБОУ школа № 1352;город Москва, Чусовская улица, дом 6;37.802718195144;55.81552607242
ГБУ ГППЦ ДОНМ;город Москва, улица Римского-Корсакова, дом 10;37.506091594442;55.794125088777
ГБОУ школа № 556;город Москва, Днепропетровская улица, дом 16Б;37.588278935499;55.618962589443
ГБОУ школа № 1297;город Москва, Глинистый переулок, дом 7, строение 1;37.639955520654;55.78272550827
ГБОУ школа № 1288;город Москва, Хорошёвское шоссе, дом 64А, строение 2;37.541890035955;55.773119387126
ГБОУ школа № 843;город Москва, улица Мичуринский Проспект, Олимпийская Деревня, дом 24;37.457919892602;55.670735846549
ГБОУ школа № 1797;город Москва, 1-я Гражданская улица, дом 96;37.711434802883;55.808918081197
ГБОУ школа № 429;город Москва, 8-я улица Соколиной Горы, дом 5А;37.729180879447;55.766025071184
ГБОУ школа № 1558 имени Росалии де Кастро;город Москва, Ленская улица, дом 26, корпус 2;37.65459895134;55.868830511481
ГБОУ школа № 734;город Москва, 15-я Парковая улица, дом 24А;37.820861135899;55.800164599549
ГБОУ школа им. Н.М. Карамзина;город Москва, Голубинская улица, дом 24, корпус 2;37.547572910884;55.590709981065
ГБОУ школа № 1432;город Москва, улица Шолохова, дом 19, корпус 1;37.341798235812;55.642872544042
ГБОУ школа № 1553 имени В.И. Вернадского;город Москва, Хавская улица, дом 8, корпус 1;37.613505988474;55.719970938122
ГБОУ школа № 1798;город Москва, Союзный проспект, дом 10А;37.812809944164;55.751289644084
ГБОУ «Школа № 597 «Новое Поколение»;город Москва, улица Лавочкина, дом 54, корпус 2;37.487010956051;55.863492415841
ГБОУ школа № 1347;город Москва, Солнцевский проспект, дом 12, корпус 1;37.413590538053;55.653812474618
ГБОУ школа № 1678 «Восточное Дегунино»;город Москва, Дубнинская улица, дом 46, корпус 2;37.562191624108;55.891424944216
ГБОУ школа № 2200;город Москва, Щёлковское шоссе, дом 58А;37.8007444954042;55.8090636334502
ГБОУ школа № 1536;город Москва, Ломоносовский проспект, дом 3А;37.543017013019;55.682449718363
ГАОУ школа «ШИК 16»;город Москва, Студёный проезд, дом 10А;37.642635691653;55.825095497836
ГБОУ «Московская международная школа»;город Москва, шоссе Энтузиастов, дом 74/2;37.786581158594;55.762217195872
ГБОУ школа № 1412;город Москва, Мурановская улица, дом 4А;37.609158080374;55.89531462937
ГБОУ школа № 138;город Москва, бульвар Генерала Карбышева, дом 15, корпус 3;37.466394676538;55.779765571971
ГБОУ школа № 1466;город Москва, Севанская улица, дом 10;37.676445092808;55.631529333977
ГБОУ школа № 1381;город Москва, Минусинская улица, дом 16, корпус 2;37.699687957895;55.876206201768
ГБОУ школа им. А. Боровика;город Москва, улица Верхние Поля, дом 20;37.744722314306;55.65921238087
ГБОУ школа № 1561;город Москва, улица Паустовского, дом 8, корпус 4;37.536823570707;55.601062998083
ГБОУ школа № 1449;город Москва, Череповецкая улица, дом 6А;37.570607260533;55.896836750358
ГБОУ школа № 1741;город Москва, Никулинская улица, дом 7;37.456021225763;55.666812545661
ГБОУ школа № 717;город Москва, улица Космонавта Волкова, дом 9/2;37.51667109133;55.820535359945
ГБОУ школа № 1000;город Москва, Волынская улица, дом 6;37.40631618168;55.654782653295
ГБОУ школа № 1861 «Загорье»;город Москва, Михневская улица, дом 8, корпус 2;37.679835185409;55.578448910515
ГБОУ школа № 1465;город Москва, Кутузовский проспект, дом 13;37.559554661381;55.745447606312
ГБОУ школа № 315;город Москва, Русаковская улица, дом 10, строение 3;37.674312016911;55.782822247052
ГБОУ школа № 2009;город Москва, Южнобутовская улица, дом 88;37.512799673377;55.533119741714
ГБОУ Школа № 1998;город Москва, улица Борисовские Пруды, дом 18, корпус 2;37.747023403688;55.634674310298
ГБОУ школа № 183;город Москва, Дубнинская улица, дом 41;37.5607926552428;55.8685264113073
ГБПОУ ТК № 21;город Москва, 5-й проезд Подбельского, дом 2;37.771654129028;55.802153922985
ГКОУ СКОШИ № 31;город Москва, улица Молдагуловой, дом 6А, строение 2;37.808976173488;55.72668106557
ГБОУ школа № 953;город Москва, Шенкурский проезд, дом 6А;37.600374303204;55.896346353449
ГБОУ школа № 1499;город Москва, Малахитовая улица, дом 12, корпус 1;37.653597416341;55.837466409387
ГБОУ школа № 1591;город Москва, Салтыковская улица, дом 29Б;37.876795202543;55.742952430993
ГБОУ школа № 158;город Москва, Валдайский проезд, дом 14;37.4652381587329;55.8662339392023
ГБОУ школа № 1250;город Москва, Ленинградское шоссе, дом 29А;37.484802514326;55.829224352978
ГБОУ школа № 1272;город Москва, улица Мастеркова, дом 1;37.661385647252;55.710909372669
ГБОУ школа № 1354 «Вектор»;город Москва, Скобелевская улица, дом 25, корпус 3;37.559302489978;55.546035746571
ГБОУ школа № 1173;город Москва, улица Красного Маяка, дом 22, корпус 4;37.594572537462;55.613632631727
ГБОУ школа № 1874;город Москва, улица Маршала Новикова, дом 4, корпус 3;37.463426751886;55.80291196825
ГБОУ школа № 1246;город Москва, Открытое шоссе, дом 24, корпус 7;37.762116173967;55.823524358755
ГБОУ школа № 1206;город Москва, Литовский бульвар, дом 6, корпус 2;37.548036626566;55.612421403087
ГБОУ школа им. Полбина;город Москва, Шоссейная улица, дом 17;37.727850079536;55.68219306094
ГБОУ школа № 1554;город Москва, Северный бульвар, дом 17А;37.606220688213;55.869705621787
ГБОУ школа № 654 имени А.Д. Фридмана;город Москва, Люблинская улица, дом 45;37.749405384075;55.695710574728
ГБОУ школа № 45 имени Л.И. Мильграма;город Москва, улица Дмитрия Ульянова, дом 25, корпус 2;37.595784097943;55.686778462484
ГБОУ школа № 2007 ФМШ;город Москва, улица Горчакова, дом 9, корпус 1;37.54414520861;55.542567255249
ГБОУ школа № 1362;город Москва, Щербаковская улица, дом 36А;37.740952173294;55.787095446725
ГБОУ школа № 1799;город Москва, 1-й Кадашёвский переулок, дом 3, строение 2;37.617137566252;55.734088200503
ГБОУ школа имени Е.Н. Чернышёва;город Москва, Бескудниковский проезд, дом 4Б;37.554983273165;55.875391964438
ГБОУ школа № 460;город Москва, Белореченская улица, дом 11;37.769250452965;55.672074428044
ГБОУ школа № 1253;город Москва, Пуговишников переулок, дом 7;37.59194524168;55.73453572648
ГБОУ школа № 1530 «Школа Ломоносова»;Российская Федерация, город Москва, внутригородская территория муниципальный округ Сокольники, улица Стромынка, дом 5;37.684112802656;55.793338551235
ГБОУ школа № 2065;город Москва, город Московский, 1-й микрорайон, дом 55;37.346434905529;55.603519014769
ГБОУ школа № 444;город Москва, Нижняя Первомайская улица, дом 14;37.787251532132;55.788982439437
ГБОУ школа № 1287;город Москва, проезд Аэропорта, дом 10;37.520695030689;55.796587605791
ГБОУ школа № 1679;город Москва, Новопетровская улица, дом 5Б;37.519667679791;55.827802750057
ГБОУ школа № 1532;город Москва, улица Генерала Тюленева, дом 5, корпус 2;37.496224201011;55.617479983751
ГБОУ школа № 491;город Москва, Новочеркасский бульвар, дом 19;37.724808663018;55.651459815268
ГБОУ школа № 2103;город Москва, Голубинская улица, дом 5, корпус 4;37.5218628300822;55.6066053817811
ГБОУ школа № 1504;город Москва, улица Сталеваров, дом 20А;37.837769087355;55.766647689833
ГБОУ «Школа на Яузе»;город Москва, улица Госпитальный Вал, дом 3, корпус 1;37.692795180027;55.77517684267
ГБОУ школа № 922;город Москва, Федеративный проспект, дом 37А;37.828605969222;55.753869010771
ГБОУ «Школа № 167 имени Маршала Л.А. Говорова»;город Москва, Фестивальная улица, дом 35А;37.479874267191;55.860243179364
ГБОУ школа № 1150;город Москва, город Зеленоград, корпус 1630;37.159093027559;55.974968821832
ГБОУ школа № 939;город Москва, Борисовский проезд, дом 18, корпус 2;37.72799416515;55.614114295884
ГБОУ школа № 1249;город Москва, Чапаевский переулок, дом 6, строение 2;37.517572720057;55.801032982196
ГБОУ школа № 1371 «Крылатское»;город Москва, Осенний бульвар, дом 16, корпус 5;37.411817339033;55.760992403256
ГБОУ школа № 1512;город Москва, улица Молдагуловой, дом 13А;37.817049622536;55.719283679719
ГБОУ школа № 1404 «Гамма»;город Москва, улица Короленко, дом 2А, строение 17;37.685776233695;55.798118841338
ГБОУ школа № 1317;город Москва, улица Академика Анохина, дом 4, корпус 5;37.471147383713;55.671633986661
ГБОУ школа № 1411;город Москва, улица Бестужевых, дом 25Б;37.601892166157;55.866987184625
ГБОУ школа № 1533 «ЛИТ»;город Москва, Профсоюзная улица, дом 24, корпус 4;37.543924867315;55.692656631069
ГБОУ школа № 1248;город Москва, Давыдковская улица, дом 2, корпус 3;37.456768565847;55.72095278558
ГБОУ школа № 1636;город Москва, Ясеневая улица, дом 35, корпус 2;37.729698826202;55.605356010788
ГБОУ школа № 1375;город Москва, проспект Андропова, дом 46, корпус 3;37.658860492833;55.679089462872
ГБОУ школа № 1503;город Москва, улица Павла Корчагина, дом 13, строение 1;37.662492060683;55.817837675654
ГБОУ школа № 345;город Москва, Нижняя Красносельская улица, дом 41А;37.675805750465;55.774039059422
ГБОУ школа № 1101;город Москва, улица Академика Варги, дом 28А;37.48909949864;55.629889703907
ГБОУ школа № 1708;город Москва, Олонецкая улица, дом 13;37.536215081369;55.679535061653
ГБОУ школа № 15;город Москва, Херсонская улица, дом 17А;37.573562098557;55.661653661378
ГБОУ школа № 283;город Москва, проезд Шокальского, дом 63А;37.667158663745;55.891070115889
ГБОУ школа № 2036;город Москва, Златоустовская улица, дом 3;37.8831824658783;55.7127678939106
ГБОУ школа № 108;город Москва, улица Архитектора Власова, дом 19, строение 1;37.549883563773;55.676339152829
ГБОУ школа № 384;город Москва, Беловежская улица, дом 67;37.397755980492;55.708350749112
ГБОУ школа № 641 имени С. Есенина;город Москва, Волжский бульвар, дом 23, корпус 1;37.749780088685;55.703814049071
ГБПОУ КИГМ № 23;город Москва, Напольный проезд, дом 9, строение 2;37.83453478076;55.76302365995
ГБОУ школа № 49;город Москва, улица Введенского, дом 11А;37.53528024731;55.6454312447451
ГБОУ школа № 1161;город Москва, внутригородская территория муниципальный округ Южное Бутово, Изюмская улица, дом 61, корпус 2;37.562726891584;55.54177411986
ГБОУ школа № 853;город Москва, город Зеленоград, корпус 1141;37.192259857888;55.982907289146
ГБОУ школа № 2025;город Москва, Большая Очаковская улица, дом 42, корпус 2;37.446322056298;55.6777372012473
ГБОУ школа № 904;город Москва, Кантемировская улица, дом 27, корпус 2;37.65978764047;55.635564976336
ГБОУ школа № 152;город Москва, 1-я Аэропортовская улица, дом 1;37.523585056471;55.808982686834
ГБОУ школа № 924;город Москва, 3-й Дорожный проезд, дом 6Б;37.611355036497;55.590129810338
ГБОУ школа № 1002;город Москва, Солнцевский проспект, дом 14, корпус 1;37.410708198338;55.644697177906
ГБОУ школа № 1222;город Москва, Басовская улица, дом 7;37.692807197642;55.72417827466
ГБОУ школа № 1494;город Москва, Малая Ботаническая улица, дом 18, корпус 1;37.599877347645;55.825341406153
ГБОУ школа № 2000;город Москва, Кантемировская улица, дом 22, корпус 5;37.651584663884;55.64311057644
ГБПОУ КДПИ им. Карла Фаберже;город Москва, Якорная улица, дом 6, корпус 1;37.708615345114;55.62046682345
ГБОУ школа № 1935;город Москва, улица Генерала Кузнецова, дом 27, корпус 3;37.854925720827;55.680588768978
ГБОУ школа № 875;город Москва, улица 26-ти Бакинских Комиссаров, дом 6, корпус 3;37.492936134513;55.660230299302
ГКОУ СКОШИ № 52;город Москва, улица Расковой, дом 20А, строение 1;37.573515040566;55.787430531245
ГБОУ школа № 1852;город Москва, 2-я Владимирская улица, дом 24А;37.779959652588;55.755476390112
ГКОУ СКОШИ № 102;город Москва, проезд Нансена, дом 14;37.632509562482;55.850666168444
ГБОУ школа № 201;город Москва, Старопетровский проезд, дом 12А;37.5136362965211;55.8228222661565
ГБОУ школа № 830;город Москва, улица Свободы, домовладение 4, корпус 3;37.4443182930886;55.8237075722025
ГБОУ школа № 192;город Москва, Ленинский проспект, дом 43А;37.5752364330363;55.7020536578647
ГБПОУ Киноколледж № 40 «Московская международная киношкола»;город Москва, улица Шаболовка, дом 44, строение 2;37.606734683621;55.715066765486
ГБОУ школа № 2053;город Москва, Покровская улица, дом 35;37.917527854606;55.705833433738
ГБОУ школа № 920;город Москва, Перовская улица, дом 47;37.7730061977437;55.7457291545182
ГКОУ школа «Технологии обучения»;город Москва, Резервный проезд, дом 10;37.550420612097;55.740982577463
ГБОУ школа № 883;город Москва, улица Героев Панфиловцев, дом 14, корпус 3;37.425942420989;55.859305245449
ГБОУ школа № 956;город Москва, Заповедная улица, дом 22;37.64306743107;55.867455791181
ГБПОУ «1-й МОК»;город Москва, Заревый проезд, дом 8, корпус 2;37.649078965187;55.884918711287
ГБОУ школа № 1747;город Москва, улица Барышиха, дом 32;37.352044969811;55.846011326006
ГБОУ школа № 1190;город Москва, Пятницкое шоссе, дом 25, корпус 3;37.36673098597;55.847126941362
ГБПОУ КСТ;город Москва, Хибинский проезд, дом 6, корпус 1;37.66326382217;55.820177665206
ГАОУ школа № 548;город Москва, Шипиловская улица, дом 7;37.716885566755;55.602411830502
ГБОУ школа № 1985;город Москва, Воротынская улица, дом 31;37.39833940568;55.890781842272
ГБОУ школа № 56 имени академика В.А. Легасова;город Москва, Кутузовский проспект, дом 28;37.549381959111;55.746423170299
ГБОУ «Школа Новокосино»;город Москва, Новокосинская улица, дом 17Б;37.858885173115;55.74169457442
ГБОУ Романовская школа;город Москва, Средний Кондратьевский переулок, дом 8А;37.575202897102;55.766345422982
ГБОУ школа № 1302;город Москва, улица Исаковского, дом 29, корпус 1А;37.420755556508;55.806127836367
ГБОУ школа № 1770;город Москва, Коломенская набережная, дом 20;37.689267641547;55.686097507879
ГБОУ школа № 2098 имени Героя Советского Союза Л.М. Доватора;город Москва, Базовская улица, дом 20А, строение 2;37.517503871382;55.871580513524
ГБОУ школа № 1786;город Москва, улица Адмирала Лазарева, дом 76А;37.486762404442;55.538478820626
ГБОУ школа № 1454 «Тимирязевская»;город Москва, Астрадамский проезд, дом 5;37.563453510053;55.818488876964
ГБОУ школа № 2048;город Москва, Покровская улица, дом 16А;37.935577220838;55.701557846599
ГАПОУ МОК им. В. Талалихина;город Москва, 1-я Курьяновская улица, дом 21, корпус 2;37.723232174564;55.672725461751
ГБОУ школа № 2083;город Москва, поселение Рязановское, посёлок Знамя Октября, дом 37, строение 1;37.488575970134;55.50109955468
ГБОУ школа № 1500;город Москва, Большая Спасская улица, дом 10, корпус 1;37.647012650544;55.776330166861
ГБПОУ КЖГТ;город Москва, Каланчёвская улица, дом 26, строение 3;37.647630214735;55.778928444809
ГБПОУ ТПСК им. В.М. Максимчука;город Москва, Нагатинская улица, дом 4, корпус 2;37.631420958435;55.679498887168
ГБПОУ МИК;город Москва, Дивизионная улица, дом 4;37.457363711772;55.722506265326
ГБОУ школа № 2070;город Москва, поселение Сосенское, посёлок Коммунарка, Ясная улица, дом 7;37.48753968644;55.569347284062
ГБПОУ КС № 54;город Москва, Басовская улица, дом 12;37.755841255308;55.726806156918
