Desert Rose / Роза пустыни;https://www.restoran.ru/msk/detailed/restaurants/desert-rose/
Ласточка. Ресторан-яхта;https://www.restoran.ru/msk/detailed/restaurants/lastochka/
Чайка. Ресторан-яхта;https://www.restoran.ru/msk/detailed/restaurants/chayka_restoran_yakhta/
Высота 5642;https://www.restoran.ru/msk/detailed/restaurants/vysota_5642/
White Rabbit / Белый кролик;https://www.restoran.ru/msk/detailed/restaurants/whiterabbit/
SELFIE / Селфи;https://www.restoran.ru/msk/detailed/restaurants/selfie/
Eshak / Ишак (Арбат);https://www.restoran.ru/msk/detailed/restaurants/eshak/
Eshak / Ишак (Рублевка);https://www.restoran.ru/msk/detailed/restaurants/eshak_rublevka/
Китайская Грамота (Барвиха);https://www.restoran.ru/msk/detailed/restaurants/chinagramota_barvikha/
Shore House / Шор Хаус;https://www.restoran.ru/msk/detailed/restaurants/shore_house/
Бабель;https://www.restoran.ru/msk/detailed/restaurants/babel/
Воронеж;https://www.restoran.ru/msk/detailed/restaurants/voronezh/
Modus / Модус;https://www.restoran.ru/msk/detailed/restaurants/modus/
Шинок;https://www.restoran.ru/msk/detailed/restaurants/shinok/
The Waiters;https://www.restoran.ru/msk/detailed/restaurants/the-waiters/
Cihan Turkish Steak & Kebab / Джихан;https://www.restoran.ru/msk/detailed/restaurants/cihan-turkish-steak-kebab/
Novikov / Новиков;https://www.restoran.ru/msk/detailed/restaurants/novikov/
Tutta La Vita / Тутта Ла Вита;https://www.restoran.ru/msk/detailed/restaurants/tuttalavita/
LureMe;https://www.restoran.ru/msk/detailed/restaurants/lure-me/
Peshi / Пеши;https://www.restoran.ru/msk/detailed/restaurants/peshirestoran/
106;https://www.restoran.ru/msk/detailed/restaurants/106/
1812;https://www.restoran.ru/msk/detailed/restaurants/r1812/
22/15 bar&kitchen;https://www.restoran.ru/msk/detailed/restaurants/bukingempub/
800°С Contemporary Steak;https://www.restoran.ru/msk/detailed/restaurants/800-s-contemporary-steak/
Accenti;https://www.restoran.ru/msk/detailed/restaurants/accenti-aktsenti/
Amadeus / Амадеус;https://www.restoran.ru/msk/detailed/restaurants/amadeus/
Amarena / Амарена;https://www.restoran.ru/msk/detailed/restaurants/amarena/
Andiamo / Андиамо;https://www.restoran.ru/msk/detailed/restaurants/andiamo-cafe/
Andy’s Friends / Энди’с Френдс;https://www.restoran.ru/msk/detailed/restaurants/andyscafe/
Antica Italia / Антика Италия;https://www.restoran.ru/msk/detailed/restaurants/antica_italia/
AQ Kitchen / Эйкью Китчен;https://www.restoran.ru/msk/detailed/restaurants/aq-kitchen/
Arbatskiy Bazar / Арбатский Базар;https://www.restoran.ru/msk/detailed/restaurants/arbatskiy-bazar/
Archie / Арчи гастробистро;https://www.restoran.ru/msk/detailed/restaurants/archie/
Asaki / Асаки;https://www.restoran.ru/msk/detailed/restaurants/asaki-rest/
Asia / Азия;https://www.restoran.ru/msk/detailed/restaurants/aziya/
ASIATIQUE Kitchen x Bar;https://www.restoran.ru/msk/detailed/restaurants/asiatique/
Atmosphere / Атмосфера;https://www.restoran.ru/msk/detailed/restaurants/atmosphere/
Avshar-club / Авшар-клаб;https://www.restoran.ru/msk/detailed/restaurants/avshar-club/
Balzi Rossi / Балзи Росси;https://www.restoran.ru/msk/detailed/restaurants/balzi_rossi/
BAMBOO.BAR / БАМБУ.БАР;https://www.restoran.ru/msk/detailed/restaurants/bamboobar/
Bar 1929 / Бар 1929;https://www.restoran.ru/msk/detailed/restaurants/bar-1929/
Bar BQ Cafe (ТРЦ «Метрополис»);https://www.restoran.ru/msk/detailed/restaurants/bar-bq-cafe-metropolis/
Bar BQ Cafe / Бар Би Кью Кафе (Пятницкая);https://www.restoran.ru/msk/detailed/restaurants/barbqcafe/
Barhat / Бархат;https://www.restoran.ru/msk/detailed/restaurants/barkhat/
Bavaria Wald Dorf / Бавария Валд Дорф;https://www.restoran.ru/msk/detailed/restaurants/bavaria_wald_dorf/
Bavaro / Баваро;https://www.restoran.ru/msk/detailed/restaurants/balzam_nagatinskaya/
BB Grill;https://www.restoran.ru/msk/detailed/restaurants/bb-grill/
BBcafe;https://www.restoran.ru/msk/detailed/restaurants/bb_cafe/
Beaver pub / Бивер паб;https://www.restoran.ru/msk/detailed/restaurants/beaver-pub/
Beef Time / Биф Тайм;https://www.restoran.ru/msk/detailed/restaurants/beeftime/
Beer Loft / Бир Лофт;https://www.restoran.ru/msk/detailed/restaurants/beer-loft/
Bella Pasta / Белла Паста;https://www.restoran.ru/msk/detailed/restaurants/bellapasta/
Bellissima / Беллиссима;https://www.restoran.ru/msk/detailed/restaurants/belissimo/
Benedict / Бенедикт;https://www.restoran.ru/msk/detailed/restaurants/benedict/
Best Friends Bar;https://www.restoran.ru/msk/detailed/restaurants/bar-for-bikers/
Big-Ben / Биг-Бен;https://www.restoran.ru/msk/detailed/restaurants/big_ben/
Billy`s Band centre / Биллис Бенд центр;https://www.restoran.ru/msk/detailed/restaurants/billy-s-band-centre/
Bistro#160;https://www.restoran.ru/msk/detailed/restaurants/bistro-160/
Bistrot / Бистрот;https://www.restoran.ru/msk/detailed/restaurants/bistrot/
Black Hat / Блэк Хэт;https://www.restoran.ru/msk/detailed/restaurants/black-hat/
Blossom / Блоссом;https://www.restoran.ru/msk/detailed/restaurants/blossom/
Blush, wine bar / Блаш, винный бар;https://www.restoran.ru/msk/detailed/restaurants/blush/
Bodega;https://www.restoran.ru/msk/detailed/restaurants/bodega/
Bodrum / Бодрум;https://www.restoran.ru/msk/detailed/restaurants/bodrum-lounge/
Bolshevik Loft / Большевик лофт;https://www.restoran.ru/msk/detailed/restaurants/bolshevik/
Bon App / Бон Апп;https://www.restoran.ru/msk/detailed/restaurants/bon-app/
Bon Club / Бон Клаб;https://www.restoran.ru/msk/detailed/restaurants/bon-club/
Boobo / Бубо;https://www.restoran.ru/msk/detailed/restaurants/boobo/
Botanist / Ботанист;https://www.restoran.ru/msk/detailed/restaurants/botanist/
Brasserie Koffee Times / Брассерия Кофе Таймс;https://www.restoran.ru/msk/detailed/restaurants/brasserie-koffee-times/
Brasserie Mardi Gras / Брассерия Марди Гра;https://www.restoran.ru/msk/detailed/restaurants/ottoman-steak-house/
BRB / БРБ;https://www.restoran.ru/msk/detailed/restaurants/brb/
Break cafe / Брейк кафе;https://www.restoran.ru/msk/detailed/restaurants/break-cafe/
Brisket / Брискет;https://www.restoran.ru/msk/detailed/restaurants/brisket/
Bristol House / Бристоль Хаус;https://www.restoran.ru/msk/detailed/restaurants/bristol-house/
Brooklyn Pizza Pie / Бруклин Пицца Пай (М. Тухачевского);https://www.restoran.ru/msk/detailed/restaurants/zotman/
Brooms Bar / Брумс Бар;https://www.restoran.ru/msk/detailed/restaurants/brooms-bar/
Brusoff / Брюсофф;https://www.restoran.ru/msk/detailed/restaurants/brusoff_bryusoff/
Burger&Pizzetta / Бургер и Пиццетта (Красногорск);https://www.restoran.ru/msk/detailed/restaurants/burger-pizzetta-krasnogorsk/
Burgers & Crabs / Бургерс и Крабс;https://www.restoran.ru/msk/detailed/restaurants/burgers_crabs/
Butler / Батлер;https://www.restoran.ru/msk/detailed/restaurants/butler/
By the wine;https://www.restoran.ru/msk/detailed/restaurants/by-the-wine/
Café by Interoptika;https://www.restoran.ru/msk/detailed/restaurants/cafe-by-interoptika/
Cafe De Arts / Кафе Де Артс;https://www.restoran.ru/msk/detailed/restaurants/cafedearts/
Cafe Milano;https://www.restoran.ru/msk/detailed/restaurants/cafe-milano/
Campanello / Кампанелло;https://www.restoran.ru/msk/detailed/restaurants/campanello/
Campus / Кампус (Миклухо-Маклая);https://www.restoran.ru/msk/detailed/restaurants/kampus/
Cantinetta Antinori / Кантинетта Антинори;https://www.restoran.ru/msk/detailed/restaurants/cantinetta_antinori/
Carpe Diem;https://www.restoran.ru/msk/detailed/restaurants/carpe-diem/
Casa Bella / Каса Белла;https://www.restoran.ru/msk/detailed/restaurants/casa-bella/
Casa Mia / Каза Миа;https://www.restoran.ru/msk/detailed/restaurants/casa-mia/
Casting cafe / Кастинг кафе;https://www.restoran.ru/msk/detailed/restaurants/casting-cafe/
Cavina / Кавина;https://www.restoran.ru/msk/detailed/restaurants/the-flying-inn/
Cedro / Чедро;https://www.restoran.ru/msk/detailed/restaurants/cedro/
Ceretto / Черетто;https://www.restoran.ru/msk/detailed/restaurants/ceretto/
Ceretto More / Черетто Море;https://www.restoran.ru/msk/detailed/restaurants/ceretto-more/
Cevicheria / Севичерия;https://www.restoran.ru/msk/detailed/restaurants/cevicheria/
Chakrulo / Чакруло;https://www.restoran.ru/msk/detailed/restaurants/chakrulo/
Chalet River Club / Шале Ривер Клаб;https://www.restoran.ru/msk/detailed/restaurants/chalet/
Chalet Royal Club / Шале Роял Клаб;https://www.restoran.ru/msk/detailed/restaurants/chalet-royal-club/
Chasovaya / Часовая;https://www.restoran.ru/msk/detailed/restaurants/chasovaya/
Chelsea GastroPub / Челси Гастропаб;https://www.restoran.ru/msk/detailed/restaurants/chelsea-pub/
Chin Chin / Чин Чин (ул. Верхняя Масловка);https://www.restoran.ru/msk/detailed/restaurants/chinchin_verkhnyaya_maslovka/
China Blue / Чайна Блю;https://www.restoran.ru/msk/detailed/restaurants/china-blue/
China Club / Чайна Клаб;https://www.restoran.ru/msk/detailed/restaurants/china_club/
China news / Китайские новости (Арбат);https://www.restoran.ru/msk/detailed/restaurants/china-news-arbat/
China news / Китайские новости (Коньково);https://www.restoran.ru/msk/detailed/restaurants/china-news/
Christian / Кристиан;https://www.restoran.ru/msk/detailed/restaurants/christian/
Churchill`s pub / Черчилль паб;https://www.restoran.ru/msk/detailed/restaurants/churchills_pub/
Cibo E Vino / Чибо Э Вино;https://www.restoran.ru/msk/detailed/restaurants/cibo-e-vino/
CITY FOOD Европолис;https://www.restoran.ru/msk/detailed/restaurants/city-food/
City Voice / 6 floor;https://www.restoran.ru/msk/detailed/restaurants/city-voice/
Coccinelle / Коксинель;https://www.restoran.ru/msk/detailed/restaurants/coccinelle/
Corner cafe&kitchen;https://www.restoran.ru/msk/detailed/restaurants/corner/
Courvoisier / Курвуазье;https://www.restoran.ru/msk/detailed/restaurants/courvoisier/
Crafted Grill Bar / Крафтед Гриль Бар;https://www.restoran.ru/msk/detailed/restaurants/crafted-grill-bar/
Crazy Hunter / Крейзи Хантер;https://www.restoran.ru/msk/detailed/restaurants/crazyhunter/
Creperie De Paris / Крепери де Пари;https://www.restoran.ru/msk/detailed/restaurants/creperie-de-paris/
Croydon / Кройдон;https://www.restoran.ru/msk/detailed/restaurants/croydon/
CURE bar;https://www.restoran.ru/msk/detailed/restaurants/cure-bar/
Da Pino / Да Пино (Волгоградский пр.);https://www.restoran.ru/msk/detailed/restaurants/dapino-volgogradskaya/
Da Pino / Да Пино (Делегатская);https://www.restoran.ru/msk/detailed/restaurants/dapino-delegatskaya/
Da Pino / Да Пино (ул. Наметкина);https://www.restoran.ru/msk/detailed/restaurants/da-pino-nametkina/
Dan Cafe / Дан Кафе;https://www.restoran.ru/msk/detailed/restaurants/dancafe/
Dark Patrick’s Pub / Паб Тёмного Патрика;https://www.restoran.ru/msk/detailed/restaurants/dark_patrick_s_pub/
Davno / Давно;https://www.restoran.ru/msk/detailed/restaurants/davno/
Disput / Диспут;https://www.restoran.ru/msk/detailed/restaurants/disput/
Doctor Watson / Доктор Ватсон;https://www.restoran.ru/msk/detailed/restaurants/doctor-watson/
Dolma / Долма (Сретенка);https://www.restoran.ru/msk/detailed/restaurants/dolma-sretenka/
Don Giulio Pasticceria / Дон Джулио Пастиччерия;https://www.restoran.ru/msk/detailed/restaurants/don-giulio-pasticceria/
Dorffman / Дорффман;https://www.restoran.ru/msk/detailed/restaurants/dorffman/
Double Bourbon Street Bar / Дабл Бурбон Стрит Бар;https://www.restoran.ru/msk/detailed/restaurants/double_bourbon_street_bar/
Dream Bar / Дрим Бар;https://www.restoran.ru/msk/detailed/restaurants/dreambar/
Dream City / Дрим Сити;https://www.restoran.ru/msk/detailed/restaurants/skazka-vostoka/
Drinks@Dinners / Дринкс энд Диннерс;https://www.restoran.ru/msk/detailed/restaurants/drinks-dinners/
Duet;https://www.restoran.ru/msk/detailed/restaurants/duet/
DUETS;https://www.restoran.ru/msk/detailed/restaurants/karaokeduets/
Easy Brix;https://www.restoran.ru/msk/detailed/restaurants/brix-na-pyatnitskoy/
Easy Pub / Изи Паб Бутово;https://www.restoran.ru/msk/detailed/restaurants/easypub_butovo/
Easy Pub / Изи Паб Ходынка;https://www.restoran.ru/msk/detailed/restaurants/easypub/
Ecle / Экле;https://www.restoran.ru/msk/detailed/restaurants/ecle_rest/
El Gauchito / Эль Гаучито (на Кутузовском);https://www.restoran.ru/msk/detailed/restaurants/elgauchito/
Eleven;https://www.restoran.ru/msk/detailed/restaurants/eleven-meathouse/
ELITE / ЭЛИТ;https://www.restoran.ru/msk/detailed/restaurants/elite/
Ellada Club / Эллада Клаб;https://www.restoran.ru/msk/detailed/restaurants/ellada-club/
Embers speakeasy / Эмберс спикизи;https://www.restoran.ru/msk/detailed/restaurants/embers-speakeasy/
Enjoy Lounge Bar / Энджой Лаунж Бар;https://www.restoran.ru/msk/detailed/restaurants/enjoy-lounge-bar/
EnJoyLife / Джой;https://www.restoran.ru/msk/detailed/restaurants/enjoylife/
Est Caffe / Эст Кафе;https://www.restoran.ru/msk/detailed/restaurants/est_kafe/
Extra Virgin;https://www.restoran.ru/msk/detailed/restaurants/extra-virgin/
Fazenda / Фазенда;https://www.restoran.ru/msk/detailed/restaurants/fazenda/
Feel Italian;https://www.restoran.ru/msk/detailed/restaurants/feel-italian/
Filetto / Филетто;https://www.restoran.ru/msk/detailed/restaurants/filetto/
Filin Good / Филин Гуд;https://www.restoran.ru/msk/detailed/restaurants/filin-good/
Fishmarket / Фишмаркет;https://www.restoran.ru/msk/detailed/restaurants/fishmarket/
Flash Royal / Флэш Рояль;https://www.restoran.ru/msk/detailed/restaurants/flash-royal/
Food Embassy / Фуд Эмбасси;https://www.restoran.ru/msk/detailed/restaurants/food_embassy/
Football Republic;https://www.restoran.ru/msk/detailed/restaurants/football-republic/
For You / Фор Ю;https://www.restoran.ru/msk/detailed/restaurants/raihona/
Forest lounge / Форест лаундж;https://www.restoran.ru/msk/detailed/restaurants/forest-lounge/
Fornetto кафе-пиццерия / Форнетто (Пресненская наб.);https://www.restoran.ru/msk/detailed/restaurants/fornetto_bar_pizza_fornetto_presnenskaya_nab_/
Forza / Форза;https://www.restoran.ru/msk/detailed/restaurants/forza/
Fresco / Фреско;https://www.restoran.ru/msk/detailed/restaurants/fresco/
Friend’s Hall Charisma / Фрэндс Холл Харизма;https://www.restoran.ru/msk/detailed/restaurants/friend-s-hall-charisma/
Friends / Френдс (Краснобогатырская ул.);https://www.restoran.ru/msk/detailed/restaurants/friends/
Friends Hall Newtone / Френдс Холл Ньютон;https://www.restoran.ru/msk/detailed/restaurants/friends-hall-newtone/
Fu Syan / Фу Сян;https://www.restoran.ru/msk/detailed/restaurants/fuxiang/
Fusion / Фьюжен;https://www.restoran.ru/msk/detailed/restaurants/fusion/
Gallery / Галерея;https://www.restoran.ru/msk/detailed/restaurants/gallery/
Gayane’s / Гаяне;https://www.restoran.ru/msk/detailed/restaurants/gayanes/
GG Grill;https://www.restoran.ru/msk/detailed/restaurants/gg-grill/
Gipsy / Джипси;https://www.restoran.ru/msk/detailed/restaurants/gipsy/
Glastonberry Pub / Гластонберри Паб;https://www.restoran.ru/msk/detailed/restaurants/glastonberry_pub/
Gluhwein / Глинтвейн;https://www.restoran.ru/msk/detailed/restaurants/gluhwein/
Golden Lotus / Голден Лотос;https://www.restoran.ru/msk/detailed/restaurants/golden-lotus/
Good Beetle;https://www.restoran.ru/msk/detailed/restaurants/good-beetle/
Goodman Prime;https://www.restoran.ru/msk/detailed/restaurants/goodman-prime/
Goos`to wine / Густу вайн;https://www.restoran.ru/msk/detailed/restaurants/goos-to-wine/
Grammy’s / Грэммиз;https://www.restoran.ru/msk/detailed/restaurants/o_zhanna/
Grand Cru by Adrian Quetglas / Гранд Крю бай Адриан Кетглас;https://www.restoran.ru/msk/detailed/restaurants/grand-cru-by-adrian-quetglas/
Grand Урюк на Жукова;https://www.restoran.ru/msk/detailed/restaurants/uryuk_marshala_zhukova/
Grange Cafe / Гранж кафе;https://www.restoran.ru/msk/detailed/restaurants/GrangeCafe/
Grape / Грейп;https://www.restoran.ru/msk/detailed/restaurants/grape/
Green Palace / Грин Палас;https://www.restoran.ru/msk/detailed/restaurants/green-palace/
Gretel / Гретель;https://www.restoran.ru/msk/detailed/restaurants/gretel/
Grill and Vine / Гриль и Вино;https://www.restoran.ru/msk/detailed/restaurants/grill-and-vine/
Grill Grad / Гриль Град;https://www.restoran.ru/msk/detailed/restaurants/grill-grad/
Grill House / Гриль Хаус;https://www.restoran.ru/msk/detailed/restaurants/grill-house/
GrossBeer / Гроссбир;https://www.restoran.ru/msk/detailed/restaurants/grossbeer/
Grut / Грют;https://www.restoran.ru/msk/detailed/restaurants/grut/
Guava Bar / Гуава Бар;https://www.restoran.ru/msk/detailed/restaurants/guavabar/
Gustatore / Густаторе;https://www.restoran.ru/msk/detailed/restaurants/gustatore/
Hands / Хэндс;https://www.restoran.ru/msk/detailed/restaurants/hands/
Hon Gil Don / Хон Гиль Дон;https://www.restoran.ru/msk/detailed/restaurants/Hgd/
Hong Kong / Гонгконг;https://www.restoran.ru/msk/detailed/restaurants/hong-kong/
Hot Collection / Хот Коллекшн;https://www.restoran.ru/msk/detailed/restaurants/hot-collection/
Hotel Greenwood 4* / Отель Гринвуд;https://www.restoran.ru/msk/detailed/restaurants/hotel-greenwood/
I Like Bar / Ай Лайк Бар;https://www.restoran.ru/msk/detailed/restaurants/ilikebar/
I Van Gogh;https://www.restoran.ru/msk/detailed/restaurants/i-van-gogh/
Il Borgo / Иль Борго;https://www.restoran.ru/msk/detailed/restaurants/il_borgo/
Il Forno / Иль Форно (Кутузовский пр.);https://www.restoran.ru/msk/detailed/restaurants/il_forno_il_forno_kutuzovskiy_pr_/
Il Forno / Иль Форно (Неглинная ул.);https://www.restoran.ru/msk/detailed/restaurants/il_forno_il_forno_neglinnaya_ul_/
Il Forno / Иль Форно (ул. Остоженка);https://www.restoran.ru/msk/detailed/restaurants/il_forno_il_forno_ul_ostozhenka/
IL LETTERATO / Иль Леттерато;https://www.restoran.ru/msk/detailed/restaurants/il-litterato/
IL LETTERATO / Иль Леттерато (Большая Дмитровка);https://www.restoran.ru/msk/detailed/restaurants/il-letterato-dmitrovka/
IL LETTERATO / Иль Леттерато (Китай-город);https://www.restoran.ru/msk/detailed/restaurants/il-letterato-kitay-gorod/
Il Rosso / Иль Россо;https://www.restoran.ru/msk/detailed/restaurants/il-rosso/
Italoniya / Италония;https://www.restoran.ru/msk/detailed/restaurants/italoniya/
Jamie`s Italian / Джеймис Италиан;https://www.restoran.ru/msk/detailed/restaurants/jamiesitalian/
Jimmy Li / Джимми Ли;https://www.restoran.ru/msk/detailed/restaurants/jimmy-li/
Jimmy Poy / Джимми Пой;https://www.restoran.ru/msk/detailed/restaurants/jimmypoy/
Johny Josper Pub / Джони Джоспер Паб;https://www.restoran.ru/msk/detailed/restaurants/johny-josper-pub/
KARAOKE LOUNGE VS;https://www.restoran.ru/msk/detailed/restaurants/vs/
Karaoke Pro;https://www.restoran.ru/msk/detailed/restaurants/karaoke-pro/
Karas / Карас;https://www.restoran.ru/msk/detailed/restaurants/karas/
Karl Balling / Карл Баллинг;https://www.restoran.ru/msk/detailed/restaurants/karl-balling/
Keanu / Киану;https://www.restoran.ru/msk/detailed/restaurants/keanu/
KIDO / КИDO;https://www.restoran.ru/msk/detailed/restaurants/kido/
Kislovsky / Кисловский;https://www.restoran.ru/msk/detailed/restaurants/kislovsky/
Koryo / Корё;https://www.restoran.ru/msk/detailed/restaurants/koryo/
Kulinarium / Кулинариум;https://www.restoran.ru/msk/detailed/restaurants/kulinarium/
Kultura Bar;https://www.restoran.ru/msk/detailed/restaurants/kultura-bar/
La Carta / Ла Карта;https://www.restoran.ru/msk/detailed/restaurants/la-carta/
La Club and Karaoke;https://www.restoran.ru/msk/detailed/restaurants/bratya-blyuz/
La Delizia / Ла Делиция;https://www.restoran.ru/msk/detailed/restaurants/la-delizia/
La Marée / Ла Маре (Жуковка);https://www.restoran.ru/msk/detailed/restaurants/lamaree_zhukovka/
La Marée / Ла Маре (на Малой Грузинской);https://www.restoran.ru/msk/detailed/restaurants/la_mare/
La Marée / Ла Маре (на Петровке);https://www.restoran.ru/msk/detailed/restaurants/la_maree_petrovka/
La Marée / Ла Маре (на Проточном);https://www.restoran.ru/msk/detailed/restaurants/lamaree_smolenka/
La Mela Verde / Ла Мела Верде;https://www.restoran.ru/msk/detailed/restaurants/la-mela-verde/
La Muzon / Ля Музон;https://www.restoran.ru/msk/detailed/restaurants/la-muzon/
La Princesse Choco / Ла Принцесса Чоко;https://www.restoran.ru/msk/detailed/restaurants/la_princesse_choco/
La Provincia / Ла Провинча;https://www.restoran.ru/msk/detailed/restaurants/Laprovincia/
La Scarpetta / Ла Скарпетта;https://www.restoran.ru/msk/detailed/restaurants/la-scarpetta/
La Taverna / Ла Таверна;https://www.restoran.ru/msk/detailed/restaurants/la_taverna/
LALALAND / ЛаЛаЛэнд;https://www.restoran.ru/msk/detailed/restaurants/lalaland/
Lamb Cook / Лэмб Кук;https://www.restoran.ru/msk/detailed/restaurants/lamb-cook/
Lampa / Лампа;https://www.restoran.ru/msk/detailed/restaurants/lampa/
LARAM / Ларам;https://www.restoran.ru/msk/detailed/restaurants/laram/
LARGO / ЛАРГО;https://www.restoran.ru/msk/detailed/restaurants/largo/
Law&Son / ЛовСон;https://www.restoran.ru/msk/detailed/restaurants/lawsons_bar/
Le Bar a Vin;https://www.restoran.ru/msk/detailed/restaurants/le-bar-a-vin/
Le Meilleur / Лё Милье;https://www.restoran.ru/msk/detailed/restaurants/le-meilleur/
Le Restaurant;https://www.restoran.ru/msk/detailed/restaurants/le_restaurant/
Lelo / Лело;https://www.restoran.ru/msk/detailed/restaurants/lelo/
Lemoncello;https://www.restoran.ru/msk/detailed/restaurants/lemoncello/
Leon / Леон, арт-кафе;https://www.restoran.ru/msk/detailed/restaurants/leon/
Leroy / Лерой;https://www.restoran.ru/msk/detailed/restaurants/leroy/
Les Ole / Лес Оле;https://www.restoran.ru/msk/detailed/restaurants/les-ole/
Levantine / Левантин;https://www.restoran.ru/msk/detailed/restaurants/levantine/
Liberty / Либерти;https://www.restoran.ru/msk/detailed/restaurants/liberty/
Light Touch / Лайт Тач;https://www.restoran.ru/msk/detailed/restaurants/light-touch/
Lights / Лайтс;https://www.restoran.ru/msk/detailed/restaurants/lights/
Limon Lounge;https://www.restoran.ru/msk/detailed/restaurants/limon-lounge/
Lion / Лион;https://www.restoran.ru/msk/detailed/restaurants/lion/
Lion's Head / Лайон'с Хэд;https://www.restoran.ru/msk/detailed/restaurants/lions_head/
Locals / Локалс;https://www.restoran.ru/msk/detailed/restaurants/locals/
Lock Stock / Лок Сток;https://www.restoran.ru/msk/detailed/restaurants/lock_stock/
Logovo;https://www.restoran.ru/msk/detailed/restaurants/logovo/
London / Лондон;https://www.restoran.ru/msk/detailed/restaurants/london/
Louis...Restaurant & Karaoke / Луи… Ресторан и Караоке;https://www.restoran.ru/msk/detailed/restaurants/louis/
Lounge Мята;https://www.restoran.ru/msk/detailed/restaurants/lounge-myata/
Lova Lova Multibar (ex. Follow me cafe);https://www.restoran.ru/msk/detailed/restaurants/followmecafe/
Loza cafe / Лоза кафе;https://www.restoran.ru/msk/detailed/restaurants/loza-kafe/
Lubeer / Любир;https://www.restoran.ru/msk/detailed/restaurants/lubeer/
Lustra Bar / Люстра бар;https://www.restoran.ru/msk/detailed/restaurants/lyustra-bar/
LuSun / ЛуСюнь;https://www.restoran.ru/msk/detailed/restaurants/lusun-profsoyuznaya/
LyabiHouse / ЛябиХауз;https://www.restoran.ru/msk/detailed/restaurants/lyabikhauz/
M City (ex. Флориан);https://www.restoran.ru/msk/detailed/restaurants/florian_cafe/
M-10;https://www.restoran.ru/msk/detailed/restaurants/m-10/
Madison Restaurant & Club;https://www.restoran.ru/msk/detailed/restaurants/madison/
Makoto / Макото;https://www.restoran.ru/msk/detailed/restaurants/makoto/
Malibu / Малибу;https://www.restoran.ru/msk/detailed/restaurants/malibu/
Mamoonia / Мамуния на Таганке, кальян-клуб;https://www.restoran.ru/msk/detailed/restaurants/mamoonia_na_taganke/
Manana / Манана;https://www.restoran.ru/msk/detailed/restaurants/manana/
Manana / Манана;https://www.restoran.ru/msk/detailed/restaurants/manana-vavilova/
Mano / Мано;https://www.restoran.ru/msk/detailed/restaurants/mano/
Marani / Марани;https://www.restoran.ru/msk/detailed/restaurants/marani/
Marco Polo Presnja / Марко Поло Пресня;https://www.restoran.ru/msk/detailed/restaurants/marcopolo_presnja/
Marian Hall / Мэриан Холл;https://www.restoran.ru/msk/detailed/restaurants/marian_hall/
Marrakesh lounge / Марракеш;https://www.restoran.ru/msk/detailed/restaurants/marrakesh-lounge/
Maska / Маска;https://www.restoran.ru/msk/detailed/restaurants/maskafili/
Maska / Маска;https://www.restoran.ru/msk/detailed/restaurants/maska/
Maskva Lounge;https://www.restoran.ru/msk/detailed/restaurants/myata-platinum/
Maskva Lounge / Масква Лаунж;https://www.restoran.ru/msk/detailed/restaurants/maskva-lounge/
Masters & Margaritas (1-я Тверская-Ямская);https://www.restoran.ru/msk/detailed/restaurants/masters-margaritas-tverskaya/
Masters & Margaritas (Пятницкая);https://www.restoran.ru/msk/detailed/restaurants/masters-margaritas/
Mavi / Мави;https://www.restoran.ru/msk/detailed/restaurants/cafemavi/
Max's Beef For Money;https://www.restoran.ru/msk/detailed/restaurants/maxs-beef-for-money/
Maxima Pizza / Максима Пицца;https://www.restoran.ru/msk/detailed/restaurants/maxima-pizza/
MC Traders / МС Трейдерс;https://www.restoran.ru/msk/detailed/restaurants/mc-traders/
Meat&Fish / Мясо&Рыба;https://www.restoran.ru/msk/detailed/restaurants/meat-ryba/
Meat&More / Мит энд Мо;https://www.restoran.ru/msk/detailed/restaurants/meat-more/
MimoNot / МимоНот;https://www.restoran.ru/msk/detailed/restaurants/mimonot/
Miraclub / Мираклаб;https://www.restoran.ru/msk/detailed/restaurants/miraclub/
Molly Gwynn's / Молли Гвиннз;https://www.restoran.ru/msk/detailed/restaurants/molly-gwynns/
Molon Lave / Молон Лаве;https://www.restoran.ru/msk/detailed/restaurants/molon_lave/
Monte Resort Крекшино;https://www.restoran.ru/msk/detailed/restaurants/art-palazzo/
Monterosso / Монтероссо;https://www.restoran.ru/msk/detailed/restaurants/monterosso/
Moon в Красногорске;https://www.restoran.ru/msk/detailed/restaurants/moon/
Mr Sushini / Мистер Сушини;https://www.restoran.ru/msk/detailed/restaurants/mr_sushini/
Mr. Help & Friends / Мистер Хэлп энд Френдс;https://www.restoran.ru/msk/detailed/restaurants/Helpbar/
Mr. Ливанец;https://www.restoran.ru/msk/detailed/restaurants/MrLivanets/
MTI-ELI / МТИ-ЕЛИ;https://www.restoran.ru/msk/detailed/restaurants/mti-eli/
Mul In Rouge / Мул Ин Руж;https://www.restoran.ru/msk/detailed/restaurants/mul-in-rouge/
Mushrooms / Машрумз;https://www.restoran.ru/msk/detailed/restaurants/mushrooms/
Mziuri / Мзиури;https://www.restoran.ru/msk/detailed/restaurants/mziuri/
Nagasaki / Нагасаки;https://www.restoran.ru/msk/detailed/restaurants/nagasaki/
NAR на Арбате;https://www.restoran.ru/msk/detailed/restaurants/nar/
Native Speakers Cafe / Нэйтив спикерс кафе;https://www.restoran.ru/msk/detailed/restaurants/native-speakers-cafe/
Navarro’s bar and grill / Наварро’с бар и гриль;https://www.restoran.ru/msk/detailed/restaurants/navarros-bar-and-grill/
NelBosco;https://www.restoran.ru/msk/detailed/restaurants/nelbosco/
Neon Monkey / Неон Манки;https://www.restoran.ru/msk/detailed/restaurants/neon-monkey/
Nobu Crocus City / Нобу Крокус Сити;https://www.restoran.ru/msk/detailed/restaurants/nobu-crocus-city/
Nobu Moscow / Нобу Москва;https://www.restoran.ru/msk/detailed/restaurants/nobu-moscow/
Noosh / Нуш;https://www.restoran.ru/msk/detailed/restaurants/noosh/
Nu-Art / Ню-Арт;https://www.restoran.ru/msk/detailed/restaurants/nu_art/
O’Connell’s Pub / О’Коннелл’с Паб;https://www.restoran.ru/msk/detailed/restaurants/oconnells-pub/
O’Donoghue’s / Одонохьюз;https://www.restoran.ru/msk/detailed/restaurants/odonoghues/
OBLAKA;https://www.restoran.ru/msk/detailed/restaurants/oblaka/
Oliva / Олива;https://www.restoran.ru/msk/detailed/restaurants/oliva/
ONSTAGE / Онстейдж;https://www.restoran.ru/msk/detailed/restaurants/onstage/
Onyx Bar / Оникс Бар;https://www.restoran.ru/msk/detailed/restaurants/onyx-bar/
Oriental Cocktail Bar / Ориентал Коктейл Бар;https://www.restoran.ru/msk/detailed/restaurants/oriental-cocktail-bar/
Osteria Alberobello / Остерия Альберобелло;https://www.restoran.ru/msk/detailed/restaurants/osteria-alberobello/
Osteria Amici;https://www.restoran.ru/msk/detailed/restaurants/osteria-amici/
Osteria della piazza Bianca / Остерия Бьянка;https://www.restoran.ru/msk/detailed/restaurants/osteriabianca/
Osteria Mario / Остерия Марио (ТРК VEGAS Кунцево);https://www.restoran.ru/msk/detailed/restaurants/osteriya-mario-trk-vegas-kuntsevo/
Osteria Mario / Остерия Марио (БЦ «Академик»);https://www.restoran.ru/msk/detailed/restaurants/osteria-mario-akademik/
Osteria Mario / Остерия Марио (Земляной Вал);https://www.restoran.ru/msk/detailed/restaurants/osteria-mario-na-zemlyanom-valu/
Osteria Mario / Остерия Марио (Охотный ряд);https://www.restoran.ru/msk/detailed/restaurants/osteria_mario_ohotnyy_ryad/
Osteria Mario / Остерия Марио (Сокол);https://www.restoran.ru/msk/detailed/restaurants/osteria_mario/
Osteria Mario / Остерия Марио (ТРЦ «Метрополис»);https://www.restoran.ru/msk/detailed/restaurants/osteriya-mario-metropolis/
Osteria Mario / Остерия Марио (ТРЦ Саларис);https://www.restoran.ru/msk/detailed/restaurants/osteria-mario-salaris/
Osteria Mario / Остерия Марио (ЦДМ на Лубянке);https://www.restoran.ru/msk/detailed/restaurants/osteriya-mario-tsdm-na-lubyanke/
Oxus / Оксус;https://www.restoran.ru/msk/detailed/restaurants/oxus/
Pa Paella / Па Паэлья;https://www.restoran.ru/msk/detailed/restaurants/pa-paella/
Palazzo Ducale / Палаццо Дукале;https://www.restoran.ru/msk/detailed/restaurants/palazzo_ducale/
ParkPlace / Парк Плейс;https://www.restoran.ru/msk/detailed/restaurants/parkplace/
Pasticceria Bruno Marino;https://www.restoran.ru/msk/detailed/restaurants/pasticceria-bruno-marino/
Pauwel Kwak Pub / Пауэл Квак Паб;https://www.restoran.ru/msk/detailed/restaurants/pauwel-kwak-pub/
Perfect / Перфект;https://www.restoran.ru/msk/detailed/restaurants/perfect/
Pergament / Пергамент;https://www.restoran.ru/msk/detailed/restaurants/pergament/
Pescatore / Пескаторе;https://www.restoran.ru/msk/detailed/restaurants/pescatore/
Pinzeria by Bontempi / Пинцерия Бонтемпи;https://www.restoran.ru/msk/detailed/restaurants/pinzeria/
Pinzeria by Bontempi / Пинцерия Бонтемпи (Шлюзовая);https://www.restoran.ru/msk/detailed/restaurants/pinzeria-bontempi/
Pivzavod 77 / Пивзавод 77;https://www.restoran.ru/msk/detailed/restaurants/pivzavod-77/
Pizza Romana / Пицца Романа;https://www.restoran.ru/msk/detailed/restaurants/pizza_romanaa/
Pizza Si / Пицца Си;https://www.restoran.ru/msk/detailed/restaurants/pizza-si/
Plov Project;https://www.restoran.ru/msk/detailed/restaurants/plov-project/
Point Rouge / Поинт Руж;https://www.restoran.ru/msk/detailed/restaurants/point_rouge/
Polygon / Полигон;https://www.restoran.ru/msk/detailed/restaurants/polygon/
Porto Maltese / Порто Мальтезе (ул. Правды);https://www.restoran.ru/msk/detailed/restaurants/porto_malteze_pravdy/
PRESNYA BRASSERIE / ПРЕСНЯ БРАССЕРИЯ;https://www.restoran.ru/msk/detailed/restaurants/presnya-brasseriya/
Prime Times (ex. О Кино);https://www.restoran.ru/msk/detailed/restaurants/okino/
Prince / Принц;https://www.restoran.ru/msk/detailed/restaurants/prince-rest/
Pub 885 / Паб 885;https://www.restoran.ru/msk/detailed/restaurants/pub-885/
Public Cafe / Паблик Кафе;https://www.restoran.ru/msk/detailed/restaurants/public-cafe/
Puerto Madero / Пуэрто Мадеро, гриль-бар;https://www.restoran.ru/msk/detailed/restaurants/puerto-madero/
Qartuli / Картули;https://www.restoran.ru/msk/detailed/restaurants/qartuli/
Ra’men / Рамен;https://www.restoran.ru/msk/detailed/restaurants/ramen/
Rafale bar&kitchen;https://www.restoran.ru/msk/detailed/restaurants/rafale/
Ramen-club / Рамен-клаб;https://www.restoran.ru/msk/detailed/restaurants/ramen-club/
Real Food ГРИЛЬ / Риал Фуд ГРИЛЬ / RFR ГРИЛЬ;https://www.restoran.ru/msk/detailed/restaurants/crowneplaza/
Red Cat Pub / Рэд Кэт Паб;https://www.restoran.ru/msk/detailed/restaurants/red-cat-pub/
Red Finch Hall / Ред Финч Холл;https://www.restoran.ru/msk/detailed/restaurants/red-finch-hall/
Relax / Релакс;https://www.restoran.ru/msk/detailed/restaurants/relaks/
Restaurant & Bar XVII / Ресторан & бар XVII;https://www.restoran.ru/msk/detailed/restaurants/restaurant-bar-xvii/
REZOLUTE;https://www.restoran.ru/msk/detailed/restaurants/rezolute/
Rick's;https://www.restoran.ru/msk/detailed/restaurants/ricks/
River Club Moscow / Ривер клаб;https://www.restoran.ru/msk/detailed/restaurants/river-club-moscow/
Rock House / Рок Хаус;https://www.restoran.ru/msk/detailed/restaurants/rock_house/
Rombus Cafe & Bar / Ромбус Кафе и Бар;https://www.restoran.ru/msk/detailed/restaurants/rombus-cafe-bar/
Rose bar / Роуз бар (Крокус Сити Молл);https://www.restoran.ru/msk/detailed/restaurants/rose_bar_krokus_siti_moll/
Royal / Ройал;https://www.restoran.ru/msk/detailed/restaurants/royal-bar/
Ruski;https://www.restoran.ru/msk/detailed/restaurants/ruski/
Russian Wine Bar&Shop;https://www.restoran.ru/msk/detailed/restaurants/russian-wine-bar/
SAAMO / СААМО на Первомайской;https://www.restoran.ru/msk/detailed/restaurants/saamo_na_pervomayskoy/
Sabor de la Vida / Сабор де ла Вида;https://www.restoran.ru/msk/detailed/restaurants/sabordelavida/
Samarkand / Самарканд;https://www.restoran.ru/msk/detailed/restaurants/samarkandrest/
Sansar / Сансар;https://www.restoran.ru/msk/detailed/restaurants/sansar/
Santini / СанТини;https://www.restoran.ru/msk/detailed/restaurants/santini/
Sayat Nova / Саят-Нова;https://www.restoran.ru/msk/detailed/restaurants/sayat-nova/
Secret Garden;https://www.restoran.ru/msk/detailed/restaurants/secret-garden/
Select / Селект;https://www.restoran.ru/msk/detailed/restaurants/select/
Semenov / Семенов;https://www.restoran.ru/msk/detailed/restaurants/semenov/
Semenov / Семенов (Столешников пер.);https://www.restoran.ru/msk/detailed/restaurants/semenov-stoleshnikov/
Semplice Trattoria / Семпличе Траттория (Мытная ул.);https://www.restoran.ru/msk/detailed/restaurants/semplice-mytnaya/
Semplice Траттория / Семпличе (ул. Чаплыгина);https://www.restoran.ru/msk/detailed/restaurants/semplice/
Shantimele / Шантимэль;https://www.restoran.ru/msk/detailed/restaurants/shantimele-shantimel/
Shardon;https://www.restoran.ru/msk/detailed/restaurants/karaoke-shardon/
Shooga / Шуга;https://www.restoran.ru/msk/detailed/restaurants/shooga_cafe/
Shu-Shu / Шу-Шу;https://www.restoran.ru/msk/detailed/restaurants/shu-shu/
Single;https://www.restoran.ru/msk/detailed/restaurants/single/
Sixties / Сикстис;https://www.restoran.ru/msk/detailed/restaurants/sixties/
SK Royal / СК Роял;https://www.restoran.ru/msk/detailed/restaurants/sk-royal/
Smakunoff / Смакунов;https://www.restoran.ru/msk/detailed/restaurants/smakunoff/
Smile / Смайл, арт-кафе;https://www.restoran.ru/msk/detailed/restaurants/smile/
Sofia Café & Wine Bar;https://www.restoran.ru/msk/detailed/restaurants/sofia-cafe/
Solo / Соло;https://www.restoran.ru/msk/detailed/restaurants/solo-karaoke/
Soluxe Club / Солюкс Клаб;https://www.restoran.ru/msk/detailed/restaurants/soluxeclub/
Space Owl;https://www.restoran.ru/msk/detailed/restaurants/space-owl/
Square B B / Сквеа би би;https://www.restoran.ru/msk/detailed/restaurants/square-bb/
Stone Crab / Стоун Краб;https://www.restoran.ru/msk/detailed/restaurants/stone-crab/
Stories / Сториз;https://www.restoran.ru/msk/detailed/restaurants/stories/
Strip & Go / Стрип & Гоу;https://www.restoran.ru/msk/detailed/restaurants/strip_andgo/
Studio 46 / СТУДИО 46;https://www.restoran.ru/msk/detailed/restaurants/studio46/
Sun&Moon / Санмун;https://www.restoran.ru/msk/detailed/restaurants/sun-moon/
TAJJ MAHAL / Тадж Махал (Новый Арбат);https://www.restoran.ru/msk/detailed/restaurants/tajjmahal/
TAJJ MAHAL / Тадж Махал (Профсоюзная);https://www.restoran.ru/msk/detailed/restaurants/tadzh_makhal/
TartuFo / ТартуФо;https://www.restoran.ru/msk/detailed/restaurants/tartufo/
Taste;https://www.restoran.ru/msk/detailed/restaurants/taste/
Tasty Joys;https://www.restoran.ru/msk/detailed/restaurants/tasty-joys/
Taverna Fili House / Таверна Фили Хаус;https://www.restoran.ru/msk/detailed/restaurants/taverna-fili-house/
Temple Bar / Темпл Бар (Бауманская);https://www.restoran.ru/msk/detailed/restaurants/temple-bar-baumanskaya/
Temple Bar / Темпл Бар (Измайловская);https://www.restoran.ru/msk/detailed/restaurants/temple-bar-izmaylovskaya/
The Boss Cafe;https://www.restoran.ru/msk/detailed/restaurants/boss-cafe/
The Rooms / Зе Румс;https://www.restoran.ru/msk/detailed/restaurants/therooms/
The Tipsy / Типси;https://www.restoran.ru/msk/detailed/restaurants/tipsy/
The МОРЕ;https://www.restoran.ru/msk/detailed/restaurants/the-more/
The Сад / Зе Сад;https://www.restoran.ru/msk/detailed/restaurants/the_sad/
Tiflis / Тифлисский дворик;https://www.restoran.ru/msk/detailed/restaurants/tiflis/
Tiki-bar / Тики-бар;https://www.restoran.ru/msk/detailed/restaurants/tiki-bar/
Tonkin / Тонкин;https://www.restoran.ru/msk/detailed/restaurants/tonkin/
Touch Chef’s place & Bar;https://www.restoran.ru/msk/detailed/restaurants/touch-moscow/
Touche’ / Туше;https://www.restoran.ru/msk/detailed/restaurants/touche/
Trapeza / Трапеза;https://www.restoran.ru/msk/detailed/restaurants/trapeza-moskovskaya/
Tulum / Тулум;https://www.restoran.ru/msk/detailed/restaurants/tulum/
Turandot / Турандот;https://www.restoran.ru/msk/detailed/restaurants/turandot/
Tuscany courtyard / Таскания кордъярд;https://www.restoran.ru/msk/detailed/restaurants/tuscany-courtyard/
UndrBar / АндрБар;https://www.restoran.ru/msk/detailed/restaurants/undrbar/
Valdo Prosecco bar;https://www.restoran.ru/msk/detailed/restaurants/classica-bar/
Valenok / Валенок;https://www.restoran.ru/msk/detailed/restaurants/valenok/
Vera Park / Вера Парк;https://www.restoran.ru/msk/detailed/restaurants/verapark/
Verdi / Верди;https://www.restoran.ru/msk/detailed/restaurants/verdi/
Villa Dadiani / Вилла Дадиани;https://www.restoran.ru/msk/detailed/restaurants/villa-dadiani/
Villa Pasta / Вилла Паста (Большая Дмитровка);https://www.restoran.ru/msk/detailed/restaurants/villa-pasta-bolshaya-dmitrovka/
Villa Pasta / Вилла Паста (Пятницкая);https://www.restoran.ru/msk/detailed/restaurants/villa-pasta/
Villa Politica / Вилла Политика;https://www.restoran.ru/msk/detailed/restaurants/villa-politica/
Villaggio / Виладжио;https://www.restoran.ru/msk/detailed/restaurants/villaggio/
VinoVicino / ВиноВичино;https://www.restoran.ru/msk/detailed/restaurants/rodnye-lyudi/
VINТАЖ 77;https://www.restoran.ru/msk/detailed/restaurants/vintage-77/
Vision;https://www.restoran.ru/msk/detailed/restaurants/vision/
Vitello / Вителло;https://www.restoran.ru/msk/detailed/restaurants/vitello/
Whisky Rooms / Виски Румс;https://www.restoran.ru/msk/detailed/restaurants/whisky-rooms/
White Hall / Вайт Холл;https://www.restoran.ru/msk/detailed/restaurants/whitehall/
Wild Tony craft pub / Вайлд Тони крафт паб;https://www.restoran.ru/msk/detailed/restaurants/wild-tony-craft-pub/
Wine not?;https://www.restoran.ru/msk/detailed/restaurants/wine-not/
Winil Restaurant & Wine Bar / Винил;https://www.restoran.ru/msk/detailed/restaurants/winil/
Yan Primus / Ян Примус (Осенний бульвар);https://www.restoran.ru/msk/detailed/restaurants/yan-primus-osenniy-bulvar/
Yan Primus / Ян Примус (пр. Вернадского);https://www.restoran.ru/msk/detailed/restaurants/yan-primus-vernadskogo/
Yan Primus / Ян Примус (Свиблово);https://www.restoran.ru/msk/detailed/restaurants/yan-primus-sviblovo/
Yan Primus / Ян Примус (Спартаковская ул.);https://www.restoran.ru/msk/detailed/restaurants/yan-primus-spartakovskaya/
Yoko / Йоко (Новый Арбат);https://www.restoran.ru/msk/detailed/restaurants/yoko_arbat/
Yoko / Йоко (Соймоновский проезд);https://www.restoran.ru/msk/detailed/restaurants/yoko/
YURA;https://www.restoran.ru/msk/detailed/restaurants/yura/
ZAGORAMI / Загорами;https://www.restoran.ru/msk/detailed/restaurants/za-gorami/
Zodiac / Зодиак;https://www.restoran.ru/msk/detailed/restaurants/zodiac/
Абица;https://www.restoran.ru/msk/detailed/restaurants/karavaytseff/
Абрамовъ;https://www.restoran.ru/msk/detailed/restaurants/abramov/
Авлабар;https://www.restoran.ru/msk/detailed/restaurants/avlabar/
Азербайджан;https://www.restoran.ru/msk/detailed/restaurants/azerbaydjan/
Айдабаран;https://www.restoran.ru/msk/detailed/restaurants/aidabaran/
Аквариум;https://www.restoran.ru/msk/detailed/restaurants/akvarium/
Александровский зал / Фа-соль-ка Кафе;https://www.restoran.ru/msk/detailed/restaurants/aleksandrovskiy_zal/
Александръ, загородный клуб;https://www.restoran.ru/msk/detailed/restaurants/zagorodnyy-klub-aleksandr/
Аляска;https://www.restoran.ru/msk/detailed/restaurants/alyaska-bar/
Амбассадория;https://www.restoran.ru/msk/detailed/restaurants/blue-bear/
Аморет;https://www.restoran.ru/msk/detailed/restaurants/amoret/
Анджело;https://www.restoran.ru/msk/detailed/restaurants/angelo/
Анненфельд;https://www.restoran.ru/msk/detailed/restaurants/annenfeld/
Араратская долина;https://www.restoran.ru/msk/detailed/restaurants/araratskaya-dolina/
Арго;https://www.restoran.ru/msk/detailed/restaurants/zolotoe-runo/
Ароматная река;https://www.restoran.ru/msk/detailed/restaurants/aromatnaya_reka/
Арт-кафе Рояль;https://www.restoran.ru/msk/detailed/restaurants/art-kafe-royal/
Артурс теплоход;https://www.restoran.ru/msk/detailed/restaurants/arturs/
Архитектор;https://www.restoran.ru/msk/detailed/restaurants/architector/
Атлас Парк отель;https://www.restoran.ru/msk/detailed/restaurants/atlas-park-otel/
Ахтамар;https://www.restoran.ru/msk/detailed/restaurants/akhtamar/
Ача-Чача;https://www.restoran.ru/msk/detailed/restaurants/acha_chacha/
Б-12;https://www.restoran.ru/msk/detailed/restaurants/b12/
Баба Марта;https://www.restoran.ru/msk/detailed/restaurants/babamarta/
Бакинская жемчужина;https://www.restoran.ru/msk/detailed/restaurants/bakinskaya_zhemchuzhina/
Бакинский рай;https://www.restoran.ru/msk/detailed/restaurants/bakinskiy-ray/
Баклажан;https://www.restoran.ru/msk/detailed/restaurants/baklazhan/
Баловень С;https://www.restoran.ru/msk/detailed/restaurants/baloven-c/
БанкетХолл Дом приёмов и торжеств ИМПЕРИЯ;https://www.restoran.ru/msk/detailed/restaurants/imperiya_banketholl/
Бар Штаб;https://www.restoran.ru/msk/detailed/restaurants/shtab/
Барвиха Lounge;https://www.restoran.ru/msk/detailed/restaurants/barvikha-lounge/
Баскюль;https://www.restoran.ru/msk/detailed/restaurants/baskyul/
Баттерфлай;https://www.restoran.ru/msk/detailed/restaurants/cafebutterfly/
Бахтриони;https://www.restoran.ru/msk/detailed/restaurants/baxtrioni/
Беби Джоли;https://www.restoran.ru/msk/detailed/restaurants/bebijoli/
Беловъ;https://www.restoran.ru/msk/detailed/restaurants/star-craft-kitchen-bar/
Белое золото;https://www.restoran.ru/msk/detailed/restaurants/beloe_zoloto/
Белый;https://www.restoran.ru/msk/detailed/restaurants/white/
Белый налив;https://www.restoran.ru/msk/detailed/restaurants/belyy_naliv/
БигБэнг by Френдс;https://www.restoran.ru/msk/detailed/restaurants/big-bang/
Бирхен;https://www.restoran.ru/msk/detailed/restaurants/birkhen/
Биф&Строганофф;https://www.restoran.ru/msk/detailed/restaurants/bif-stroganoff/
Блан де Блан;https://www.restoran.ru/msk/detailed/restaurants/blan_de_blan/
Бокас Дель Торо;https://www.restoran.ru/msk/detailed/restaurants/bokas_del_toro/
БониМария;https://www.restoran.ru/msk/detailed/restaurants/bonimariya/
Борго;https://www.restoran.ru/msk/detailed/restaurants/borgo/
Борисовский;https://www.restoran.ru/msk/detailed/restaurants/borisovskiy/
Босфор;https://www.restoran.ru/msk/detailed/restaurants/bosfor/
Ботик Петра (ул. Вавилова);https://www.restoran.ru/msk/detailed/restaurants/botik-petra-vavilova/
Бочка;https://www.restoran.ru/msk/detailed/restaurants/botchka/
БОЭМИ;https://www.restoran.ru/msk/detailed/restaurants/boemi/
Будапешт, гостиничный комплекс;https://www.restoran.ru/msk/detailed/restaurants/budapesht/
Буйабес;https://www.restoran.ru/msk/detailed/restaurants/buyabes/
Букинист;https://www.restoran.ru/msk/detailed/restaurants/bukinist/
Бульвар;https://www.restoran.ru/msk/detailed/restaurants/bul_var/
Бульвар «Шашлык Сити»;https://www.restoran.ru/msk/detailed/restaurants/bulvar-shashlyk-siti/
Бутербродус;https://www.restoran.ru/msk/detailed/restaurants/buterbrodus/
Бутик-Отель Мона;https://www.restoran.ru/msk/detailed/restaurants/butik-otel-mona/
Буфет;https://www.restoran.ru/msk/detailed/restaurants/bufet/
В окошках;https://www.restoran.ru/msk/detailed/restaurants/v-okoshkakh/
Ванильное небо;https://www.restoran.ru/msk/detailed/restaurants/vanilnoenebo/
Вардзия;https://www.restoran.ru/msk/detailed/restaurants/vardzia/
Вареничная №1 (Климентовский пер.);https://www.restoran.ru/msk/detailed/restaurants/varenichnaya1-klimentovskiy/
Вареничная №1 (Кожевническая ул.);https://www.restoran.ru/msk/detailed/restaurants/varenichnaya1-kozhevnicheskaya/
Вареничная №1 (Комсомольская);https://www.restoran.ru/msk/detailed/restaurants/varenichnaya-1-komsomolskaya/
Вареничная №1 (Никольская ул.);https://www.restoran.ru/msk/detailed/restaurants/varenichnaya1-nikolskaya/
Вареничная №1 (Новый Арбат);https://www.restoran.ru/msk/detailed/restaurants/varenichnaya1-novyy-arbat/
Вареничная №1 (Тверская);https://www.restoran.ru/msk/detailed/restaurants/varenichnaya1-tverskaya/
Вареничная №1 (Театральная);https://www.restoran.ru/msk/detailed/restaurants/varenichnaya1-teatralnaya/
Вареничная №1 (ул. Сретенка);https://www.restoran.ru/msk/detailed/restaurants/varenichnaya1-sretenka/
ВеГАС;https://www.restoran.ru/msk/detailed/restaurants/vegas/
Веранда;https://www.restoran.ru/msk/detailed/restaurants/verandarest/
Весна;https://www.restoran.ru/msk/detailed/restaurants/vesna-karaoke/
Ветерок;https://www.restoran.ru/msk/detailed/restaurants/veterok/
Вечера на хуторе. Корчма;https://www.restoran.ru/msk/detailed/restaurants/vechera_na_khutore_korchma/
Вилла Тифлис;https://www.restoran.ru/msk/detailed/restaurants/villa-tiflis/
Винный базар StrEat;https://www.restoran.ru/msk/detailed/restaurants/vinnyy-bazar-streat/
Винный базар на Комсомольском;https://www.restoran.ru/msk/detailed/restaurants/vinnyy-bazar-na-komsomolskom/
Винный базар на Никитском;https://www.restoran.ru/msk/detailed/restaurants/vinnyy-bazar-na-nikitskom/
Винный базар на Петровском;https://www.restoran.ru/msk/detailed/restaurants/vinnyy-bazar-na-petrovskom/
Винный базар на Садовой;https://www.restoran.ru/msk/detailed/restaurants/vinnyy-bazar-na-sadovoy/
Виновники;https://www.restoran.ru/msk/detailed/restaurants/vinovniki/
Виноградная косточка;https://www.restoran.ru/msk/detailed/restaurants/vinogradnaya-kostochka/
Виноградник;https://www.restoran.ru/msk/detailed/restaurants/restoranvinograd/
Вишнёвый сад;https://www.restoran.ru/msk/detailed/restaurants/vishnyevyy-sad/
Вкус Востока;https://www.restoran.ru/msk/detailed/restaurants/vkys-vostoka/
Вкус Грузии;https://www.restoran.ru/msk/detailed/restaurants/hinkalnaya_na_sushchevke/
Водопад;https://www.restoran.ru/msk/detailed/restaurants/waterfall/
Воробьевы горы;https://www.restoran.ru/msk/detailed/restaurants/vorobevy-gory/
Восточный квартал;https://www.restoran.ru/msk/detailed/restaurants/vostochnyy_kvartal/
Вояж (Рязанский пр.);https://www.restoran.ru/msk/detailed/restaurants/voyazh-ryazanskiy/
Времена года в Парке Горького;https://www.restoran.ru/msk/detailed/restaurants/vremena-goda_park_gorkogo/
Гавана;https://www.restoran.ru/msk/detailed/restaurants/varadero/
Галактика 2.0;https://www.restoran.ru/msk/detailed/restaurants/galaktika-2-0/
Галерея food;https://www.restoran.ru/msk/detailed/restaurants/galereya-food/
Ганга;https://www.restoran.ru/msk/detailed/restaurants/ganga/
Генацвале (Лермонтовский пр.);https://www.restoran.ru/msk/detailed/restaurants/genatsvale-lermontovskiy/
Генацвале VIP;https://www.restoran.ru/msk/detailed/restaurants/genatsvale-vip/
Генацвале на Арбате;https://www.restoran.ru/msk/detailed/restaurants/genatsvale_arbat/
Герои;https://www.restoran.ru/msk/detailed/restaurants/bar-geroi/
Гивисациви (ex. Мята);https://www.restoran.ru/msk/detailed/restaurants/myata/
ГОВЯDИНА;https://www.restoran.ru/msk/detailed/restaurants/govyadina/
Гоголь-Моголь;https://www.restoran.ru/msk/detailed/restaurants/gogol-mogol/
Готика на Ангарской;https://www.restoran.ru/msk/detailed/restaurants/gotika-na-angarskoy/
Грабли Foodbar Арбат;https://www.restoran.ru/msk/detailed/restaurants/grabli/
Гранат Black;https://www.restoran.ru/msk/detailed/restaurants/granatovyy-sad1/
Гранат Gold;https://www.restoran.ru/msk/detailed/restaurants/granat-gold/
Гранатовый сад;https://www.restoran.ru/msk/detailed/restaurants/granatovyy_sad/
Гранатовый сад;https://www.restoran.ru/msk/detailed/restaurants/granatovyy-sad-ramenki/
Гранатовый сад (Поречная ул.);https://www.restoran.ru/msk/detailed/restaurants/granatovyy-sad-porechnaya/
Гранд Виктория;https://www.restoran.ru/msk/detailed/restaurants/grandvictoria/
Гранд Кафе «12»;https://www.restoran.ru/msk/detailed/restaurants/grand-kafe-12/
Гранд Урюк Мытищи;https://www.restoran.ru/msk/detailed/restaurants/grand-uryuk-mytishchi/
Гранели (ex. Салхино);https://www.restoran.ru/msk/detailed/restaurants/salhino/
Гренка;https://www.restoran.ru/msk/detailed/restaurants/grenka/
Грузинские каникулы;https://www.restoran.ru/msk/detailed/restaurants/gruzinskie-kanikuly/
Гурман;https://www.restoran.ru/msk/detailed/restaurants/gurman-sovkhoznaya/
Гуси-Лебеди;https://www.restoran.ru/msk/detailed/restaurants/gusi-lebedi/
Гусятникоff;https://www.restoran.ru/msk/detailed/restaurants/gusyatnikoff/
Д'Кафе;https://www.restoran.ru/msk/detailed/restaurants/d-kafe/
Де Марко (Ленинский пр.);https://www.restoran.ru/msk/detailed/restaurants/de_marco_leninskiy/
Де Марко (Маяковская);https://www.restoran.ru/msk/detailed/restaurants/de_marco2/
Де Марко (Смоленская);https://www.restoran.ru/msk/detailed/restaurants/de_marko_smolenskaya_sennaya_pl_/
Дежа Вю;https://www.restoran.ru/msk/detailed/restaurants/deja_vu/
Джем;https://www.restoran.ru/msk/detailed/restaurants/kalinka_jam/
Добрые люди;https://www.restoran.ru/msk/detailed/restaurants/dobrye-lyudi/
Добрыня;https://www.restoran.ru/msk/detailed/restaurants/dobrynya/
Доктор на крыше;https://www.restoran.ru/msk/detailed/restaurants/doctor-on-the-roof/
Долмама;https://www.restoran.ru/msk/detailed/restaurants/dolmama/
Дом 8А;https://www.restoran.ru/msk/detailed/restaurants/dom8a/
Дом актера;https://www.restoran.ru/msk/detailed/restaurants/dom_aktera/
Дом Макарон;https://www.restoran.ru/msk/detailed/restaurants/dom_makaron/
Домашний уют у Раша;https://www.restoran.ru/msk/detailed/restaurants/domashniy-uyut-u-rasha/
Домик в саду;https://www.restoran.ru/msk/detailed/restaurants/domik-v-sadu/
Донна Маргарита;https://www.restoran.ru/msk/detailed/restaurants/donna_margo/
Допинг;https://www.restoran.ru/msk/detailed/restaurants/doping_rest/
Друзья;https://www.restoran.ru/msk/detailed/restaurants/druzya/
Дудук;https://www.restoran.ru/msk/detailed/restaurants/duduk/
Духанъ Алаверды;https://www.restoran.ru/msk/detailed/restaurants/alaverdy/
Дхаба;https://www.restoran.ru/msk/detailed/restaurants/dhaba/
Елизавета / Михаил Сеспель / Организатор;https://www.restoran.ru/msk/detailed/restaurants/teplokhody_elizaveta_mikhail_sespel_organizator/
Ермак;https://www.restoran.ru/msk/detailed/restaurants/ermak/
Жара;https://www.restoran.ru/msk/detailed/restaurants/zhara/
Жарим-Парим;https://www.restoran.ru/msk/detailed/restaurants/zharim-parim/
Жасмин;https://www.restoran.ru/msk/detailed/restaurants/jasmin/
Жи Есть;https://www.restoran.ru/msk/detailed/restaurants/jiest/
Журавли;https://www.restoran.ru/msk/detailed/restaurants/zhuravli/
Загородный;https://www.restoran.ru/msk/detailed/restaurants/zagorodny/
Зарайский дворик;https://www.restoran.ru/msk/detailed/restaurants/zarayskiy-dvorik/
Зелёная собака;https://www.restoran.ru/msk/detailed/restaurants/zelyenaya-sobaka/
Зеленый мыс;https://www.restoran.ru/msk/detailed/restaurants/zelenyy-mys/
Золберг Паб & Клуб;https://www.restoran.ru/msk/detailed/restaurants/zolberg/
Золотая Бухара;https://www.restoran.ru/msk/detailed/restaurants/zolotaya_bukhara/
Золотая вобла (Марксистская);https://www.restoran.ru/msk/detailed/restaurants/zolotaya-vobla-marksistskaya/
Золотая вобла (Покровка);https://www.restoran.ru/msk/detailed/restaurants/zolotaya-vobla-pokrovka/
Золотая вобла (Сокольники);https://www.restoran.ru/msk/detailed/restaurants/zolotaya-vobla-sokolniki/
Золотая вобла (Сущевский вал);https://www.restoran.ru/msk/detailed/restaurants/zolotaya-vobla-sushchevskiy/
Золотые пруды (ex. Цзиньтан);https://www.restoran.ru/msk/detailed/restaurants/tszintan/
Иверия;https://www.restoran.ru/msk/detailed/restaurants/iveriya/
Измайловский;https://www.restoran.ru/msk/detailed/restaurants/izmaylovskiy/
Илья Муромец (Ленинский пр.);https://www.restoran.ru/msk/detailed/restaurants/ilya-muromets-leninskiy/
Империя;https://www.restoran.ru/msk/detailed/restaurants/imperiya/
Империя;https://www.restoran.ru/msk/detailed/restaurants/imperiya-novoyasenevskiy/
Инжир;https://www.restoran.ru/msk/detailed/restaurants/inzhir/
Инжир (ул. Перерва);https://www.restoran.ru/msk/detailed/restaurants/chaykhana-inzhir/
Кадриль;https://www.restoran.ru/msk/detailed/restaurants/kadrilkaraoke/
Кальянная I’m Smoking;https://www.restoran.ru/msk/detailed/restaurants/im_smoking/
Кальянная №1 Smoke Lounge / Смоук Лаунж (Спасская);https://www.restoran.ru/msk/detailed/restaurants/smoke_lounge_spasskaya/
Кампа;https://www.restoran.ru/msk/detailed/restaurants/kampa_kafe/
Кампус (Ленинский);https://www.restoran.ru/msk/detailed/restaurants/kampus-leninskiy/
Кампус (Смоленский);https://www.restoran.ru/msk/detailed/restaurants/kampus-smolenskiy/
Кампус Lucke Eye;https://www.restoran.ru/msk/detailed/restaurants/cafe_campus/
Караван One;https://www.restoran.ru/msk/detailed/restaurants/karavan_one/
Карамель;https://www.restoran.ru/msk/detailed/restaurants/karamel-karaoke/
Каретный ряд;https://www.restoran.ru/msk/detailed/restaurants/karetnyy-ryad/
Карибия;https://www.restoran.ru/msk/detailed/restaurants/karibiya-rc/
Кариночка;https://www.restoran.ru/msk/detailed/restaurants/karinochka/
Кафе 11;https://www.restoran.ru/msk/detailed/restaurants/kafe-11/
Кафе 35;https://www.restoran.ru/msk/detailed/restaurants/cafe35/
Кафе Пушкинъ;https://www.restoran.ru/msk/detailed/restaurants/cafepushkin/
Кафетерий №1;https://www.restoran.ru/msk/detailed/restaurants/kafetery_1/
Кахури;https://www.restoran.ru/msk/detailed/restaurants/kahuri/
Квартира №5;https://www.restoran.ru/msk/detailed/restaurants/kvartira-5/
Кимчи (Стремянный пер.);https://www.restoran.ru/msk/detailed/restaurants/kimchi/
Кинзадза;https://www.restoran.ru/msk/detailed/restaurants/kinzadza/
Кипарис;https://www.restoran.ru/msk/detailed/restaurants/kiparis/
Клешни и ракушки;https://www.restoran.ru/msk/detailed/restaurants/raki-i-ne-raki/
КлюкVа;https://www.restoran.ru/msk/detailed/restaurants/klyukva/
Княжий дворик;https://www.restoran.ru/msk/detailed/restaurants/kd/
Ковчег;https://www.restoran.ru/msk/detailed/restaurants/kovcheg/
Колизей Холл;https://www.restoran.ru/msk/detailed/restaurants/khizhina-vdnkh/
Коллекция seafood;https://www.restoran.ru/msk/detailed/restaurants/kollektsiya-seafood/
Кольчуга;https://www.restoran.ru/msk/detailed/restaurants/kolchuga/
Кому жить хорошо;https://www.restoran.ru/msk/detailed/restaurants/komyzhithorosho/
Концерт Бар;https://www.restoran.ru/msk/detailed/restaurants/kontsert-bar/
КОП-team cafe;https://www.restoran.ru/msk/detailed/restaurants/cop-team/
КоржовЪ;https://www.restoran.ru/msk/detailed/restaurants/korzhov/
Кранцлер;https://www.restoran.ru/msk/detailed/restaurants/kranzler/
Крем Кафе;https://www.restoran.ru/msk/detailed/restaurants/krem-cafe/
Крендель;https://www.restoran.ru/msk/detailed/restaurants/krendel/
Кубдари;https://www.restoran.ru/msk/detailed/restaurants/kubdari/
Кувшин;https://www.restoran.ru/msk/detailed/restaurants/kuvshin/
Кузьминки;https://www.restoran.ru/msk/detailed/restaurants/kyzminki/
Курага;https://www.restoran.ru/msk/detailed/restaurants/kuraga/
Къаве. Крымская кухня;https://www.restoran.ru/msk/detailed/restaurants/kave/
Лагуна;https://www.restoran.ru/msk/detailed/restaurants/laguna/
Лагуна;https://www.restoran.ru/msk/detailed/restaurants/laguna_rest/
Лакада;https://www.restoran.ru/msk/detailed/restaurants/lakada/
Ландринъ;https://www.restoran.ru/msk/detailed/restaurants/landrin-cafe/
Ленский;https://www.restoran.ru/msk/detailed/restaurants/pushkin-tavern/
Лесной уют;https://www.restoran.ru/msk/detailed/restaurants/lesnoy-uyut/
Летняя веранда ЦМТ;https://www.restoran.ru/msk/detailed/restaurants/summer-terrace-wtc/
Листок;https://www.restoran.ru/msk/detailed/restaurants/listok/
Лодка;https://www.restoran.ru/msk/detailed/restaurants/lodka/
Лондон Гриль (Никольская ул.);https://www.restoran.ru/msk/detailed/restaurants/london_grill/
Лоранж;https://www.restoran.ru/msk/detailed/restaurants/loranzh/
Лубянка;https://www.restoran.ru/msk/detailed/restaurants/lubyanka/
Лунная ночь;https://www.restoran.ru/msk/detailed/restaurants/lunnaya-noch/
Луснар;https://www.restoran.ru/msk/detailed/restaurants/lusnar_rest/
Любимая Пицца;https://www.restoran.ru/msk/detailed/restaurants/lyubimaya-pitstsa/
Любимый город;https://www.restoran.ru/msk/detailed/restaurants/lyubimii-gorod/
Люкс;https://www.restoran.ru/msk/detailed/restaurants/lyuks/
Магадан (Красный Октябрь);https://www.restoran.ru/msk/detailed/restaurants/magadan/
Мандарин;https://www.restoran.ru/msk/detailed/restaurants/mandarin/
МАРИО Village;https://www.restoran.ru/msk/detailed/restaurants/mario/
МАРИУС кафе-клуб-караоке;https://www.restoran.ru/msk/detailed/restaurants/cafe_marius/
Марракеш Smoke lounge;https://www.restoran.ru/msk/detailed/restaurants/smoke_lounge_neglinka/
Марфино;https://www.restoran.ru/msk/detailed/restaurants/marfino/
Матрёшка;https://www.restoran.ru/msk/detailed/restaurants/matreshka/
МАТЧПОИНТ, караоке MUSICPOINT;https://www.restoran.ru/msk/detailed/restaurants/matchpoint/
Мелочи жизни;https://www.restoran.ru/msk/detailed/restaurants/melochi-zhizni/
Ментано;https://www.restoran.ru/msk/detailed/restaurants/mentano/
Метафора;https://www.restoran.ru/msk/detailed/restaurants/metafora/
Миллениум;https://www.restoran.ru/msk/detailed/restaurants/millenium/
Мимино (Лесная);https://www.restoran.ru/msk/detailed/restaurants/mimino_lesnaya/
Мимино (Ржавки);https://www.restoran.ru/msk/detailed/restaurants/mimino-rzhavki/
Миндаль;https://www.restoran.ru/msk/detailed/restaurants/mindal-cafe/
Мир;https://www.restoran.ru/msk/detailed/restaurants/cafe-mir/
Мореман в Яхт-клубе Аврора;https://www.restoran.ru/msk/detailed/restaurants/moreman/
Москва Поёт;https://www.restoran.ru/msk/detailed/restaurants/moyet/
МТЕВАНИ;https://www.restoran.ru/msk/detailed/restaurants/mtevani/
Муган;https://www.restoran.ru/msk/detailed/restaurants/mugan/
Мята Platinum;https://www.restoran.ru/msk/detailed/restaurants/myata-platinum-tsvetnoy/
На Казачьем;https://www.restoran.ru/msk/detailed/restaurants/redstar/
На Мосфильмовской;https://www.restoran.ru/msk/detailed/restaurants/na-mosfilmovskoy/
Наволне by Soho Rooms;https://www.restoran.ru/msk/detailed/restaurants/navolne/
Нар;https://www.restoran.ru/msk/detailed/restaurants/nar-zelenograd/
Нар Шараб (ул. Литвина-Седого);https://www.restoran.ru/msk/detailed/restaurants/narsharab/
Натахтари (Большой Черкасский);https://www.restoran.ru/msk/detailed/restaurants/natakhtari_bolshoy_cherkasskiy/
Натахтари (Маросейка);https://www.restoran.ru/msk/detailed/restaurants/natakhtari/
Натахтари на Сретенке;https://www.restoran.ru/msk/detailed/restaurants/natakhtari-na-sretenke/
Невские мелодии;https://www.restoran.ru/msk/detailed/restaurants/nevskie_melodii/
Неевропа;https://www.restoran.ru/msk/detailed/restaurants/neevropa/
Некрасов;https://www.restoran.ru/msk/detailed/restaurants/nekrasov/
Никола Тесла (м. Дубровка);https://www.restoran.ru/msk/detailed/restaurants/nicola-tesla/
Новая эпоха;https://www.restoran.ru/msk/detailed/restaurants/novaya-epokha/
Новый свет;https://www.restoran.ru/msk/detailed/restaurants/novyy-svet-rest/
Ноев ковчег;https://www.restoran.ru/msk/detailed/restaurants/noev-kovcheg-resto/
Ночь;https://www.restoran.ru/msk/detailed/restaurants/noch/
Обломов;https://www.restoran.ru/msk/detailed/restaurants/oblomov/
Огни Востока;https://www.restoran.ru/msk/detailed/restaurants/ogni-vostoka/
Океан;https://www.restoran.ru/msk/detailed/restaurants/okean/
Окими Сан (Котельники);https://www.restoran.ru/msk/detailed/restaurants/okimi-san-kotelniki/
Окими Сан (Люберцы);https://www.restoran.ru/msk/detailed/restaurants/okimi-san/
ОКСЮМОРОН;https://www.restoran.ru/msk/detailed/restaurants/oksyumoron/
Осетинские пироги;https://www.restoran.ru/msk/detailed/restaurants/osetinskie_pirogi/
Остерия Итальянцы;https://www.restoran.ru/msk/detailed/restaurants/shef-gavrilov/
Остров Lounge;https://www.restoran.ru/msk/detailed/restaurants/ostrov-lounge/
Отель Аструс;https://www.restoran.ru/msk/detailed/restaurants/astrus/
Охота есть;https://www.restoran.ru/msk/detailed/restaurants/okhota-est/
ОЧАG;https://www.restoran.ru/msk/detailed/restaurants/cafe-ochag/
Очаг (Балашиха);https://www.restoran.ru/msk/detailed/restaurants/ochag-balashikha/
Очаг гурманов;https://www.restoran.ru/msk/detailed/restaurants/ochag-gurmanov/
Пандок;https://www.restoran.ru/msk/detailed/restaurants/pandok/
Парадайз / Шахин-Шах;https://www.restoran.ru/msk/detailed/restaurants/paradaiz/
Парк Кафе;https://www.restoran.ru/msk/detailed/restaurants/park_cafe/
Парламент;https://www.restoran.ru/msk/detailed/restaurants/parlament/
Парус;https://www.restoran.ru/msk/detailed/restaurants/restoranparus/
Перец & Мята;https://www.restoran.ru/msk/detailed/restaurants/perezmyata/
Петерфест;https://www.restoran.ru/msk/detailed/restaurants/peterfest/
Петровский дворик;https://www.restoran.ru/msk/detailed/restaurants/petrovdvorik/
Пехорка;https://www.restoran.ru/msk/detailed/restaurants/pekhorka/
Пещера;https://www.restoran.ru/msk/detailed/restaurants/cafe-peshchera/
Пиано-бар;https://www.restoran.ru/msk/detailed/restaurants/piano-bar/
Пив&Ко, сеть ресторанов;https://www.restoran.ru/msk/detailed/restaurants/piv_ko/
Пивной кабачок «Пьяный дятел»;https://www.restoran.ru/msk/detailed/restaurants/dyatel/
Пироги, Вино и Гусь;https://www.restoran.ru/msk/detailed/restaurants/pirogi_vino_i_gus/
Пита&Сувлаки (Садовая-Самотёчная ул.);https://www.restoran.ru/msk/detailed/restaurants/pita-suvlaki-sadovaya-samotechnaya/
Планета Суши (Химки);https://www.restoran.ru/msk/detailed/restaurants/planeta_sushi_himki/
Плов;https://www.restoran.ru/msk/detailed/restaurants/plov/
По-русски;https://www.restoran.ru/msk/detailed/restaurants/po-russki/
Погребок, Хинкальная;https://www.restoran.ru/msk/detailed/restaurants/pogrebok/
Подмосковные вечера;https://www.restoran.ru/msk/detailed/restaurants/podmoskovnye-vechera/
Покровское;https://www.restoran.ru/msk/detailed/restaurants/pokrovskoe/
Порто Миконос;https://www.restoran.ru/msk/detailed/restaurants/porto_mikonos/
Профиль Professional cafe;https://www.restoran.ru/msk/detailed/restaurants/profil/
Птица;https://www.restoran.ru/msk/detailed/restaurants/dushevnaya_madam/
Пульсар;https://www.restoran.ru/msk/detailed/restaurants/sem_krasavits/
Путь барашка;https://www.restoran.ru/msk/detailed/restaurants/put-barashka/
Равиоли;https://www.restoran.ru/msk/detailed/restaurants/ravioli/
Радуга;https://www.restoran.ru/msk/detailed/restaurants/raduga-panorama/
Раиса Захарна;https://www.restoran.ru/msk/detailed/restaurants/raisa-zakharna/
Рай (ул. Генерала Кузнецова);https://www.restoran.ru/msk/detailed/restaurants/paradise-msk/
Райкин Плаза;https://www.restoran.ru/msk/detailed/restaurants/raikin_plaza/
Райский Уголок;https://www.restoran.ru/msk/detailed/restaurants/rayskiyugolok/
Рассвет;https://www.restoran.ru/msk/detailed/restaurants/rassvet-wine-bar/
Рассольников;https://www.restoran.ru/msk/detailed/restaurants/rassolnikov/
Репаст;https://www.restoran.ru/msk/detailed/restaurants/repast/
Репин;https://www.restoran.ru/msk/detailed/restaurants/repin/
Ресторанный комплекс ФК «Локомотив» Черкизово;https://www.restoran.ru/msk/detailed/restaurants/fclm/
Реутов;https://www.restoran.ru/msk/detailed/restaurants/reutov/
Родник;https://www.restoran.ru/msk/detailed/restaurants/rodnik/
Розмарин;https://www.restoran.ru/msk/detailed/restaurants/rozmarin/
Романов;https://www.restoran.ru/msk/detailed/restaurants/romanov-neglinnaya/
Россичъ;https://www.restoran.ru/msk/detailed/restaurants/rossich/
Руки Вверх;https://www.restoran.ru/msk/detailed/restaurants/ruki-vverkh-bar/
Руккола (Климентовский пер.);https://www.restoran.ru/msk/detailed/restaurants/rukkola-klimentovskiy/
Русанова 17;https://www.restoran.ru/msk/detailed/restaurants/rusanova-17/
Русская трапеза;https://www.restoran.ru/msk/detailed/restaurants/russkaya-trapeza/
Русский дворик;https://www.restoran.ru/msk/detailed/restaurants/russkiy-dvorik/
Русский чай;https://www.restoran.ru/msk/detailed/restaurants/russkiy_chay/
Русское Подворье;https://www.restoran.ru/msk/detailed/restaurants/russkoepodvorie/
Рыба Мечты;https://www.restoran.ru/msk/detailed/restaurants/dream-fish/
Рыбацкая деревня;https://www.restoran.ru/msk/detailed/restaurants/rybatskaya-derevnya/
Рыбный базар;https://www.restoran.ru/msk/detailed/restaurants/rbazar/
Савой;https://www.restoran.ru/msk/detailed/restaurants/savoy/
Садовое Кольцо;https://www.restoran.ru/msk/detailed/restaurants/gardenring/
Саламури;https://www.restoran.ru/msk/detailed/restaurants/salamuri/
Самарканd;https://www.restoran.ru/msk/detailed/restaurants/samarkand_rest/
Сандык;https://www.restoran.ru/msk/detailed/restaurants/sandyk/
Саперави (Марьино);https://www.restoran.ru/msk/detailed/restaurants/saperavicafe/
Саперави (Покровка);https://www.restoran.ru/msk/detailed/restaurants/saperavicafe_pokrovka/
Саперави (Тверская-Ямская);https://www.restoran.ru/msk/detailed/restaurants/saperavicafe_tverskaya_yamskaya/
Сахар;https://www.restoran.ru/msk/detailed/restaurants/saxar/
Светлый;https://www.restoran.ru/msk/detailed/restaurants/svetliy-moscow/
Свои люди;https://www.restoran.ru/msk/detailed/restaurants/svoi_lyudi/
СЕВЕРEVER;https://www.restoran.ru/msk/detailed/restaurants/severever/
Сезам;https://www.restoran.ru/msk/detailed/restaurants/chaykhana-sezam/
Семь пятниц;https://www.restoran.ru/msk/detailed/restaurants/seven_fridays/
Сестры (ex. У трех сестер);https://www.restoran.ru/msk/detailed/restaurants/3_sisters/
Сетунь;https://www.restoran.ru/msk/detailed/restaurants/setun/
Сибирская корона;https://www.restoran.ru/msk/detailed/restaurants/sibirskaya_korona/
Сикварули;https://www.restoran.ru/msk/detailed/restaurants/sikvaruli/
Сим-Сити;https://www.restoran.ru/msk/detailed/restaurants/sim_siti/
Сим-Сити Home;https://www.restoran.ru/msk/detailed/restaurants/sim_siti_home/
Симбиоз;https://www.restoran.ru/msk/detailed/restaurants/simbioz/
Синяя птица;https://www.restoran.ru/msk/detailed/restaurants/sinyaya-ptitsa/
Сити Кафе;https://www.restoran.ru/msk/detailed/restaurants/city_cafe/
Сицилия;https://www.restoran.ru/msk/detailed/restaurants/sitsiliya/
Сказка бар;https://www.restoran.ru/msk/detailed/restaurants/skazka_bar/
Сказка Востока;https://www.restoran.ru/msk/detailed/restaurants/skazka-butovo/
Сказка Востока;https://www.restoran.ru/msk/detailed/restaurants/skazka_vostoka/
Слоны и Мамонты;https://www.restoran.ru/msk/detailed/restaurants/slonyimamonty/
Совет в Филях;https://www.restoran.ru/msk/detailed/restaurants/sovet-v-filyakh/
Солнечный очаг;https://www.restoran.ru/msk/detailed/restaurants/solnechnyy-ochag/
Солнцевский замок;https://www.restoran.ru/msk/detailed/restaurants/solntsevskiy-zamok/
Сололаки;https://www.restoran.ru/msk/detailed/restaurants/sololaki/
Сосны;https://www.restoran.ru/msk/detailed/restaurants/royal_zenith/
Сочи;https://www.restoran.ru/msk/detailed/restaurants/sochi-cafe/
Спектр;https://www.restoran.ru/msk/detailed/restaurants/spektr/
Старая мансарда;https://www.restoran.ru/msk/detailed/restaurants/staraya-mansarda/
Старина Йохан;https://www.restoran.ru/msk/detailed/restaurants/starina_yohan/
Старый Батумъ;https://www.restoran.ru/msk/detailed/restaurants/old-batum/
Старый город;https://www.restoran.ru/msk/detailed/restaurants/staryy-gorod/
Страдивари;https://www.restoran.ru/msk/detailed/restaurants/stradivari/
Страдивари;https://www.restoran.ru/msk/detailed/restaurants/stradivari_rest/
Страдивари;https://www.restoran.ru/msk/detailed/restaurants/stradivari-sokol/
Стрелец;https://www.restoran.ru/msk/detailed/restaurants/strelets/
Сунжа;https://www.restoran.ru/msk/detailed/restaurants/sunzha/
Суп-кафе;https://www.restoran.ru/msk/detailed/restaurants/soup-kafe/
Сущевский Двор;https://www.restoran.ru/msk/detailed/restaurants/syshevskiydvor/
Сыроварня на Усачевском рынке;https://www.restoran.ru/msk/detailed/restaurants/syrovarnya-na-usachevskom-rynke/
Сытая Утка;https://www.restoran.ru/msk/detailed/restaurants/sytaya-utka/
Сю Си Пуси;https://www.restoran.ru/msk/detailed/restaurants/syusipusi/
Табриз;https://www.restoran.ru/msk/detailed/restaurants/tabriz/
Таверна Ягненок;https://www.restoran.ru/msk/detailed/restaurants/taverna-yagnenok/
Тайм Авеню;https://www.restoran.ru/msk/detailed/restaurants/time_avenue/
ТАН;https://www.restoran.ru/msk/detailed/restaurants/tan/
Танцы. Food and people (ex. Винный базар. Танцы);https://www.restoran.ru/msk/detailed/restaurants/vinnyy-bazar-tantsy/
Татев;https://www.restoran.ru/msk/detailed/restaurants/tatev/
Театръ Корша;https://www.restoran.ru/msk/detailed/restaurants/korsh/
Телиани;https://www.restoran.ru/msk/detailed/restaurants/teliani/
Терраса;https://www.restoran.ru/msk/detailed/restaurants/terrasa/
Территория;https://www.restoran.ru/msk/detailed/restaurants/territoriya/
Тинатин;https://www.restoran.ru/msk/detailed/restaurants/tinatin/
Тифлисъ;https://www.restoran.ru/msk/detailed/restaurants/stargorod/
Ткемали (на Пушечной);https://www.restoran.ru/msk/detailed/restaurants/pirpushka/
Ткемали (Новая площадь);https://www.restoran.ru/msk/detailed/restaurants/tkemali-novaya-ploshchad/
Токи суши;https://www.restoran.ru/msk/detailed/restaurants/toki_sushi/
Торшер;https://www.restoran.ru/msk/detailed/restaurants/torsher/
Трактир;https://www.restoran.ru/msk/detailed/restaurants/traktir-novoslobodskaya/
Трактир «Лефортово»;https://www.restoran.ru/msk/detailed/restaurants/traktir-lefortovo/
Трактир Пожарского;https://www.restoran.ru/msk/detailed/restaurants/traktir-pozharskogo/
Трамплин;https://www.restoran.ru/msk/detailed/restaurants/gril-bar-terrasa-vorobi/
Траттория Ди Джулия;https://www.restoran.ru/msk/detailed/restaurants/trattoria-di-djulia/
Трели;https://www.restoran.ru/msk/detailed/restaurants/treli/
Три жирафа;https://www.restoran.ru/msk/detailed/restaurants/tri-zhirafa/
Три перца;https://www.restoran.ru/msk/detailed/restaurants/tripertsa/
Три ступени;https://www.restoran.ru/msk/detailed/restaurants/cafe-3-stupeni/
Трое из ларца;https://www.restoran.ru/msk/detailed/restaurants/troe_iz_lartsa/
Тропарево;https://www.restoran.ru/msk/detailed/restaurants/troparevo/
Тутти и Джорни;https://www.restoran.ru/msk/detailed/restaurants/tuttiigiorni/
У Сальваторе, остерия;https://www.restoran.ru/msk/detailed/restaurants/u-salvatore/
У Эдуарда;https://www.restoran.ru/msk/detailed/restaurants/ueduarda/
Ультра;https://www.restoran.ru/msk/detailed/restaurants/ultra/
Урюк (Валовая ул.);https://www.restoran.ru/msk/detailed/restaurants/uryuk-valovaya/
Урюк (пр. Вернадского);https://www.restoran.ru/msk/detailed/restaurants/uryuk-vernadka/
Усадьба;https://www.restoran.ru/msk/detailed/restaurants/usadba_cafe/
Фазенда Азнавура;https://www.restoran.ru/msk/detailed/restaurants/fazenda-aznavura/
Фантазёры;https://www.restoran.ru/msk/detailed/restaurants/fantazyery/
Фарфалле (ex. Солод);https://www.restoran.ru/msk/detailed/restaurants/farfalle/
Фаэтон;https://www.restoran.ru/msk/detailed/restaurants/phaeton/
Фиалка;https://www.restoran.ru/msk/detailed/restaurants/fialka/
Фитиль Киноклуб;https://www.restoran.ru/msk/detailed/restaurants/fitil_club/
Флоренция;https://www.restoran.ru/msk/detailed/restaurants/florencia/
Фонда. Гостиничный комплекс;https://www.restoran.ru/msk/detailed/restaurants/fonda/
Френдс «В гостях у Моники»;https://www.restoran.ru/msk/detailed/restaurants/friends-v-gostyakh-u-moniki/
Хаджурао;https://www.restoran.ru/msk/detailed/restaurants/khazuraho/
Хайям (Нижегородская ул.);https://www.restoran.ru/msk/detailed/restaurants/khayyam-nizhegorodskaya/
Хата;https://www.restoran.ru/msk/detailed/restaurants/khata/
Хачапури;https://www.restoran.ru/msk/detailed/restaurants/khachapuri/
Хачапури тётушки Марико;https://www.restoran.ru/msk/detailed/restaurants/khachapuri-tyetushki-mariko/
Хаят;https://www.restoran.ru/msk/detailed/restaurants/khayat/
Хижина (Балашиха);https://www.restoran.ru/msk/detailed/restaurants/khizhina-balashikha/
Хижина (Чертаново);https://www.restoran.ru/msk/detailed/restaurants/khizhina-chertanovo/
Хинкалоff;https://www.restoran.ru/msk/detailed/restaurants/hinkaloff/
Хинкальная «Бедия»;https://www.restoran.ru/msk/detailed/restaurants/khinkalnaya-bediya/
Хинкальная (Краснобогатырская);https://www.restoran.ru/msk/detailed/restaurants/khinkalnaya-krasnobogatyrskaya/
Хинкальная (Сколковское ш.);https://www.restoran.ru/msk/detailed/restaurants/khinkalnaya-skolkovskoe/
Хинкальная Лимонад;https://www.restoran.ru/msk/detailed/restaurants/khinkalnaya-limonad/
Хинкальная на Боровском;https://www.restoran.ru/msk/detailed/restaurants/khinkalnaya-na-borovskom-shosse/
Хинкальная на Таганской;https://www.restoran.ru/msk/detailed/restaurants/khinkalnaya-kalyannaya/
Хмель & Эль;https://www.restoran.ru/msk/detailed/restaurants/hmel-el/
Хочу мяса (Кутузовский пр.);https://www.restoran.ru/msk/detailed/restaurants/khochu-myasa/
Царьград;https://www.restoran.ru/msk/detailed/restaurants/tsargrad/
ЦДЛ / CDL restaurant;https://www.restoran.ru/msk/detailed/restaurants/cdl/
Центральный;https://www.restoran.ru/msk/detailed/restaurants/tsentralnyy/
Цефей;https://www.restoran.ru/msk/detailed/restaurants/tsefey/
Цинандали;https://www.restoran.ru/msk/detailed/restaurants/tsinandali/
Цыцыла;https://www.restoran.ru/msk/detailed/restaurants/cycyla/
Чайковский;https://www.restoran.ru/msk/detailed/restaurants/tchaikovsky-cafe/
Чайхана Павлин Мавлин (Академическая);https://www.restoran.ru/msk/detailed/restaurants/pavlin_mavlin_akademicheskaya/
Чайхана Павлин Мавлин (Бакунинская);https://www.restoran.ru/msk/detailed/restaurants/pavlin_mavlin_bakuninskaya/
Чайхана Павлин Мавлин (Королёва);https://www.restoran.ru/msk/detailed/restaurants/pavlin_mavlin_koroleva/
Чайхана Павлин Мавлин (Химки);https://www.restoran.ru/msk/detailed/restaurants/pavlin_mavlin_hinki/
Чачапури;https://www.restoran.ru/msk/detailed/restaurants/chachapuri/
Чашки;https://www.restoran.ru/msk/detailed/restaurants/chashki/
Чела, хинкальная;https://www.restoran.ru/msk/detailed/restaurants/chela/
Черетто Мясо;https://www.restoran.ru/msk/detailed/restaurants/t-bone_mira/
Черная Кошка;https://www.restoran.ru/msk/detailed/restaurants/black_cat/
Честная кухня;https://www.restoran.ru/msk/detailed/restaurants/chestnaya-kuhnya/
Чуаньюй;https://www.restoran.ru/msk/detailed/restaurants/chuanyuy/
Шабада;https://www.restoran.ru/msk/detailed/restaurants/shabada/
Шале Берёзка;https://www.restoran.ru/msk/detailed/restaurants/shale_berezka/
Шамкир;https://www.restoran.ru/msk/detailed/restaurants/shamkir/
Шардам;https://www.restoran.ru/msk/detailed/restaurants/shardam/
Шарден;https://www.restoran.ru/msk/detailed/restaurants/sharden/
Шарль;https://www.restoran.ru/msk/detailed/restaurants/sharl/
Шарль Азнавур;https://www.restoran.ru/msk/detailed/restaurants/sharl-aznavur/
Шарманка;https://www.restoran.ru/msk/detailed/restaurants/sharmanka/
Шашлык Хаус;https://www.restoran.ru/msk/detailed/restaurants/shashlikhouse/
Швили;https://www.restoran.ru/msk/detailed/restaurants/shvili/
Швили (БЦ «Академик»);https://www.restoran.ru/msk/detailed/restaurants/shvili-akademik/
Шелковый Путь;https://www.restoran.ru/msk/detailed/restaurants/swhotel/
ШПАТЕН-ХАУС;https://www.restoran.ru/msk/detailed/restaurants/spaten-haus/
Экспедиция / Expedition;https://www.restoran.ru/msk/detailed/restaurants/ekspeditsiya_expedition/
Экспромт;https://www.restoran.ru/msk/detailed/restaurants/ekspromt/
Экспромт;https://www.restoran.ru/msk/detailed/restaurants/expromt_bar/
Элефант;https://www.restoran.ru/msk/detailed/restaurants/elefant/
Эристави;https://www.restoran.ru/msk/detailed/restaurants/eristavi/
Эрмитаж на Вишневой;https://www.restoran.ru/msk/detailed/restaurants/hermitagkaraoke/
Этажерка;https://www.restoran.ru/msk/detailed/restaurants/etazherka/
Югос (Донская ул.);https://www.restoran.ru/msk/detailed/restaurants/yugos_donskaya/
Южная ночь;https://www.restoran.ru/msk/detailed/restaurants/yuzhnaya-noch/
Я дома;https://www.restoran.ru/msk/detailed/restaurants/ya-doma/
Яблоко, лаунж-бар;https://www.restoran.ru/msk/detailed/restaurants/yabloko-launzh-bar/
Яръ;https://www.restoran.ru/msk/detailed/restaurants/yar/
Ясенки;https://www.restoran.ru/msk/detailed/restaurants/yasenki/
Яуза;https://www.restoran.ru/msk/detailed/restaurants/yauza/