Китай-город, вход-выход 5 в северный вестибюль;37.6316766;55.7573154
Китай-город, вход-выход 4 в северный вестибюль;37.631205;55.756855
Китай-город, вход-выход 6 в северный вестибюль;37.6319506;55.7572362
Китай-город, вход-выход 14 в южный вестибюль;37.633082;55.753098
Китай-город, вход-выход 12 в южный вестибюль;37.633559;55.753072
Китай-город, вход-выход 10 из южного вестибюля;37.6341765;55.7541345
Китай-город, вход-выход 9 в южный вестибюль;37.634966;55.754114
Китай-город, вход-выход 2 в северный вестибюль;37.629468;55.756640
Калужская, вход-выход 5 в южный вестибюль;37.5392381;55.6553856
Братиславская, вход-выход 5 в северный вестибюль;37.7526435;55.660114
Братиславская, вход-выход 4 в северный вестибюль;37.7517426;55.6600507
Бульвар адмирала Ушакова, вход-выход 1 в вестибюль;37.5416454;55.5450107
Бульвар Дмитрия Донского, вход-выход 7 в северный вестибюль;37.576311;55.570289
Бульвар Дмитрия Донского, вход-выход 6 в северный вестибюль;37.577084;55.570140
Бунинская аллея, вход-выход в вестибюль;37.5149399;55.5376805
Варшавская, вход-выход 1 в южный вестибюль;37.61792;55.653075
Варшавская, вход-выход 3 в северный вестибюль;37.620706;55.653163
Калужская, вход-выход 1 в южный вестибюль;37.5402196;55.6563232
Калужская, вход-выход 10 в северный вестибюль;37.5409869;55.6581538
Кантемировская, вход-выход 3 в южный вестибюль;37.657120;55.634606
Кантемировская, вход-выход 1 в южный вестибюль;37.657574;55.635106
Кантемировская, вход-выход 5 в северный вестибюль;37.655263;55.636730
Калужская, вход-выход 7 в северный вестибюль;37.5418665;55.6578591
Кантемировская, вход-выход 6 в северный вестибюль;37.656097;55.636917
Братиславская, вход-выход 6 в северный вестибюль;37.7521499;55.6599107
Беговая, вход-выход 1 во 2-й вестибюль;37.54459;55.7733859
Беговая, вход-выход 2 во 2-й вестибюль;37.5446657;55.774
Беговая, вход-выход 5 в 1-й вестибюль;37.5488844;55.7732229
Беговая, вход-выход 3 в 1-й вестибюль;37.549137;55.774375
Белорусская, вход-выход 1 в западный вестибюль;37.5826448;55.7753945
Белорусская, вход 6 в вестибюль;37.582170;55.777269
Белорусская, вход-выход 2 в восточный вестибюль;37.585696;55.777448
Беляево, вход-выход 1 в южный вестибюль;37.5253262;55.6418619
Беляево, вход-выход 4 в южный вестибюль;37.5258884;55.641490
Беляево, вход-выход 5 в северный вестибюль;37.5267264;55.643846
Киевская, вход-выход 6 из вестибюля к пригородным поездам;37.564427;55.742922
Киевская, вход-выход 3 в вестибюль;37.567119;55.743792
"Киевская, вход-выход 2 в вестибюль
Киевская, вход-выход 4 в вестибюльлиния";37.56757;55.743743
Китай-город, вход-выход 1 в северный вестибюль;37.630006;55.756247
Китай-город, вход-выход 3 в северный вестибюль;37.630777;55.757007
Калужская, вход-выход 6 в южный вестибюль;37.538449;55.655638
Калужская, вход-выход 3 в южный вестибюль;37.5393716;55.6565991
Водный стадион, вход-выход 2 в южный вестибюль;37.487262;55.839091
Войковская, вход-выход 3 в северный вестибюль;37.4966084;55.8198862
Войковская, вход-выход 1 в северный вестибюль;37.4978475;55.8200536
Владыкино, вход-выход 1 в северный вестибюль;37.5903673;55.8483448
Водный стадион, вход-выход 1 в северный вестибюль;37.4861169;55.8405471
Войковская, вход-выход 5 в южный вестибюль;37.4980328;55.8180816
Войковская, вход-выход 6 в южный вестибюль;37.4990514;55.8183579
Войковская, вход-выход 7 в южный вестибюль;37.4995989;55.8178071
Волгоградский проспект, вход-выход 4 в западный вестибюль;37.685034;55.7256857
Волжская, вход-выход 2 в южный вестибюль;37.7564272;55.6907047
Волоколамская, вход-выход 1 в северный вестибюль;37.381439;55.836391
Волоколамская, вход-выход 2 в южный вестибюль;37.383293;55.834667
Воробьёвы горы, вход-выход 1 в южный вестибюль;37.557696;55.709398
Воробьёвы горы, вход-выход 4 в северный вестибюль;37.5616417;55.7117344
Воробьёвы горы, вход 3 в северный вестибюль;37.561082;55.711910
Воробьёвы горы, вход-выход 2 в южный вестибюль;37.557116;55.708847
Выхино, вход-выход 1 в вестибюль;37.8191351;55.7158154
Выхино, вход-выход 4 в вестибюль;37.817477;55.716297
Выставочный центр, вход-выход в вестибюль;37.6386606;55.8242068
Динамо, вход-выход 1 в северный вестибюль;37.556447;55.790523
Динамо, вход-выход 2 в южный вестибюль;37.559939;55.7889852
Дмитровская, вход-выход 2 в вестибюль;37.580249;55.807873
Дмитровская, вход-выход 3 в вестибюль;37.5814213;55.8080919
Добрынинская, вход-выход 1 в вестибюль;37.6227295;55.7290528
Домодедовская, вход-выход 7 в северный вестибюль;37.716543;55.610926
Беляево, вход-выход 8 в северный вестибюль;37.5272094;55.643437
Бибирево, вход-выход 6 в южный вестибюль;37.6046466;55.884046
Бибирево, вход-выход 1 в северный вестибюль;37.601567;55.884215
Бибирево, вход-выход 4 в южный вестибюль;37.605269;55.88357
Александровский сад, вход-выход 8 западный вестибюль (на Воздвиженку);37.6086853;55.7522884
Борисово, вход-выход 1 в южный вестибюль;37.7434206;55.6323743
Борисово, вход-выход 2 в северный вестибюль;37.7445891;55.6340555
Ботанический сад, вход-выход 1 в северный вестибюль;37.638487;55.8459341
Варшавская, вход-выход 2 в южный вестибюль;37.6179177;55.6535532
Варшавская, вход-выход 4 в северный вестибюль;37.6230912;55.6536989
ВДНХ, вход-выход 1 в северный вестибюль;37.6413856;55.8224642
ВДНХ, вход-выход 5 в южный вестибюль;37.6407422;55.8196763
ВДНХ, вход-выход 2 в южный вестибюль;37.6396426;55.8200023
Ботанический сад, вход-выход 2 в северный вестибюль;37.6389383;55.8466671
Ботанический сад, вход-выход 4 в южный вестибюль;37.637514;55.843831
ВДНХ, вход-выход 3 в южный вестибюль;37.639943;55.82028
Волгоградский проспект, вход-выход 2 в восточный вестибюль;37.687808;55.724559
Волжская, вход-выход 4 в северный вестибюль;37.7511401;55.6911954
Домодедовская, вход-выход 13 в северный вестибюль;37.71815;55.610256
ВДНХ, вход-выход 4 в южный вестибюль;37.641058;55.819972
Волжская, вход-выход 3 в северный вестибюль;37.7515886;55.6910781
Волжская, вход-выход 1 в южный вестибюль;37.7552393;55.690745
Домодедовская, вход-выход 9 в северный вестибюль;37.716894;55.610249
Домодедовская, вход-выход 11 в северный вестибюль;37.7175836;55.6099729
Домодедовская, вход-выход 2 в южный вестибюль;37.720888;55.610893
Дмитровская, вход-выход 1 в вестибюль;37.580614;55.807779
Дмитровская, вход-выход 4 в вестибюль;37.5818692;55.8081488
Дубровка, вход-выход 3 в вестибюль;37.6762283;55.7178288
Зябликово, вход-выход 9 в северный вестибюль;37.745559;55.6134881
Зябликово, вход-выход 10 в северный вестибюль;37.744236;55.6133905
Измайловская, вход-выход 6 в западный вестибюль;37.7798923;55.7877899
Измайловская, вход-выход 1 в восточный вестибюль;37.7833622;55.7878638
Коньково, вход-выход 6 в северный вестибюль;37.5189922;55.6343754
Коньково, вход-выход 1 в южный вестибюль;37.519367;55.632188
Коньково, вход-выход 8 в северный вестибюль;37.519875;55.634650
Коньково, вход-выход 9 в северный вестибюль;37.5199465;55.6340114
Коньково, вход-выход 10 в северный вестибюль;37.520530;55.633854
Красногвардейская, вход-выход 1 в южный вестибюль;37.746215;55.6142123
Красногвардейская, вход-выход 4 в южный вестибюль;37.7462738;55.6136532
Красногвардейская, вход-выход 3 в южный вестибюль;37.7466762;55.6136652
Красногвардейская, вход-выход 2 в южный вестибюль;37.7465907;55.6142302
Красногвардейская, вход-выход 6 в северный вестибюль;37.7424333;55.6134561
Орехово, вход-выход 2 в северный вестибюль;37.6935179;55.6138351
Орехово, вход-выход 3 в северный вестибюль;37.6940766;55.6141812
Отрадное, вход-выход 5 в южный вестибюль;37.604393;55.862542
Отрадное, вход-выход 2 в северный вестибюль;37.605332;55.864331
Отрадное, вход-выход 3 в северный вестибюль;37.606024;55.864174
Отрадное, вход-выход 8 в южный вестибюль;37.603694;55.862857
Охотный ряд, вход-выход 2 в южный вестибюль;37.614359;55.757049
Охотный ряд, вход-выход 1 в южный вестибюль;37.614546;55.756888
Красногвардейская, вход-выход 8 в северный вестибюль;37.7428056;55.6140271
Красногвардейская, вход-выход 5 в северный вестибюль;37.7429054;55.6134786
Красногвардейская, вход-выход 7 в северный вестибюль;37.7423932;55.6140076
Краснопресненская, вход-выход в вестибюль;37.5769305;55.760413
Красносельская, вход-выход в вестибюль;37.6660804;55.7799823
Красные ворота, вход-выход 1 в южный вестибюль;37.648027;55.768377
Красные ворота, вход-выход 2 в северный вестибюль;37.6503572;55.7697611
Крестьянская застава, вход-выход 10 в вестибюль;37.6655383;55.7323251
Кропоткинская, вход-выход 3 в северный вестибюль;37.6053316;55.7456522
Кропоткинская, вход-выход 1 в южный вестибюль;37.6015583;55.7449791
Крылатское, вход-выход 2 в западный вестибюль;37.407313;55.757872
Крылатское, вход-выход 8 в восточный вестибюль;37.407621;55.755583
Крылатское, вход-выход 6 в восточный вестибюль;37.408601;55.755375
Крылатское, вход-выход 4 в западный вестибюль;37.408585;55.757724
Крылатское, вход-выход 1 в западный вестибюль;37.40738;55.757423
Крылатское, вход-выход 3 в западный вестибюль;37.408542;55.758057
Крылатское, вход-выход 9 в восточный вестибюль;37.408899;55.755663
Крылатское, вход-выход 7 в восточный вестибюль;37.407686;55.755342
Новые Черёмушки, вход-выход 6 в северный вестибюль;37.555321;55.671235
Октябрьская, вход 1 в вестибюль кольцевой линии;37.611311;55.729349
Октябрьская, вход-выход 3 в вестибюль;37.6126133;55.7313189
Октябрьское поле, вход-выход 1 во 2-й вестибюль;37.4922446;55.7939801
Октябрьское поле, вход-выход 2 во 2-й вестибюль;37.4919278;55.7941438
Октябрьское поле, вход-выход 4 во 2-й вестибюль;37.4925294;55.7941853
Октябрьское поле, вход-выход 3 во 2-й вестибюль;37.4922657;55.7943253
Новые Черёмушки, вход-выход 7 в северный вестибюль;37.55586;55.671056
Октябрьское поле, вход-выход 8 в 1-й вестибюль;37.4944062;55.7928291
Китай-город, вход-выход 8 в южный вестибюль;37.635364;55.753728
Кожуховская, вход-выход 2 из вестибюля;37.685432;55.706140
Кожуховская, вход-выход 1 в вестибюль;37.685532;55.706341
Коломенская, вход-выход 3 в южный вестибюль;37.6627956;55.676834
Коломенская, вход-выход 4 в южный вестибюль;37.662975;55.677695
Коломенская, вход-выход 5 в северный вестибюль;37.663336;55.679291
Коломенская, вход-выход 2 в южный вестибюль;37.664333;55.676735
Коломенская, вход-выход 1 в южный вестибюль;37.6645394;55.6776258
Коломенская, вход-выход 7 в северный вестибюль;37.664952;55.679487
Коломенская, вход-выход 8 в северный вестибюль;37.664904;55.679214
Коломенская, вход-выход 6 в северный вестибюль;37.6634398;55.6795598
Комсомольская, вход 2 в вестибюль;37.655289;55.775717
Комсомольская, вход 5 в вестибюль;37.6558575;55.7753031
Комсомольская, вход 6 в вестибюль;37.6563189;55.7749342
Комсомольская, выход 1 из вестибюля;37.655917;55.77673
Комсомольская, вход 4 в вестибюль;37.656078;55.7755021
Комсомольская, вход 3 в вестибюль;37.655895;55.775835
Коньково, вход-выход 4 в южный вестибюль;37.5180365;55.6325183
Новослободская, вход-выход 5 в вестибюль;37.601021;55.779503
Новоясеневская, вход-выход 2 в северный вестибюль;37.553025;55.601448
Новоясеневская, вход-выход 3 в северный вестибюль;37.5528887;55.6019926
Новые Черёмушки, вход-выход 4 в южный вестибюль;37.5536016;55.6696118
Новые Черёмушки, вход-выход 1 в южный вестибюль;37.5541228;55.6694298
Октябрьское поле, вход-выход 7 в 1-й вестибюль;37.494672;55.7927107
Октябрьское поле, вход-выход 5 в 1-й вестибюль;37.494715;55.7930327
Октябрьское поле, вход-выход 6 в 1-й вестибюль;37.4949407;55.7929182
Орехово, вход-выход 1 в южный вестибюль;37.695852;55.612207
Ленинский проспект, вход-выход 2 в северный вестибюль;37.587564;55.708543
Лубянка, вход-выход 9 в северный вестибюль;37.626024;55.759018
Лубянка, вход-выход 8 в северный вестибюль;37.626322;55.758812
Лубянка, вход-выход 7 в северный вестибюль;37.627157;55.758934
Лубянка, вход-выход 6 в северный вестибюль;37.628067;55.759222
Лубянка, вход-выход 2 в северный вестибюль;37.627963;55.760009
Лубянка, вход-выход 4 в северный вестибюль;37.628469;55.759583
Лубянка, вход-выход 3 в северный вестибюль;37.628384;55.759958
Лубянка, вход 10 в южный вестибюль;37.625869;55.758992
Люблино, вход-выход 1 во 2-й вестибюль;37.7610191;55.674484
Люблино, вход-выход 2 в 1-й вестибюль;37.7618126;55.6767171
Лубянка, вход-выход 5 в северный вестибюль;37.628323;55.759369
Люблино, вход-выход 3 в 1-й вестибюль;37.7618992;55.6770532
Люблино, вход-выход 4 в 1-й вестибюль;37.7621184;55.6771029
Люблино, вход-выход 5 в 1-й вестибюль;37.7627843;55.677062
Люблино, вход-выход 6 в 1-й вестибюль;37.7629313;55.6769211
Марксистская, вход-выход 5 в вестибюль;37.656456;55.740620
Марксистская, вход-выход 6 в вестибюль;37.656675;55.741077
Марьина роща, вход-выход 5 в 1-й вестибюль;37.6168452;55.7935291
Марьина роща, вход-выход 4 в 1-й вестибюль;37.615858;55.793534
Марьина роща, вход-выход 1 во 2-й вестибюль;37.6169578;55.7971408
Марьино, вход-выход 7 в северный вестибюль;37.743716;55.651296
Марьино, вход-выход 8 в северный вестибюль;37.7438447;55.6510084
Марьино, вход-выход 1 в южный вестибюль;37.7438608;55.6491637
Марьино, вход-выход 3 в южный вестибюль;37.744483;55.649279
Марьино, вход-выход 4 в южный вестибюль;37.744606;55.648937
Кузнецкий мост, вход-выход 1 в вестибюль;37.624185;55.761541
Кузьминки, вход-выход 6 в западный вестибюль;37.763751;55.705308
Кузьминки, вход-выход 7 в западный вестибюль;37.7640246;55.7060321
Кузьминки, вход-выход 3 в восточный вестибюль;37.767415;55.704826
Кунцевская, вход-выход 1 в западный вестибюль (Ф);37.445477;55.730675
Кунцевская, вход-выход 2 в восточный вестибюль (Ф);37.446469;55.73082
Кунцевская, вход-выход 1 в западный вестибюль;37.445568;55.730541
Кунцевская, вход-выход 2 в восточный вестибюль;37.446528;55.730666
Курская, вход-выход 1 в вестибюль;37.658992;55.758613
Курская, вход-выход 3 в вестибюль;37.660253;55.758450
Курская, вход-выход 2 в вестибюль с Курского вокзала;37.660403;55.758199
Курская, вход-выход 4 в вестибюль;37.6618065;55.7600121
Кутузовская, вход-выход 2 в южный вестибюль;37.534991;55.739483
Кутузовская, вход-выход 1 в северный вестибюль;37.534309;55.740612
Ленинский проспект, вход-выход 1 в южный вестибюль;37.585043;55.706913
Марьино, вход-выход 5 в северный вестибюль;37.743045;55.651236
Марьино, вход-выход 6 в северный вестибюль;37.7431633;55.6509113
Маяковская, вход-выход 1 в северный вестибюль;37.594548;55.771143
Маяковская, вход-выход 4 в южный вестибюль;37.596533;55.76926
Нагорная, вход-выход 2 в вестибюль;37.6110945;55.6728519
Нахимовский проспект, вход-выход 3 в северный вестибюль;37.6062028;55.663502
Нахимовский проспект, вход-выход 5 в северный вестибюль;37.6069995;55.6635432
Нахимовский проспект, вход-выход 2 в южный вестибюль;37.6041081;55.661613
Нахимовский проспект, вход-выход 1 в южный вестибюль;37.6047437;55.6617517
Нахимовский проспект, вход-выход 4 в северный вестибюль;37.6061591;55.6637839
Новогиреево, вход-выход 7 в западный вестибюль;37.8145804;55.7522622
Новогиреево, вход-выход 5 в западный вестибюль;37.81491;55.751722
Новогиреево, вход-выход 3 в восточный вестибюль;37.8185824;55.7512382
Новогиреево, вход-выход 1 в восточный вестибюль;37.8184026;55.7516932
Новокосино, вход-выход 1 в восточный вестибюль;37.8655979;55.7461213
Новокосино, вход-выход 2 в восточный вестибюль;37.8658385;55.744476
Новокосино, вход-выход 4 в западный вестибюль;37.862832;55.743829
Новокосино, вход-выход 3 в западный вестибюль;37.8623576;55.7441695
Новокосино, вход-выход 5 в западный вестибюль;37.861671;55.745471
Пятницкое шоссе, вход-выход 3 в южный вестибюль;37.354253;55.8546831
Пятницкое шоссе, вход-выход 2 в южный вестибюль;37.354014;55.855143
Пятницкое шоссе, вход-выход 5 в южный вестибюль;37.353016;55.855288
Телецентр, выход из вестибюля;37.609212;55.8217898
Тёплый стан, вход-выход 8 в северный вестибюль;37.505166;55.619857
Тёплый стан, вход-выход 7 в северный вестибюль;37.5063141;55.6198202
Медведково, вход-выход 20 в южный вестибюль;37.661274;55.886025
Митино, вход-выход 8 в южный вестибюль;37.363824;55.845533
Митино, вход-выход 6 в северный вестибюль;37.361271;55.846763
Митино, вход-выход 1 в северный вестибюль;37.360512;55.845982
Молодёжная, вход-выход 1 в западный вестибюль;37.415869;55.741246
Молодёжная, вход-выход 2 в восточный вестибюль;37.417866;55.740201
Мякинино, вход-выход 3 в южный вестибюль;37.385197;55.823540
Нагатинская, вход-выход 4 в южный вестибюль;37.6209364;55.6822357
Нагатинская, вход-выход 2 в южный вестибюль;37.621332;55.682143
Охотный ряд, вход-выход 3 в южный вестибюль;37.614745;55.757306
Охотный ряд, вход-выход 4 в южный вестибюль;37.615083;55.757195
Охотный ряд, вход-выход 6 в южный вестибюль;37.615929;55.756667
Охотный ряд, вход-выход 7 в южный вестибюль;37.617727;55.756080
Охотный ряд, вход-выход 5 в южный вестибюль;37.615630;55.756804
Павелецкая, вход 1 в вестибюль;37.6362414;55.7313438
Нагатинская, вход-выход 1 в южный вестибюль;37.621783;55.682188
Нагатинская, вход-выход 5 в северный вестибюль;37.6227098;55.68417
Нагорная, вход-выход 1 в вестибюль;37.6103001;55.6729139
Павелецкая, вход-выход 3 в вестибюль;37.639543;55.729861
Парк культуры, вход-выход 2 в вестибюль;37.5949799;55.7360872
Парк Победы, вход-выход 4 в вестибюль;37.51592;55.736440
Парк Победы, вход-выход 5 в вестибюль;37.517105;55.735804
Парк Победы, вход-выход 3 в вестибюль;37.517599;55.736310
Парк Победы, вход-выход 2 в вестибюль;37.517692;55.735922
Парк Победы, вход-выход 1 в вестибюль;37.517273;55.736633
Партизанская, вход-выход 1 в вестибюль;37.7496596;55.7884901
Медведково, вход-выход 19 в северный вестибюль;37.6614571;55.8879931
Международная, вход-выход 3 во 2-й вестибюль;37.533378;55.747892
Менделеевская, вход-выход 2 в вестибюль;37.5987019;55.7814401
Менделеевская, вход-выход 4 в вестибюль;37.599007;55.781943
Менделеевская, вход-выход 3 в вестибюль;37.5984772;55.7816926
Митино, вход-выход 3 в северный вестибюль;37.359469;55.846255
Митино, вход-выход 5 в северный вестибюль;37.361159;55.846321
Митино, вход-выход 10 в южный вестибюль;37.363396;55.844829
Митино, вход-выход 7 в северный вестибюль;37.360486;55.847006
Пражская, вход-выход 6 в южный вестибюль;37.6032311;55.6115949
Преображенская площадь, вход-выход 13 в южный вестибюль;37.7148632;55.795534
Преображенская площадь, вход-выход 12 в южный вестибюль;37.7148765;55.7953081
Преображенская площадь, вход-выход 2 в северный вестибюль;37.716974;55.796922
Преображенская площадь, вход-выход 6 в северный вестибюль;37.71706;55.795982
Преображенская площадь, вход-выход 1 в северный вестибюль;37.7166493;55.7968666
Преображенская площадь, вход-выход 5 в северный вестибюль;37.717543;55.796064
Пролетарская, вход-выход 4 в 1-й вестибюль;37.664368;55.7317821
Пролетарская, вход-выход 9 в 1-й вестибюль;37.6645773;55.7312101
Пролетарская, вход-выход 8 в 1-й вестибюль;37.664926;55.73131
Проспект Вернадского, вход-выход 7 в северный вестибюль;37.5071875;55.6778375
Проспект Мира, вход 1 в вестибюль;37.633349;55.7819543
Проспект Мира, вход-выход 1 в вестибюль;37.6335334;55.7795686
Профсоюзная, вход-выход 4 в южный вестибюль;37.5618179;55.6772799
Профсоюзная, вход-выход 1 в южный вестибюль;37.5623706;55.6770979
Профсоюзная, вход-выход 6 в северный вестибюль;37.5635613;55.6788868
Профсоюзная, вход-выход 7 в северный вестибюль;37.5640979;55.6786988
Пушкинская, вход-выход 4 в совмещенный вестибюль;37.6038161;55.7654151
Полянка, вход-выход 1 в вестибюль;37.6186237;55.7368106
Пражская, вход-выход 12 в северный вестибюль;37.604379;55.613775
Пражская, вход-выход 1 в южный вестибюль;37.604446;55.6114647
Пражская, вход-выход 2 в южный вестибюль;37.6047469;55.6110863
Пражская, вход-выход 10 в северный вестибюль;37.6048726;55.6136747
Пражская, вход-выход 5 в южный вестибюль;37.6025606;55.6114306
Пражская, вход-выход 8 в южный вестибюль;37.6024484;55.6109456
Первомайская, вход-выход 1 в северный вестибюль;37.799006;55.795712
Первомайская, вход-выход 4 в южный вестибюль;37.799096;55.793647
Первомайская, вход-выход 2 в северный вестибюль;37.799610;55.795727
Первомайская, вход-выход 3 в южный вестибюль;37.799751;55.79365
Перово, вход-выход 6 в западный вестибюль;37.784385;55.751195
Перово, вход-выход 5 в западный вестибюль;37.784195;55.750977
Перово, вход-выход 8 в западный вестибюль;37.7850385;55.7511446
Перово, вход-выход 1 в восточный вестибюль;37.788378;55.751753
Перово, вход-выход 2 в восточный вестибюль;37.788346;55.75124
Пионерская, вход-выход 2 в восточный вестибюль;37.467458;55.736059
Планерная, вход-выход 2 в 1-й вестибюль;37.4367687;55.8595651
Площадь Ильича, вход-выход 1 в вестибюль;37.6807937;55.747275
Площадь Революции, вход-выход 11 в восточный вестибюль;37.623306;55.756397
Полежаевская, вход-выход 3 во 2-й вестибюль;37.5172062;55.7776443
Полежаевская, вход-выход 1 во 2-й вестибюль;37.5171557;55.7770229
Полежаевская, вход-выход 4 во 2-й вестибюль;37.5176384;55.7775861
Петровско-Разумовская, вход-выход 1 во 2-й (объединенный) вестибюль;37.5756124;55.836665
Печатники, вход-выход 5 в вестибюль;37.727827;55.692654
Печатники, вход-выход 3 в вестибюль;37.7278293;55.6928903
Печатники, вход-выход 4 в вестибюль;37.728458;55.692389
Печатники, вход-выход 2 в вестибюль;37.7284457;55.692675
Пионерская, вход-выход 1 в западный вестибюль;37.466756;55.735944
Полежаевская, вход-выход 7 в 1-й вестибюль;37.521500;55.777657
Полежаевская, вход-выход 6 в 1-й вестибюль;37.521486;55.777960
Тёплый стан, вход-выход 5 в северный вестибюль;37.5071612;55.6196587
Тургеневская, вход-выход 4 в вестибюль;37.6366194;55.7654719
Тургеневская, вход-выход 3 в вестибюль;37.6369063;55.7653368
Тушинская, вход-выход 5 в 1-й вестибюль;37.4360367;55.8256692
Тушинская, вход-выход 4 в 1-й вестибюль;37.4370076;55.8254341
Тушинская, вход-выход 2 во 2-й вестибюль;37.4374154;55.8273392
Тушинская, вход-выход 3 во 2-й вестибюль;37.4380376;55.8281911
Улица Горчакова, вход-выход 1 в вестибюль;37.5319534;55.5420806
Улица 1905 года, вход-выход 2 во 2-й вестибюль;37.560437;55.765435
Филёвский парк, вход-выход 1 в западный вестибюль;37.4829878;55.739437
Фили, вход-выход 3 в восточный вестибюль;37.515767;55.74529
Фрунзенская, вход-выход 1 в вестибюль;37.5805775;55.7274309
Царицыно, вход-выход 4 в северный вестибюль;37.6682219;55.6222568
Царицыно, вход-выход 5 в северный вестибюль;37.668722;55.622630
Царицыно, вход-выход 6 в северный вестибюль;37.668925;55.6224821
Царицыно, вход-выход 1 в южный вестибюль;37.6698636;55.6204932
Царицыно, вход-выход 2 в южный вестибюль;37.6704;55.620199
Тёплый стан, вход-выход 6 в северный вестибюль;37.5060675;55.6195654
Тёплый стан, вход-выход 1 в южный вестибюль;37.508677;55.617601
Тимирязевская, вход-выход 3 в вестибюль;37.574511;55.818659
Тимирязевская, вход-выход 1 в вестибюль;37.575101;55.818747
Тимирязевская, вход-выход 6 в вестибюль;37.5780576;55.8188162
Третьяковская, вход-выход 2 в вестибюль;37.625617;55.740683
Трубная, вход-выход 2 в вестибюль;37.6218566;55.7678427
Тульская, вход-выход 1 в южный вестибюль;37.622461;55.70783
Тульская, вход-выход 2 в северный вестибюль;37.62259;55.709564
Пролетарская, вход-выход 3 во 2-й вестибюль;37.668333;55.732291
Проспект Вернадского, вход-выход 1 в южный вестибюль;37.5045266;55.6765476
Проспект Вернадского, вход-выход 2 в южный вестибюль;37.5047335;55.6766633
Проспект Вернадского, вход-выход 4 в южный вестибюль;37.5052562;55.6763594
Проспект Вернадского, вход-выход 3 в южный вестибюль;37.5050632;55.676238
Проспект Вернадского, вход-выход 6 в южный вестибюль;37.5052832;55.6759002
Проспект Вернадского, вход-выход 5 в южный вестибюль;37.5057448;55.6761702
Пролетарская, вход-выход 2 во 2-й вестибюль;37.6680428;55.732445
Пролетарская, вход-выход 1 во 2-й вестибюль;37.6677589;55.7319672
Лермонтовский проспект, вход-выход 1 во 2-й вестибюль;37.853893;55.7007835
Боровицкая, вход-выход 6 в вестибюль;37.6091093;55.7505094
Охотный ряд, вход-выход 8 в северный вестибюль;37.617566;55.758683
Свиблово, вход-выход 3 в южный вестибюль;37.6514459;55.8543991
Свиблово, вход-выход 2 в северный вестибюль;37.654372;55.855739
Севастопольская, вход-выход 12 в вестибюль;37.5981861;55.6516395
Севастопольская, вход-выход 11 в вестибюль;37.5981808;55.651406
Севастопольская, вход-выход 10 в вестибюль;37.5986848;55.65096
Севастопольская, вход-выход 9 в вестибюль;37.5986795;55.6511966
Семеновская, вход-выход 1 в вестибюль;37.71929008;55.78315566
Серпуховская, вход-выход 3 в вестибюль;37.6248829;55.726855
Улица 1905 года, вход-выход 3 во 2-й вестибюль;37.560177;55.765717
Улица академика Янгеля, вход-выход 2 в южный вестибюль;37.6011148;55.5942546
Бульвар Рокоссовского, вход-выход 1 в северный вестибюль;37.7321792;55.8149979
Бульвар Рокоссовского, вход-выход 2 в северный вестибюль;37.7329306;55.8154001
Бульвар Рокоссовского, вход-выход 5 в южный вестибюль;37.7351755;55.8132836
Бульвар Рокоссовского, вход-выход 4 в южный вестибюль;37.7352186;55.813449
Серпуховская, вход-выход 2 в вестибюль;37.625760;55.726788
Славянский бульвар, вход-выход 1 в западный вестибюль;37.468856;55.728974
Славянский бульвар, вход-выход 4 в восточный вестибюль;37.47293;55.729345
Славянский бульвар, вход-выход 3 в восточный вестибюль;37.473107;55.730202
Славянский бульвар, вход-выход 2 в восточный вестибюль;37.472431;55.730934
Смоленская, вход-выход 1 в вестибюль;37.583806;55.747952
Смоленская, вход-выход 1 в вестибюль (Ф);37.5822488;55.749036
Сокол, вход 1 в западный вестибюль;37.514425;55.804503
Сокол, вход 2 в западный вестибюль;37.5150184;55.8055344
Сокол, вход-выход 6 в восточный вестибюль;37.515679;55.804340
Сокол, вход-выход 3 в восточный вестибюль;37.516390;55.805098
Сокол, вход-выход 4 в восточный вестибюль;37.516865;55.804970
Рижская, вход-выход 1 в вестибюль;37.6359244;55.7926231
Римская, вход-выход 2 в вестибюль;37.681359;55.746441
Рязанский проспект, вход-выход 2 в западный вестибюль;37.7926457;55.7162448
Савёловская, вход-выход 4;37.590304;55.793958
Савёловская, вход-выход 1 в вестибюль;37.5871596;55.7940558
Свиблово, вход-выход 1 в северный вестибюль;37.653862;55.856086
Свиблово, вход-выход 5 в южный вестибюль;37.6514186;55.8547925
Сокол, вход-выход 5 в восточный вестибюль;37.5162194;55.804217
Сокольники, вход-выход 2 в вестибюль;37.679849;55.789304
Сокольники, вход-выход 1 в вестибюль;37.679521;55.789257
Спортивная, вход-выход 1 в южный вестибюль;37.5618704;55.7222857
Спортивная, вход-выход 2 в северный вестибюль;37.5656975;55.7238319
Сретенский бульвар, вход-выход 6 в вестибюль;37.637075;55.766097
Строгино, вход-выход 1 в западный вестибюль;37.401437;55.803709
Строгино, вход-выход 4 в западный вестибюль;37.401883;55.804446
Сухаревская, вход-выход 1 в вестибюль;37.632071;55.772245
Сухаревская, вход-выход 2 в вестибюль;37.632951;55.772318
Сходненская, вход-выход 1 во 2-й вестибюль;37.4386091;55.8514481
Сходненская, вход-выход 2 во 2-й вестибюль;37.4388612;55.8515991
Сходненская, вход-выход 9 в 1-й вестибюль;37.439262;55.849603
Жулебино, вход-выход 2 в 1-й вестибюль;37.8554017;55.6841436
Строгино, вход-выход 8 в восточный вестибюль;37.404255;55.803098
Строгино, вход-выход 5 в восточный вестибюль;37.404768;55.803813
Студенческая, вход-выход 1 в вестибюль;37.548298;55.738902
Шоссе Энтузиастов, вход-выход 1 в вестибюль;37.751998;55.757578
Жулебино, вход-выход 8 во 2-й вестибюль;37.8565123;55.68613
Жулебино, вход-выход 10 во 2-й вестибюль;37.857681;55.686196
Жулебино, вход-выход 11 во 2-й вестибюль;37.857292;55.685816
Жулебино, вход-выход 7 в 1-й вестибюль;37.8549507;55.6848651
Жулебино, вход-выход 6 в 1-й вестибюль;37.854404;55.6848442
Жулебино, вход-выход 5 в 1-й вестибюль;37.8541303;55.6846472
Жулебино, вход-выход 1 в 1-й вестибюль;37.8557874;55.684466
Жулебино, вход-выход 3 в 1-й вестибюль;37.8547418;55.6836776
Улица 1905 года, вход-выход 1 в 1-й вестибюль;37.562145;55.763895
Улица академика Королёва, вход-выход в вестибюль;37.6265474;55.8218212
Улица академика Янгеля, вход-выход 4 в северный вестибюль;37.6001871;55.5958068
Улица академика Янгеля, вход-выход 1 в южный вестибюль;37.6004819;55.5944718
Улица академика Янгеля, вход-выход 5 в северный вестибюль;37.6012648;55.5961437
Улица академика Янгеля, вход-выход 3 в южный вестибюль;37.6018926;55.5941275
Улица академика Янгеля, вход-выход 7 в северный вестибюль;37.6027031;55.595992
Улица Милашенкова, вход-выход в вестибюль;37.591282;55.821901
Чкаловская, вход-выход 5 в вестибюль;37.660159;55.756228
Деловой центр, вход-выход 1 в вестибюль;37.537593;55.749036
Лесопарковая, вход-выход 1 в вестибюль;37.5778946;55.5816216
Улица Скобелевская, вход-выход 1 в южный вестибюль;37.5533041;55.5477054
Университет, вход-выход 2 в южный вестибюль;37.534935;55.6916707
Университет, вход-выход 1 в северный вестибюль;37.5346985;55.6933978
Филёвский парк, вход-выход 2 в восточный вестибюль;37.4836294;55.7396228
Битцевский парк, вход-выход 1 в вестибюль;37.556297;55.6004415
Пятницкое шоссе, вход-выход 1 в северный вестибюль;37.355271;55.857343
Пятницкое шоссе, вход-выход 4 в южный вестибюль;37.352861;55.854904
Митино, вход-выход 2 в северный вестибюль;37.360024;55.845982
Митино, вход-выход 4 в северный вестибюль;37.359332;55.846461
Митино, вход-выход 9 в южный вестибюль;37.363736;55.84469
Мякинино, вход-выход 1 в северный вестибюль;37.385342;55.826292
Бульвар Рокоссовского, вход-выход 3 в южный вестибюль;37.7356549;55.8141349
Улица Сергея Эйзенштейна, вход-выход в вестибюль;37.6449918;55.8294285
Строгино, вход-выход 2 в западный вестибюль;37.400553;55.803867
Строгино, вход-выход 3 в западный вестибюль;37.401208;55.804598
Строгино, вход-выход 7 в восточный вестибюль;37.405145;55.802894
Строгино, вход-выход 6 в восточный вестибюль;37.405607;55.803625
Киевская, вход-выход 5 в вестибюль с площади;37.564813;55.743095
Царицыно, вход-выход 3 в южный вестибюль;37.6706788;55.6197162
Черкизовская, вход-выход 3 в северный вестибюль;37.7445447;55.805133
Черкизовская, вход-выход 2 в северный вестибюль;37.7445503;55.8048131
Черкизовская, вход 1 в южный вестибюль;37.7444641;55.8027347
Чертановская, вход-выход 5 в северный вестибюль;37.605022;55.640738
Чертановская, вход-выход 1 в южный вестибюль;37.608036;55.6399002
Чеховская, вход-выход 11 в вестибюль;37.608605;55.765792
Сходненская, вход-выход 8 в 1-й вестибюль;37.4393629;55.8492989
Сходненская, вход-выход 3 во 2-й вестибюль;37.440023;55.851709
Сходненская, вход-выход 4 во 2-й вестибюль;37.4403099;55.8515441
Сходненская, вход-выход 5 в 1-й вестибюль;37.44072;55.849722
Сходненская, вход-выход 7 в 1-й вестибюль;37.4406824;55.8492661
Сходненская, вход-выход 6 в 1-й вестибюль;37.441083;55.849604
Таганская, вход-выход 2 в вестибюль;37.6529419;55.7393895
Таганская, вход-выход 3 в вестибюль;37.6534996;55.7396869
Таганская, вход-выход 4 в вестибюль;37.653618;55.7395075
Чистые пруды, вход 2 в вестибюль;37.6382452;55.7649693
Шоссе Энтузиастов, вход-выход 4 в вестибюль;37.751631;55.758527
Таганская, вход-выход 1 в вестибюль;37.6535961;55.7423722
Текстильщики, вход-выход 5 в западный вестибюль;37.729918;55.708138
Текстильщики, вход-выход 2 в восточный вестибюль;37.733556;55.708983
Текстильщики, вход-выход 3 в восточный вестибюль;37.733305;55.709499
Текстильщики, вход-выход 1 в восточный вестибюль;37.733220;55.708977
Домодедовская, вход-выход 1 в южный вестибюль;37.720775;55.611579
Алма-Атинская, вход-выход 1 в южный вестибюль номер 1;37.7650605;55.6334736
Площадь Ильича, вход-выход 3 в вестибюль;37.6790124;55.7464401
Шоссе Энтузиастов, вход-выход 3 в вестибюль;37.7513205;55.758464
Шоссе Энтузиастов, вход-выход 2 в вестибюль;37.751679;55.758443
Перово, вход-выход 7 в западный вестибюль;37.784696;55.751243
Домодедовская, вход-выход 3 из южного вестибюля;37.720523;55.610832
Шаболовская, вход 1 в вестибюль;37.6081344;55.718765
Шипиловская, вход-выход 5 в северный вестибюль;37.7439051;55.6221781
Шипиловская, вход-выход 1 в южный вестибюль;37.7442272;55.62029
Шипиловская, вход-выход 4 в северный вестибюль;37.7425049;55.6221086
Щёлковская, вход-выход 4 в северный вестибюль;37.799173;55.809924
Щёлковская, вход-выход 1 в северный вестибюль;37.798304;55.809836
Щёлковская, вход-выход 6 в южный вестибюль;37.798438;55.808367
Щёлковская, вход-выход 3 в северный вестибюль;37.798828;55.810575
Щёлковская, вход-выход 2 в северный вестибюль;37.798290;55.810529
Щёлковская, вход-выход 5 в южный вестибюль;37.798854;55.808374
Щукинская, вход-выход 1 во 2-й вестибюль;37.4629558;55.8089913
Щукинская, вход-выход 2 во 2-й вестибюль;37.4632352;55.8093474
Щукинская, вход-выход 4 в 1-й вестибюль;37.4654909;55.8077329
Щукинская, вход-выход 3 в 1-й вестибюль;37.465866;55.807997
Электрозаводская, вход-выход в вестибюль;37.705514;55.782136
Юго-Западная, вход-выход 3 в южный вестибюль;37.4820889;55.6627839
Юго-Западная, вход-выход 4 в южный вестибюль;37.4821613;55.6629904
Юго-Западная, вход-выход 2 в южный вестибюль;37.4831377;55.6625384
Юго-Западная, вход-выход 7 в северный вестибюль;37.4842914;55.6645394
Юго-Западная, вход-выход 8 в северный вестибюль;37.4841919;55.6643713
Юго-Западная, вход-выход 1 в южный вестибюль;37.4832504;55.6627638
Юго-Западная, вход-выход 5 в северный вестибюль;37.4831888;55.6646016
Юго-Западная, вход-выход 6 в северный вестибюль;37.4833208;55.6647681
Южная, вход-выход 4 в южный вестибюль;37.6077169;55.6213608
Южная, вход-выход 6 в северный вестибюль;37.6090425;55.6235439
Южная, вход-выход 2 в южный вестибюль;37.6090099;55.6209851
Южная, вход-выход 7 в северный вестибюль;37.6098201;55.623323
Сретенский бульвар, вход-выход 8 в вестибюль;37.636316;55.766286
Савёловская, вход-выход 5;37.589704;55.793108
Савёловская, вход-выход 6 (закрыт);37.585234;55.793770
Савёловская, вход-выход 7 (закрыт);37.584376;55.793586
Тимирязевская, вход-выход 2 в вестибюль;37.5749218;55.8190858
Тимирязевская, вход-выход 4 в вестибюль;37.5743134;55.8189829
Шипиловская, вход-выход 3 в южный вестибюль;37.7432401;55.6201443
Ясенево, вход-выход 3 в южный вестибюль;37.5348837;55.6055443
Ясенево, вход-выход 2 в южный вестибюль;37.5351978;55.6061274
Ясенево, вход-выход 8 в северный вестибюль;37.5329575;55.6066073
Ясенево, вход-выход 6 в северный вестибюль;37.5314215;55.6065836
Ясенево, вход-выход 7 в северный вестибюль;37.5316246;55.6068801
Ясенево, вход-выход 5 в северный вестибюль;37.5312065;55.606294
Ясенево, вход-выход 4 в южный вестибюль;37.5343397;55.6056622
Ясенево, вход-выход 1 в южный вестибюль;37.5346237;55.6062454
Цветной бульвар, вход-выход 1 в вестибюль;37.620746;55.771733
Домодедовская, вход-выход 10 в северный вестибюль;37.7172912;55.6099419
Домодедовская, вход-выход 8 в северный вестибюль;37.716669;55.610644
Домодедовская, вход-выход 4 в северный вестибюль;37.718494;55.610085
Бульвар Дмитрия Донского, вход-выход 4 в южный вестибюль;37.575167;55.568672
Бульвар Дмитрия Донского, вход-выход 3 в южный вестибюль;37.575896;55.568525
Улица Скобелевская, вход-выход 2 в северный вестибюль;37.5562869;55.5484399
Выхино, вход-выход 2 в вестибюль;37.8186793;55.7154339
Жулебино, вход-выход 9 во 2-й вестибюль;37.856904;55.6864963
Каширская, вход-выход 1 из южного вестибюля;37.6477302;55.654154
Каширская, вход-выход 2 из южного вестибюля;37.6473058;55.6543598
Каширская, вход-выход 4 из северного вестибюля;37.6500394;55.6557509
Каширская, вход-выход 3 из северного вестибюля;37.6496074;55.6559507
Кантемировская, вход-выход 4 в северный вестибюль;37.655505;55.636453
Кантемировская, вход-выход 2 в южный вестибюль;37.657816;55.634831
Домодедовская, вход-выход 12 в северный вестибюль;37.7182563;55.610022
Сретенский бульвар, вход-выход 7 в вестибюль;37.6366915;55.7663191
Достоевская, вход-выход 1 в вестибюль;37.6141122;55.7816457
Достоевская, вход-выход 2 в вестибюль;37.614141;55.781279
Достоевская, вход-выход 3 в вестибюль;37.613435;55.781204
Марьина роща, вход-выход 3 в 1-й вестибюль;37.615957;55.793739
Бульвар Дмитрия Донского, вход-выход 2 в южный вестибюль;37.576568;55.568022
Бульвар Дмитрия Донского, вход-выход 1 в южный вестибюль;37.5768837;55.568320
Бульвар Дмитрия Донского, вход-выход 10 в северный вестибюль;37.577874;55.569988
Бульвар Дмитрия Донского, вход-выход 9 в северный вестибюль;37.578132;55.570296
Бульвар Дмитрия Донского, вход-выход 8 в северный вестибюль;37.5766966;55.5706249
Аннино, вход-выход 3 в северный вестибюль;37.5971905;55.5835081
Улица академика Янгеля, вход-выход 6 в северный вестибюль;37.601979;55.596086
Пражская, вход-выход 7 в южный вестибюль;37.602867;55.6104776
Пражская, вход-выход 3 в южный вестибюль;37.6044868;55.6106299
Пражская, вход-выход 9 в северный вестибюль;37.6047011;55.613286
Пражская, вход-выход 11 в северный вестибюль;37.60417;55.613371
Южная, вход-выход 3 в южный вестибюль;37.6079826;55.6211368
Южная, вход-выход 1 в южный вестибюль;37.6092995;55.6216015
Южная, вход-выход 5 в северный вестибюль;37.6085884;55.6233815
Южная, вход-выход 8 в северный вестибюль;37.6097177;55.6228155
Чертановская, вход-выход 4 в северный вестибюль;37.6045774;55.6410713
Чертановская, вход-выход 3 в северный вестибюль;37.604834;55.641728
Чертановская, вход-выход 2 в северный вестибюль;37.605188;55.641913
Чертановская, вход-выход 6 в северный вестибюль;37.605497;55.640484
Чертановская, вход-выход 7 в северный вестибюль;37.605674;55.640415
Нагатинская, вход-выход 3 в южный вестибюль;37.621080;55.681717
Нагатинская, вход-выход 6 в северный вестибюль;37.6236051;55.684112
Нагатинская, вход-выход 7 в северный вестибюль;37.623651;55.6838692
Чеховская, вход-выход 14 в вестибюль;37.6081884;55.7660404
Чеховская, вход-выход 13 в вестибюль;37.607782;55.765875
Чеховская, вход-выход 12 в вестибюль;37.608125;55.765593
Белорусская, вход-выход 5 из вестибюля;37.5821305;55.7775707
Маяковская, вход-выход 2 в южный вестибюль;37.597155;55.769542
Новокузнецкая, вход-выход 1 из вестибюля;37.629602;55.742303
Измайловская, вход-выход 5 в западный вестибюль;37.779864;55.787619
Измайловская, вход-выход 2 в восточный вестибюль;37.7833601;55.7877293
Речной вокзал, вход-выход 2 из южного вестибюля;37.476757;55.854286
Войковская, вход-выход 2 в северный вестибюль;37.4967874;55.8196524
Сокол, выход 2 из западного вестибюля;37.5153342;55.8054549
Речной вокзал, вход-выход 1 в северный вестибюль;37.475765;55.855784
Тургеневская, вход-выход 5 в вестибюль;37.6375314;55.7657457
Сухаревская, вход-выход 4 в вестибюль;37.632861;55.772950
Сухаревская, вход-выход 3 в вестибюль;37.631842;55.773015
Ботанический сад, вход-выход 3 в северный вестибюль;37.6393029;55.846664
Перово, вход-выход 3 в западный вестибюль;37.785064;55.750615
Новогиреево, вход-выход 8 в западный вестибюль;37.815213;55.752147
Новогиреево, вход-выход 6 в западный вестибюль;37.8143874;55.7518282
Новогиреево, вход-выход 2 в восточный вестибюль;37.8188234;55.751609
Новогиреево, вход-выход 4 в восточный вестибюль;37.8181855;55.7513073
Тёплый стан, вход-выход 2 в южный вестибюль;37.5082986;55.6178525
Тёплый стан, вход-выход 4 в южный вестибюль;37.5078859;55.6174952
Тёплый стан, вход-выход 3 в южный вестибюль;37.5083041;55.6173485
Тёплый стан, вход-выход 9 в северный вестибюль;37.5054604;55.620127
Коньково, вход-выход 2 в южный вестибюль;37.519068;55.631832
Коньково, вход-выход 3 в южный вестибюль;37.5178067;55.6321937
Коньково, вход-выход 5 в северный вестибюль;37.5191636;55.6341265
Коньково, вход-выход 7 в северный вестибюль;37.5193886;55.6347764
Беляево, вход-выход 2 в южный вестибюль;37.5252102;55.64166
Беляево, вход-выход 3 в южный вестибюль;37.526020;55.641667
Беляево, вход-выход 6 в северный вестибюль;37.526585;55.643566
Беляево, вход-выход 7 в северный вестибюль;37.5273536;55.6436769
Калужская, вход-выход 8 в северный вестибюль;37.541653;55.657582
Новые Черёмушки, вход-выход 2 в южный вестибюль;37.5539665;55.669269
Новые Черёмушки, вход-выход 5 в северный вестибюль;37.5551472;55.6710722
Октябрьская, выход 1 из вестибюля кольцевой линии;37.610957;55.729146
Калужская, вход-выход 4 в южный вестибюль;37.539267;55.656396
Калужская, вход-выход 2 в южный вестибюль;37.539891;55.656039
Калужская, вход-выход 9 в северный вестибюль;37.540724;55.657920
Свиблово, вход-выход 4 в южный вестибюль;37.65118;55.8546056
Бабушкинская, вход-выход 5 в южный вестибюль;37.663208;55.868448
Бабушкинская, вход-выход 2 в северный вестибюль;37.6643751;55.8707105
Бабушкинская, вход-выход 3 в северный вестибюль;37.665231;55.870572
Перово, вход-выход 4 в западный вестибюль;37.784787;55.750544
Новые Черёмушки, вход-выход 8 в северный вестибюль;37.555662;55.670868
Профсоюзная, вход-выход 3 в южный вестибюль;37.5616571;55.6771381
Профсоюзная, вход-выход 2 в южный вестибюль;37.562204;55.676938
Профсоюзная, вход-выход 5 в северный вестибюль;37.5634052;55.6787501
Профсоюзная, вход-выход 8 в северный вестибюль;37.5639475;55.6785501
Академическая, вход-выход 3 в южный вестибюль;37.5722186;55.6870202
Академическая, вход-выход 2 в южный вестибюль;37.5729207;55.6868261
Академическая, вход-выход 6 в северный вестибюль;37.5740988;55.6887732
Академическая, вход-выход 7 в северный вестибюль;37.5748037;55.6885839
Шаболовская, выход 1 из вестибюля;37.6078527;55.7187168
Китай-город, вход-выход 11 в южный вестибюль;37.633601;55.753211
Китай-город, вход-выход 13 в южный вестибюль;37.633214;55.753031
Китай-город, вход-выход 7 в северный вестибюль;37.6318543;55.7570083
Зябликово, вход-выход 11 в южный вестибюль;37.744950;55.611072
Петровско-Разумовская, выход из вестибюля;37.5752041;55.8366001
Владыкино, вход-выход 2 из южного вестибюля;37.5894504;55.8460782
Отрадное, вход-выход 7 в южный вестибюль;37.603396;55.862508
Преображенская площадь, вход-выход 9 в южный вестибюль;37.7136586;55.7959432
Преображенская площадь, вход-выход 10 в южный вестибюль;37.7139381;55.7953691
Шипиловская, вход-выход 2 в южный вестибюль;37.7443096;55.6200017
Братиславская, вход-выход 2 в южный вестибюль;37.7498276;55.6590471
Дубровка, вход-выход 1 в вестибюль;37.676906;55.718009
Римская, вход-выход 4 в вестибюль;37.680107;55.746918
Чкаловская, вход-выход 6 в вестибюль;37.6581527;55.7559672
Преображенская площадь, вход-выход 11 в южный вестибюль;37.7142113;55.7952782
Преображенская площадь, вход-выход 4 в северный вестибюль;37.7173709;55.796357
Преображенская площадь, вход-выход 3 в северный вестибюль;37.717312;55.796439
Черкизовская, выход 1 из южного вестибюля;37.7450544;55.8027286
Жулебино, вход-выход 4 в 1-й вестибюль;37.8542378;55.6842382
Лермонтовский проспект, вход-выход 6 в 1-й вестибюль;37.849848;55.702099
Лермонтовский проспект, вход-выход 5 в 1-й вестибюль;37.850545;55.701738
Лермонтовский проспект, вход-выход 2 во 2-й вестибюль;37.8525934;55.7005819
Отрадное, вход-выход 6 в южный вестибюль;37.604135;55.862289
Бибирево, вход-выход 5 в южный вестибюль;37.6042175;55.8838921
Бибирево, вход-выход 3 в южный вестибюль;37.604883;55.883398
Бибирево, вход-выход 2 в северный вестибюль;37.601348;55.884416
Алтуфьево, вход-выход 8 в южный вестибюль;37.5865234;55.8969868
Алтуфьево, вход-выход 6 в южный вестибюль;37.5877304;55.8966671
Алтуфьево, вход-выход 3 в северный вестибюль;37.5878807;55.8991659
Алтуфьево, вход-выход 1 в северный вестибюль;37.5864325;55.8988252
Кропоткинская, вход-выход 2 в северный вестибюль;37.6053881;55.7458379
Охотный ряд, вход-выход 9 в северный вестибюль;37.617952;55.758783
Чистые пруды, выход 1 из вестибюля;37.6385347;55.7648289
Комсомольская, вход-выход 3 в вестибюль;37.655702;55.774493
Комсомольская, вход-выход в Казанский вокзал;37.6558441;55.7741984
Комсомольская, выход 3 из объединенного вестибюля;37.6562468;55.7762387
Преображенская площадь, вход-выход 7 в южный вестибюль;37.7138546;55.7963262
Преображенская площадь, вход-выход 8 в южный вестибюль;37.7135247;55.7962682
Белорусская, вход-выход 3 в восточный вестибюль;37.58613;55.777624
Комсомольская, вход 7 в вестибюль;37.6565984;55.7750909
Парк культуры, вход-выход 1 в вестибюль;37.593328;55.735313
Фили, вход-выход 1 из западного вестибюля;37.513817;55.746817
Фили, вход-выход 2 из западного вестибюля;37.51408;55.746908
Александровский сад, вход-выход 4 в восточный вестибюль (к кассам);37.611553;55.7522387
Выставочная, вход-выход 5 в вестибюль со стороны моста Багратион;37.543971;55.748092
Выставочная, вход-выход 4 в вестибюль со стороны Экспоцентра;37.542796;55.750071
Автозаводская, вход-выход 1 в южный вестибюль;37.6573197;55.7064354
Алтуфьево, вход-выход 2 в северный вестибюль;37.5864266;55.8992238
Алтуфьево, вход-выход 7 в южный вестибюль;37.5865178;55.8967211
Алтуфьево, вход-выход 5 в южный вестибюль;37.5877138;55.8970019
Алтуфьево, вход-выход 4 в северный вестибюль;37.5878484;55.898762
Аннино, вход-выход 2 в северный вестибюль;37.5966171;55.5838306
Александровский сад, вход-выход 1 в восточный вестибюль;37.610305;55.7519886
Александровский сад, вход-выход 5 в восточный вестибюль (в Александровский сад);37.6123922;55.7518779
Александровский сад, вход-выход 3 в восточный вестибюль;37.6106381;55.7525264
Алексеевская, вход-выход 1 в вестибюль;37.6385402;55.8079292
Аннино, вход-выход 1 в южный вестибюль;37.5962094;55.5814637
Арбатская (Арбатско-Покровская линия), вход-выход 7 в вестибюль;37.603279;55.752386
Арбатская, вход-выход 1 в вестибюль;37.6016349;55.7521203
Аэропорт, вход-выход 2 в северный вестибюль;37.53066;55.80040
Аэропорт, вход-выход 1 в северный вестибюль;37.5319322;55.8010499
Аэропорт, вход-выход 4 в южный вестибюль;37.5343722;55.799983
Аэропорт, вход-выход 3 в северный вестибюль;37.5318511;55.8013396
Бабушкинская, вход-выход 6 в южный вестибюль;37.6633714;55.868764
Бабушкинская, вход-выход 1 в северный вестибюль;37.6642327;55.8704586
Бабушкинская, вход-выход 4 в северный вестибюль;37.6650695;55.870296
Багратионовская, вход-выход 1 в западный вестибюль;37.497393;55.74366
Багратионовская, вход-выход 2 в восточный вестибюль;37.498136;55.743873
Баррикадная, вход-выход 2 в вестибюль;37.581254;55.760671
Автозаводская, вход-выход 3 в северный вестибюль;37.6573731;55.7085971
Автозаводская, вход-выход 2 в северный вестибюль;37.6582104;55.7084422
Академическая, вход-выход 4 в южный вестибюль;37.572374;55.6871598
Академическая, вход-выход 1 в южный вестибюль;37.5730611;55.6869507
Академическая, вход-выход 5 в северный вестибюль;37.5739375;55.6886305
Академическая, вход-выход 8 в северный вестибюль;37.5745675;55.6883706
Александровский сад, вход-выход 2 в восточный вестибюль;37.6101956;55.7522365
Алма-Атинская, вход-выход 2 в северный вестибюль номер 2;37.7668521;55.6321187
Лермонтовский проспект, вход-выход 3 во 2-й вестибюль;37.853175;55.699823
Лермонтовский проспект, вход-выход 4 во 2-й вестибюль;37.853435;55.699664
Кузьминки, вход-выход 1 в восточный вестибюль;37.7673191;55.705595
Кузьминки, вход-выход 4 в восточный вестибюль;37.766992;55.704878
Кузьминки, вход-выход 8 в западный вестибюль;37.7644433;55.705971
Кузьминки, вход-выход 5 в западный вестибюль;37.764105;55.705253
Текстильщики, вход-выход 4 в восточный вестибюль;37.733535;55.709554
Текстильщики, вход-выход 6 в западный вестибюль;37.729033;55.708550
Рязанский проспект, вход-выход 1 в восточный вестибюль;37.793673;55.717709
Волгоградский проспект, вход-выход 3 в западный вестибюль;37.685442;55.725542
Планерная, вход-выход 1 во 2-й вестибюль;37.4359691;55.8617814
Выхино, вход-выход 5 в вестибюль;37.8178371;55.7162301
Выхино, вход-выход 3 в вестибюль;37.8170054;55.7160518
Бауманская, вход-выход 1 в вестибюль;37.678778;55.772359
Братиславская, вход-выход 1 в южный вестибюль;37.7496881;55.6592742
Братиславская, вход-выход 3 в южный вестибюль;37.7489423;55.6587008
Авиамоторная, вход-выход 5 в вестибюль;37.7164033;55.7515696
Авиамоторная, вход-выход 4 в вестибюль;37.7163711;55.7516802
Авиамоторная, вход-выход 3 в вестибюль;37.7167999;55.7519564
Авиамоторная, вход-выход 6 в вестибюль;37.7166177;55.7512426
Авиамоторная, вход-выход 1 в вестибюль;37.7170683;55.7523119
Авиамоторная, вход-выход 2 в вестибюль;37.7174791;55.7519341
Авиамоторная, вход-выход 7 в вестибюль;37.7175141;55.7509368
Авиамоторная, вход-выход 8 в вестибюль;37.717731;55.7509721
Авиамоторная, вход-выход 9 в вестибюль;37.7178218;55.7510688
Волгоградский проспект, вход-выход 1 в западный вестибюль;37.688427;55.72486
Пролетарская, вход-выход 5 в 1-й вестибюль;37.6640628;55.7316821
Пролетарская, вход-выход 6 в 1-й вестибюль;37.6642394;55.7315311
Пролетарская, вход-выход 7 в 1-й вестибюль;37.664315;55.7314431
Беговая, вход-выход 6 в 1-й вестибюль;37.548946;55.7730204
Тушинская, вход-выход 1 во 2-й вестибюль;37.4370025;55.8274301
Спартак, вход-выход 3 в 1-й вестибюль;37.43463;55.8174959
Спартак, вход-выход 5 в 1-й вестибюль;37.4340509;55.8175469
Спартак, вход-выход 4 в 1-й вестибюль;37.4339862;55.8171942
Спартак, вход-выход 2 в 1-й вестибюль;37.4345598;55.8171574
Спартак, вход-выход 1 в 2-й вестибюль;37.4355097;55.8195532
Тропарёво, вход-выход 8 в 1-й вестибюль;37.4735129;55.6461425
Тропарёво, вход-выход 7 в 1-й вестибюль;37.474398;55.6465539
Тропарёво, вход-выход 1 во 2-й вестибюль;37.4717578;55.6453196
Тропарёво, вход-выход 2 во 2-й вестибюль;37.4709532;55.6449484
Тропарёво, вход-выход 3 во 2-й вестибюль;37.4721169;55.6450545
Тропарёво, вход-выход 4 во 2-й вестибюль;37.4713839;55.6447182
Тропарёво, вход-выход 5 во 2-й вестибюль;37.4727678;55.64455
Тропарёво, вход-выход 6 во 2-й вестибюль;37.472059;55.6442227
Пушкинская, вход-выход 6 в совмещенный вестибюль;37.6054893;55.7650181
Пушкинская, вход-выход 10 в совмещенный вестибюль;37.6054464;55.7642656
Пушкинская, вход-выход 11 в совмещенный вестибюль;37.608766;55.765759
Пушкинская, вход-выход 8 в совмещенный вестибюль;37.605901;55.764754
Пушкинская, вход-выход 13 в совмещенный вестибюль;37.607881;55.765889
Котельники, вход-выход 5 в 1-й вестибюль;37.8563054;55.6753333
Котельники, вход-выход 4 в 1-й вестибюль;37.8564195;55.6748635
Котельники, вход-выход 3 в 1-й вестибюль;37.857287;55.674517
Котельники, вход-выход 6 в 1-й вестибюль;37.8576946;55.6761333
Котельники, вход-выход 7 в 1-й вестибюль;37.858087;55.676840
Котельники, вход-выход 2 во 2-й вестибюль;37.8587337;55.6737847
Котельники, вход-выход 1 во 2-й вестибюль;37.8592766;55.6735212
Бульвар Дмитрия Донского, вход-выход 5 в южный вестибюль;37.574941;55.568405
Чертановская, вход-выход 8 в северный вестибюль;37.605908;55.640318
Нагорная, вход-выход 3 в вестибюль;37.610909;55.672928
Тимирязевская, вход-выход 7 в вестибюль;37.5762248;55.8193496
Тимирязевская, вход-выход 5 в вестибюль;37.576113;55.818872
Марьина Роща, вход-выход 2 в 1-й вестибюль;37.617087;55.793866
Дубровка, вход-выход 2 в вестибюль;37.677219;55.717731
Войковская, вход-выход 4 в южный вестибюль;37.4981752;55.8179301
Воробьёвы горы, вход-выход 3 в южный вестибюль;37.5576425;55.7094701
Лубянка, вход-выход 11 в южный вестибюль (Детский мир);37.625138;55.759845
Новые Черёмушки, вход-выход 3 в южный вестибюль АА;37.5534261;55.6694562
Павелецкая, выход 2 из вестибюля Кольцевой линии;37.6358771;55.7316865
Киевская, вход-выход 4 в вестибюль;37.567234;55.7443435
Киевская,вход-выход 2 в вестибюль;37.5669578;55.7441049
Комсомольская, вход 8 в вестибюль;37.6579115;55.7773725
Технопарк, вход-выход 2 в северный вестибюль;37.664749;55.692807
Технопарк, вход-выход 4 в северный вестибюль;37.664490;55.694716
Технопарк, выход 1 в северный вестибюль;37.664115;55.694189
Технопарк, вход-выход 3 в северный вестибюль;37.663342;55.694489
Румянцево вход-выход 1 в южный вестибюль;37.439908;55.632939
Румянцево вход-выход 2 в северный вестибюль;37.443499;55.632964
Саларьево, выход 2 в южный вестибюль;37.424599;55.621985
Саларьево, вход 1 в северный вестибюль;37.424116;55.621627
Фонвизинская, вход-выход 3 в 1-й вестибюль;37.589410;55.822225
Бутырская, вход-выход 1 в вестибюль 2;37.601833;55.814106
Петровско-Разумовская, вход -выход в первый вестибюль;37.573883;55.833251
Петровско-Разумовская, вход-выход в объединенный вестибюль;37.575981;55.836629
Андроновка, вход-выход 2;37.736613;55.746438
Андроновка, вход-выход 1;37.737601;55.746034
Измайлово, вход-выход 1;37.746192;55.788479
Измайлово, вход-выход 2;37.743341;55.788392
Локомотив, вход-выход 4;37.745779;55.803199
Локомотив, вход-выход 1;37.745116;55.802735
Бульвар Рокоссовского, вход-выход 1;37.737614;55.815836
Белокаменная, вход-выход 1;37.702533;55.829815
Белокаменная, вход-выход 2;37.701823;55.829128
Ростокино, вход-выход 1;37.669025;55.839267
Ростокино, вход-выход 2;37.668708;55.838983
Владыкино, вход-выход 1;37.590832;55.848215
Владыкино, вход-выход 2;37.589783;55.846329
Окружная, вход-выход 1;37.572741;55.848466
Верхние Котлы, вход-выход 2;37.618022;55.69013
ЗИЛ, вход-выход 2;37.648603;55.699421
ЗИЛ, вход-выход 1;37.650607;55.698447
Автозаводская, вход-выход 1;37.662899;55.705366
Автозаводская, вход-выход 2;37.660571;55.705993
Угрешская, вход-выход 1;37.695995;55.717481
Угрешская, вход-выход 2;37.695652;55.717972
Угрешская, вход-выход 3;37.694644;55.718487
Новохохловская, вход-выход 1;37.717679;55.724616
Новохохловская, вход-выход 2;37.71803;55.724243
Дубровка, вход-выход 1;37.676646;55.711591
Дубровка, вход-выход 3;37.67654;55.712016
Дубровка, вход-выход 2;37.675540;55.712889
Окружная, вход-выход 2;37.572848;55.848789
Лихоборы, вход-выход 2;37.553611;55.846922
Лихоборы, вход-выход 1;37.552485;55.848437
Балтийская, вход-выход 1;37.493991;55.825623
Стрешнево, вход-выход 2;37.488079;55.812629
Шелепиха, вход-выход 2 в 1-й вестибюль;37.525104;55.756268
Кутузовская, вход-выход южный вестибюль;37.534021;55.739566
Лужники, вход-выход;37.560927;55.72088
Площадь Гагарина, вход-выход 2 АА;37.586713;55.706911
Крымская, вход-выход 1;37.606426;55.689973
Крымская, вход-выход 2;37.604996;55.690291
Верхние Котлы, вход-выход 1;37.618185;55.689873
Шоссе энтузиастов, вход-выход 1;37.748493;55.758882
Шоссе энтузиастов, вход-выход 2;37.745428;55.758792
Ботанический Сад, вход-выход 1;37.639684;55.845864
Ботанический Сад, вход-выход 2;37.639685;55.845328
Хорошёво, вход-выход 1;37.507364;55.776923
Деловой центр, вход-выход 5;37.531719;55.747781
Деловой центр, вход-выход 4;37.532985;55.747921
Площадь Гагарина, вход-выход 1 АА;37.585563;55.707203
Соколиная гора, вход-выход 2 АА;37.747759;55.770326
Соколиная гора, вход-выход 1 АА;37.748201;55.770252
Соколиная гора, вход-выход 3;37.746088;55.770137
Соколиная гора, вход-выход 5;37.7450907;55.7699209
Минская, вход-выход 1;37.498177;55.723626
Минская, вход-выход 2;37.497627;55.723460
Раменки, вход-выход 1 в вестибюль 2;37.497911;55.696806
Раменки, вход-выход 2 в вестибюль 2;37.497160;55.696361
Раменки, вход-выход 3 в вестибюль 2;37.496259;55.696873
Раменки, вход-выход 4 в вестибюль 2;37.496672;55.697100
Раменки, вход-выход 5 в вестибюль 1;37.499270;55.698485
Раменки, вход-выход 6 в вестибюль 1;37.499855;55.698797
Ломоносовский проспект, вход-выход 2 в во 2-й вестибюль;37.513423;55.705405
Ломоносовский проспект, вход-выход 3 во 2-й вестибюль;37.512549;55.705872
Ломоносовский проспект, вход-выход 4 во 2-й вестибюль;37.514524;55.706777
Ломоносовский проспект, вход-выход 5 в 1-й вестибюль;37.518038;55.707613
Ломоносовский проспект, вход-выход 6 в 1-й вестибюль;37.517277;55.707311
Парк победы, вход-выход 6 АА;37.515447;55.737099
Пушкинская, вход-выход 1 к «Известиям»;37.604157;55.766041
Ховрино, вход-выход 5 в 1-й вестибюль;37.482345;55.877286
Ховрино, вход-выход 4 во 1-й вестибюль;37.481513;55.877510
Ховрино, вход-выход 1 во 2-й вестибюль;37.480658;55.879294
Петровский парк, вход-выход 4 в 1-й вестибюль;37.558749;55.792679
Петровский парк, вход-выход 5 в 1-й вестибюль;37.558330;55.792257
Петровский парк, вход-выход 3 во 2-й вестибюль;37.556103;55.790692
ЦСКА, вход-выход 2 в 1-й вестибюль;37.532015;55.785736
ЦСКА, вход-выход 1 во 2-й вестибюль;37.534268;55.787356
Хорошёвская, вход-выход 2 в 1-й вестибюль;37.517028;55.777371
Хорошёвская, вход-выход 8 во 2-й вестибюль;37.521915;55.776995
Шелепиха, вход-выход 1 в 1-йвестибюль;37.524410;55.755967
Шелепиха, вход-выход 4 во 2-й вестибюль;37.523230;55.757782
Окружная, вход-выход 2, вестибюль 1 АА;37.572901;55.848338
Окружная, вход-выход 3, вестибюль 1 АА;37.576175;55.843903
Окружная, вход-выход 1, вестибюль 2 АА;37.572869;55.848852
Верхние Лихоборы, вход-выход 4 в вестибюль 1;37.561126;55.854575
Верхние Лихоборы, вход-выход 1 в вестибюль 2;37.559627;55.857366
Верхние Лихоборы, вход-выход 2 в вестибюль 2;37.559982;55.857765
Верхние Лихоборы, вход-выход 3 в вестибюль 2;37.560684;55.857508
Селигерская, вход-выход 3 в 1-й вестибюль;37.548314;55.865397
Селигерская, вход-выход 4 в 1-й вестибюль;37.548062;55.866015
Селигерская, вход-выход 1 во 2-й вестибюль;37.546566;55.865490
Селигерская, вход-выход 2 во 2-й вестибюль;37.545890;55.865189
Мичуринский проспект, вход-выход 2 АА;37.483401;55.689594
Мичуринский проспект, вход-выход 1 АА;37.483989;55.688560
Озерная, вход-выход 3, вестибюль 1 АА;37.450153;55.671377
Озерная, вход-выход 4, вестибюль 1 АА;37.450714;55.671623
Озерная, вход-выход 2, вестибюль 1 АА;37.451291;55.670665
Озерная, вход-выход 1, вестибюль 2;37.447595;55.670413
Говорово, вход-выход 3 в вестибюль 1;37.418770;55.659340
Говорово, вход-выход 4 в вестибюль 1;37.417912;55.659355
Говорово, вход-выход 2 в вестибюль 2;37.415686;55.659361
Говорово, вход-выход 1 в вестибюль 2;37.416347;55.659387
Солнцево, вход-выход 4 во 2-й вестибюль;37.391905;55.650061
Солнцево, вход-выход 2 в 1-й вестибюль;37.389874;55.648598
Солнцево, вход-выход 1 в 1-й вестибюль;37.390365;55.648455
Боровское шоссе, вход-выход 3, вестибюль 2;37.371789;55.648399
Боровское шоссе, вход-выход 1 в вестибюль 1;37.368589;55.647142
Новопеределкино, вход-выход 3 во 2-й вестибюль;37.356337;55.640613
Новопеределкино, вход-выход 4 во 2-й вестибюль;37.356265;55.640068
Новопеределкино, вход-выход 2 во 2-й вестибюль;37.353450;55.638905
Новопеределкино, вход-выход 1 во 2-й вестибюль;37.353960;55.638629
Рассказовка, вход-выход 3, вестибюль 1;37.334769;55.634202
Рассказовка, вход-выход 4, вестибюль 1;37.335603;55.634309
Рассказовка, вход-выход 5, вестибюль 1;37.336590;55.634466
Рассказовка, вход-выход 1, вестибюль 2;37.332704;55.633872
Рассказовка, вход-выход 2, вестибюль 2;37.333584;55.633998
Беломорская, вход-выход 1;37.475089;55.865217
Беломорская, вход-выход 2;37.476210;55.865504
Зорге, вход-выход 1;37.502520;55.789005
Зорге, вход-выход 3;37.507018;55.789452
Панфиловская, вход-выход 1;37.498397;55.797227
Панфиловская, вход-выход 2;37.499876;55.798441
Коптево, вход-выход 1;37.520884;55.840923
Коптево, вход-выход 2;37.522684;55.839702
Савеловская, вход-выход 1 АА;37.587048;55.793946
Савеловская, вход-выход 3;37.589725;55.794021
Лухмановская, вход-выход 4;37.896188;55.709424
Лухмановская, вход-выход 3;37.896687;55.709702
Лухмановская, вход-выход 2;37.897175;55.709642
Лухмановская, вход-выход 1;37.902522;55.708211
Некрасовка, вход-выход 1;37.929124;55.702648
Некрасовка, вход-выход 10;37.924331;55.703822
Некрасовка, вход-выход 11;37.925329;55.704604
Некрасовка, вход-выход 2;37.930519;55.701930
Некрасовка, вход-выход 3;37.930165;55.701667
Некрасовка, вход-выход 4;37.928711;55.702406
Некрасовка, вход-выход 5;37.926917;55.703801
Некрасовка, вход-выход 6;37.926477;55.703486
Некрасовка, вход-выход 7;37.925678;55.703153
Некрасовка, вход-выход 8;37.925399;55.703280
Некрасовка, вход-выход 9;37.924573;55.703683
Улица Дмитриевского, вход-выход 1;37.877554;55.710814
Улица Дмитриевского, вход-выход 2;37.878113;55.710847
Улица Дмитриевского, вход-выход 3;37.879491;55.710886
Филатов луг, вход-выход 1;37.409191;55.601421
Филатов луг, вход-выход 2;37.406981;55.600717
Прокшино, вход-выход 2 АА;37.433688;55.586903
Прокшино, вход-выход 1 АА;37.432658;55.585967
Ольховая, вход-выход 1;37.459612;55.568309
Коммунарка, вход-выход 2;37.470416;55.559825
Коммунарка, вход-выход 1;37.469832;55.560132
Коммунарка, вход-выход 3;37.468834;55.559688
Коммунарка, вход-выход 4;37.468212;55.559439
Косино, вход-выход 5 в вестибюль 1;37.850991;55.702815
Косино, вход-выход 7 в вестибюль 2;37.850286;55.704281
Спортивная, выход из северного вестибюля;37.5655148;55.7239984
Кропоткинская, выход из южного вестибюля;37.6016736;55.7450636
Комсомольская, вход 1 Сокольнической линии с Ярославского вокзала;37.6568976;55.7774812
Октябрьская, выход 2 из вестибюля Кольцевой линии;37.6109171;55.7294594
Юго-Восточная, вход-выход 1 в вестибюль;37.81790720;55.7051263
Юго-Восточная, вход-выход 2 в вестибюль;37.81782137;55.7057866
Юго-Восточная, вход-выход 3 в вестибюль;37.81648563;55.7056321
Юго-Восточная, вход-выход 4 в вестибюль;37.81682895;55.7058745
Окская, вход-выход 1 в вестибюль;37.78048645;55.7187253
Окская, вход-выход 2 в вестибюль;37.78106045;55.7190917
Окская, вход-выход 3 в вестибюль;37.78131257;55.7194671
Окская, вход-выход 4 в вестибюль;37.78217712;55.7186004
Стахановская, вход-выход 1 в вестибюль;37.75292723;55.7274658
Стахановская, вход-выход 2 в вестибюль;37.75149493;55.7271873
Нижегородская, вход-выход 4 в вестибюль номер 1;37.729302;55.732024
Лефортово, вход-выход 1 в вестибюль;37.70492863;55.7644639
Фонвизинская, вход-выход 4 в 1-й вестибюль;37.589056;55.821730
Фонвизинская, вход-выход 1 во 2-й вестибюль;37.586074;55.823595
Фонвизинская, вход-выход 2 во 2-й вестибюль;37.586546;55.824017
Ховрино, вход-выход 2 во 2-й вестибюль;37.4800019;55.8785425
Ховрино, вход-выход 3 во 2-й вестибюль;37.4802943;55.8780027
Хорошёво, вход-выход 2;37.506481;55.777711
Хорошёвская, вход-выход 5 во 2-й вестибюль;37.520828;55.777926
Шелепиха, вход-выход 3;37.525967;55.756705
Авиамоторная, вход-выход 1 в вестибюль (БКЛ);37.71947796;55.7532463
Бутырская, вход-выход 4 в вестибюль 1;37.604347;55.812523
Измайлово, вход-выход 3;37.742729;55.788461
Измайловская, вход-выход 3 в восточный вестибюль;37.783228;55.787620
Измайловская, вход-выход 4 в западный вестибюль;37.780152;55.787611
Измайловская, вход-выход 7 в западный вестибюль;37.780143;55.787800
Лихоборы, вход-выход 3;37.5534097;55.8470851
Лихоборы, вход-выход 4;37.5518169;55.848434
Маяковская, вход-выход 3 в южный вестбюль;37.597239;55.769445
Международная, вход-выход 6 в 1-й вестибюль;37.534391;55.747474
Международная, вход-выход 6 в 1-й в вестибюль;37.535759;55.747751
Международная, вход-выход 2 во 2-й вестибюль;37.533334;55.7487137
Нижегородская, вход-выход 6;37.730478;55.732786
Раменки, вход-выход 7 в вестибюль 1;37.500945;55.698424
Саларьево, вход-выход 2А;37.422748;55.621387
Саларьево, вход-выход 2В;37.421949;55.621721
Саларьево, вход-выход 3А;37.422603;55.621627
Саларьево, вход-выход 3В;37.421745;55.621642
Саларьево, вход-выход 4А;37.422426;55.621180
Саларьево, вход-выход 4В;37.421498;55.621575
Саларьево, вход-выход 5А;37.422276;55.621068
Саларьево, вход-выход 5В;37.421235;55.621514
Стрешнево, вход-выход 3;37.4872291;55.8145411
Технопарк, выход 5 в северный вестибюль;37.664576;55.694192
Технопарк, вход-выход 6 в северный вестибюль;37.665751;55.694552
Технопарк, вход-выход 7 в северный вестибюль;37.667103;55.694643
Технопарк, вход-выход 8 в северный вестибюль;37.667081;55.694468
Ховрино, вход-выход 6 в 1-й вестибюль;37.481600;55.876900
Балтийская, вход-выход 2;37.49516;55.82455
Беговая,вход-выход 4 в 1-й вестибюль;37.54897;55.77326
Боровское шоссе, вход-выход 2 в вестибюль 2;37.3712129;55.6481824
Бутырская, вход-выход 2 в вестибюль 2;37.600916;55.814164
Бутырская, вход-выход 3 в вестибюль 1;37.603875;55.812336
Деловой центр, вход-выход 2 в вестибюль;37.538825;55.748201
Деловой центр, вход-выход 3 в вестибюль;37.538761;55.748843
Домодедовская, вход-выход 5 в северный вестибюль;37.717847;55.611412
Домодедовская, вход-выход 6 в северный вестибюль;37.716677;55.6111175
Кутузовская, вход-выход северный вестибюль;37.533477;55.7402238
Ломоносовский проспект, вход-выход 1 во 2-й вестибюль;37.5154001;55.706276
Международная, вход-выход 1 во 2-й вестибюль;37.533603;55.747889
Мякинино, вход-выход 2 в северный вестибюль;37.386565;55.825916
Отрадное, вход-выход 1 в северный вестибюль;37.6045907;55.8643610
Отрадное, вход-выход 4 в северный вестибюль;37.6060552;55.8639387
Петровско-Разумовская, вход-выход 4 в 1-й вестибюль;37.572543;55.833272
Печатники, вход-выход 1 в вестибюль;37.7283267;55.692846
Соколиная гора, вход-выход 4;37.7450907;55.7699209
Солнцево, вход-выход 3 во 2-й вестибюль;37.3924585;55.6506675
Стрешнево, вход-выход 1;37.4860835;55.8121761
Нижегородская, вход-выход 1 в вестибюль номер 2;37.730364;55.731221
Нижегородская, вход-выход 2 в вестибюль номер 2;37.730975;55.730876
Нижегородская, вход-выход 3 в вестибюль номер 2;37.731592;55.730740
Нижегородская, вход-выход 5;37.730672;55.732877
Нижегородская, вход-выход 7;37.730855;55.733506
Аннино, вход-выход 4 в северный вестибюль;37.59791;55.58370
Марьино, вход-выход 2 в южный вестибюль;37.7439623;55.6489065
Электрозаводская вход-выход в вестибюль (БКЛ);37.7039620;55.7809372
Пражская, вход-выход 4 в южный вестибюль;37.6039017;55.610605
Народное Ополчение,вход-выход 1 в 1-й вестибюль;37.48359685;55.77535736
Народное Ополчение,вход-выход 2 в 1-й вестибюль;37.48326426;55.77557203
Народное Ополчение,вход-выход 3 в 2-й вестибюль;37.48651509;55.77570205
Народное Ополчение,вход-выход 4 в 2-й вестибюль;37.48735731;55.77548133
Мнёвники,вход-выход 1 в 1-й вестибюль;37.47138012;55.76026171
Мнёвники, вход-выход 2 в 1-й вестибюль;37.47172881;55.76017096
Мнёвники,вход-выход 3 в 2-й вестибюль;37.47233066;55.76200533
Мнёвники, вход-выход 4 в 2-й вестибюль;37.47264716;55.76196903
