Немецкий салон « Эльза»;химическая чистка и крашение;город Москва, Абрамцевская улица, дом 9, корпус 1;37.5724443422383000;55.9033737030995000
Bianca;химическая чистка и крашение;город Москва, переулок Сивцев Вражек, дом 6/2;37.5981275484399900;55.7473904905259940
Диана Химчистка;химическая чистка и крашение;город Москва, улица Авиаторов, дом 18;37.3997720000000000;55.6446300000000000
Химчистка Диана;химическая чистка и крашение;город Москва, Певческий переулок, дом 1/2, строение 1;37.6422156740089950;55.7518605906360920
Еврохимчистка Леда;химическая чистка и крашение;город Москва, Башиловская улица, дом 3, корпус 1;37.5764894362690000;55.7939255798692000
ФИРМА «ХИМЧИСТКА 22» (ПРИЕМНЫЙ ПУНКТ);химическая чистка и крашение;город Москва, Брянская улица, дом 12;37.5589681779615000;55.7447263496454000
ДОМИК БЫТА;химическая чистка и крашение;город Москва, Денежный переулок, дом 4;37.5884098121350120;55.7428405750959040
Диана;химическая чистка и крашение;город Москва, Воронежская улица, дом 24, корпус 1;37.7357589999999950;55.6104237154196990
Немецкая Химчистка;химическая чистка и крашение;город Москва, 1-й Вражский переулок, дом 4;37.5748475089446150;55.7396932867851260
Moroni;химическая чистка и крашение;город Москва, улица Большая Якиманка, дом 32;37.6123062094096880;55.7347348982145900
Контраст;химическая чистка и крашение;город Москва, улица Большая Якиманка, дом 32, сооружение 1;37.6127311215925960;55.7352698519549250
Приемный пункт химчистки;химическая чистка и крашение;город Москва, Дубнинская улица, дом 16, корпус 1;37.5629042296725610;55.8688146312614510
Пункт приема химчистки «Контраст»;химическая чистка и крашение;город Москва, Ленинский проспект, дом 21;37.5962211562053810;55.7180292864246670
Химчистка Диана;химическая чистка и крашение;город Москва, улица Большие Каменщики, дом 6, строение 1;37.6550320000000000;55.7360930000000000
Контраст;химическая чистка и крашение;город Москва, Старая Басманная улица, дом 28/2;37.6677593217914000;55.7680651578077000
Химчистка №1;химическая чистка и крашение;город Москва, Комсомольский проспект, дом 44;37.5723694754084580;55.7206966878876320
Химчистка;химическая чистка и крашение;город Москва, улица Короленко, дом 6А;37.6915460000000020;55.7956257689373560
Приемный пункт химчистки;химическая чистка и крашение;город Москва, улица Зои и Александра Космодемьянских, дом 36А;37.5250910000000000;55.8239850000000000
Еврохимчистка;химическая чистка и крашение;город Москва, Ленинский проспект, дом 60/2;37.5583672124839000;55.6961324930357000
Бутик Химчистка;химическая чистка и крашение;город Москва, Ленинский проспект, дом 69;37.5501661689003260;55.6900917687480050
ДИАНА;химическая чистка и крашение;город Москва, Ленинский проспект, дом 87;37.5349862236357620;55.6794886572382170
Италклин;химическая чистка и крашение;город Москва, улица Лихоборские Бугры, дом 6;37.5479960000000000;55.8424160000000000
ПРИЕМНЫЙ ПУНКТ ХИМЧИСТКИ «ЛЕДА»;химическая чистка и крашение;город Москва, улица Маршала Малиновского, дом 8;37.4938985334468000;55.7926367614006000
Контраст;химическая чистка и крашение;город Москва, проспект Мира, дом 58;37.6360341535621000;55.7856152987833000
ХИМЧИСТКА КОНТРАСТ;химическая чистка и крашение;город Москва, Можайское шоссе, дом 32;37.4184805085370800;55.7196250400869810
Лавандерия (приемный пункт);химическая чистка и крашение;город Москва, Мосфильмовская улица, дом 22;37.5246739251610000;55.7212186576213000
ЕВРОЧИСТКА ЛЮКС;химическая чистка и крашение;город Москва, улица Скульптора Мухиной, дом 3;37.3480418660841000;55.6424318981859000
Химчистка «Леда»;химическая чистка и крашение;город Москва, Нижегородская улица, дом 2, корпус 1;37.6745422604528740;55.7384979362932280
Химчиска Диана;химическая чистка и крашение;город Москва, Озерковская набережная, дом 44;37.6391230000000000;55.7364420000000000
Гарант чистоты;химическая чистка и крашение;город Москва, Онежская улица, дом 11/11;37.5204286057173700;55.8489269086873390
Химчистка «Диана»;химическая чистка и крашение;город Москва, 3-я Парковая улица, дом 4;37.7846835881618900;55.7890085419813390
Химчистка «Диана»;химическая чистка и крашение;город Москва, 10-я Парковая улица, дом 6;37.8034250986232440;55.7948065943511220
Приемный пункт химчистки;химическая чистка и крашение;город Москва, Первомайская улица, дом 34/16;37.7837927961278840;55.7925603789950770
ПП ПРАЧЕЧНОЙ-ХИМЧИСТКИ;химическая чистка и крашение;город Москва, Планерная улица, дом 12, корпус 1;37.4366326348175700;55.8621284952722590
Химчистка «Сударь» приемный пункт;химическая чистка и крашение;город Москва, Полярная улица, дом 17, корпус 1;37.6358350000000000;55.8763950000000000
Химчистка;химическая чистка и крашение;город Москва, Просторная улица, дом 8;37.7170690523215000;55.8049393650166000
Снежинка;химическая чистка и крашение;город Москва, Профсоюзная улица, дом 43, корпус 2;37.5560103748658140;55.6674709794753610
МИРАБЕЛА;химическая чистка и крашение;город Москва, Профсоюзная улица, дом 116, корпус 1;37.5214216542209020;55.6384609848915370
Химчистка;химическая чистка и крашение;город Москва, Рублёвское шоссе, дом 34, корпус 1;37.4174400910049000;55.7481891847435000
Контраст;химическая чистка и крашение;город Москва, Русаковская улица, дом 22;37.6788046585147000;55.7865835396038000
Контраст;химическая чистка и крашение;город Москва, улица Свободы, дом 42;37.4549061975648530;55.8462750944267580
Химчистка «Диана»;химическая чистка и крашение;город Москва, Сиреневый бульвар, дом 16, корпус 1;37.7867766399087160;55.8022786680377220
ХИМЧИСТКА 22;химическая чистка и крашение;город Москва, Староконюшенный переулок, дом 26;37.5951900793499330;55.7480753877767650
Белый Лебедь;химическая чистка и крашение;город Москва, Тихвинская улица, дом 3, корпус 1;37.6010078091808780;55.7859050857680430
Пункт приёма Шведская химчистка;химическая чистка и крашение;город Москва, Большая Тульская улица, дом 2;37.6208110000000000;55.7101840000000000
Еврохимчистка ЛЕДА;химическая чистка и крашение;город Москва, Новопесчаная улица, дом 19, корпус 3;37.5128679999999970;55.7957817689828060
Приемный пункт химчистки;химическая чистка и крашение;город Москва, улица Дмитрия Ульянова, дом 10/1, корпус 1;37.5668915134251830;55.6895493672693650
Диана;химическая чистка и крашение;город Москва, Уральская улица, дом 6, корпус 1;37.7992304276956000;55.8145806187858000
Альбион-А;химическая чистка и крашение;город Москва, Ферганская улица, дом 14/13;37.8100385496084140;55.7074540328936010
Химчистка «ШАГ»;химическая чистка и крашение;город Москва, Большая Филёвская улица, дом 21/19, корпус 3;37.4923751789506530;55.7462060289662560
Диана;химическая чистка и крашение;город Москва, улица Ивана Франко, дом 32, корпус 1;37.4233698417245000;55.7284596714581000
ФАБРИКА химчистка и крашения одежды №1 ИМ.КОТОВСКОГО;химическая чистка и крашение;город Москва, улица Покровка, дом 7/9-11, корпус 1;37.6424607263617000;55.7590792077907000
Bianca;химическая чистка и крашение;город Москва, Чистопрудный бульвар, дом 12, корпус 4;37.6429167018938000;55.7615433136611000
СЕРВИС;химическая чистка и крашение;город Москва, улица Покровка, дом 29;37.6489945875232000;55.7602967657848000
Химчистка «Диана»;химическая чистка и крашение;город Москва, Чонгарский бульвар, дом 4, корпус 2;37.6172377902030770;55.6540332633564890
Диана;химическая чистка и крашение;город Москва, Шебашёвский проезд, дом 7;37.5314999999999940;55.8071797723053750
Диана;химическая чистка и крашение;город Москва, улица Юных Ленинцев, дом 7;37.7400228263635280;55.6999224293596030
Диана;химическая чистка и крашение;город Москва, Ясногорская улица, дом 13, корпус 1;37.5346573816372000;55.6043460775723000
Диана;химическая чистка и крашение;город Москва, улица Милашенкова, дом 8;37.5847244889732150;55.8252968204235740
Эра чистоты;химическая чистка и крашение;город Москва, город Зеленоград, корпус 525;37.2546347594822000;55.9913678042392000
Химчистка Диана;химическая чистка и крашение;город Москва, Лермонтовский проспект, дом 6;37.8484475166811270;55.7023303204850320
Белый кот;химическая чистка и крашение;город Москва, Скобелевская улица, дом 25;37.5577810147279010;55.5454671827421080
ЛАНГИ;химическая чистка и крашение;город Москва, Старокачаловская улица, дом 18;37.5887137073076970;55.5705007825054690
ПРИЕМНЫЙ ПУНКТ ХИМЧИСТКИ;химическая чистка и крашение;город Москва, Мичуринский проспект, дом 19, корпус 2;37.5069951218066000;55.6976978605540000
ПРИЕМНЫЙ ПУНКТ ХИМЧИСТКИ;химическая чистка и крашение;город Москва, Мичуринский проспект, дом 9, корпус 1;37.5062502112174000;55.7007600830562000
Родник;химическая чистка и крашение;город Москва, Веерная улица, дом 30, корпус 2;37.4777106085216000;55.7098290314389000
Химчистка;химическая чистка и крашение;город Москва, улица Академика Анохина, дом 9;37.4730253254062620;55.6594392036209480
ПРИЕМНЫЙ ПУНКТ ХИМЧИСТКИ;химическая чистка и крашение;город Москва, улица Улофа Пальме, дом 1;37.5133284555503000;55.7177786241918000
Химчистка №1;химическая чистка и крашение;город Москва, Кутузовский проспект, дом 35;37.5378893677163180;55.7404699384896390
ХИМЧИСТКА №1;химическая чистка и крашение;город Москва, Можайское шоссе, дом 2;37.4470160000000000;55.7239800000000000
Химчистка «ФАБРИКА СРОЧНОЙ ХИМЧИСТКИ И СТИРКИ БЕЛЬЯ 25»;химическая чистка и крашение;город Москва, Кастанаевская улица, дом 17;37.4911637437924630;55.7378359223821250
ПР.ПУНКТ ХИМЧИСТКИ;химическая чистка и крашение;город Москва, Митинская улица, дом 21;37.3651930593267210;55.8432784271319140
ПР. ПУНКТ ХИМЧИСТКИ-ПРАЧЕЧНОЙ;химическая чистка и крашение;город Москва, улица Генерала Белобородова, дом 17;37.3569556699815000;55.8357843088340000
Приемный пункт химчистки;химическая чистка и крашение;город Москва, улица Лавочкина, дом 34;37.4937922325232410;55.8563039114941730
Приемный пункт химчистки Диана;химическая чистка и крашение;город Москва, Дубнинская улица, дом 26, корпус 1;37.5601419231511220;55.8745272303869670
Химчистка «Леда»;химическая чистка и крашение;город Москва, улица Борисовские Пруды, дом 14, корпус 4;37.7456660569110700;55.6326456318325880
Химчистка «Сударь»;химическая чистка и крашение;город Москва, Кантемировская улица, дом 29;37.6657455509326200;55.6371864823648470
Пункт приема химчистки «Диана»;химическая чистка и крашение;город Москва, Варшавское шоссе, дом 152, корпус 2;37.5982138860645280;55.5910675433110130
Приемный пункт химчистки;химическая чистка и крашение;город Москва, улица Щепкина, дом 13;37.6285067847876820;55.7760480042956740
Приемный пункт химчистка;химическая чистка и крашение;город Москва, Измайловский бульвар, дом 58;37.8120306161823550;55.7964046695116590
Химчистка;химическая чистка и крашение;город Москва, Первомайская улица, дом 42;37.2076177743657370;55.9642064858057320
Диана;химическая чистка и крашение;город Москва, Большая Очаковская улица, дом 28;37.4529465662072000;55.6813386611573000
Химчистка;химическая чистка и крашение;город Москва, Староволынская улица, дом 15, корпус 1;37.4797981463947000;55.7151915520190000
Приемный пункт химчистки;химическая чистка и крашение;город Москва, Соколово-Мещерская улица, дом 25;37.3847969995567000;55.9038037370895000
Химчистка;химическая чистка и крашение;город Москва, Родионовская улица, дом 12, корпус 1;37.3903545356356000;55.8950517774147000
Диана;химическая чистка и крашение;город Москва, бульвар Матроса Железняка, дом 33, корпус 1;37.5385109999999000;55.8355489990000000
Химчистка «Леда»;химическая чистка и крашение;город Москва, Ялтинская улица, дом 2;37.6109971607784250;55.6521854060414610
Химчистка «Camaly»;химическая чистка и крашение;город Москва, микрорайон Северное Чертаново, дом 1А;37.6009988218407000;55.6365131967252000
Лавандерия;химическая чистка и крашение;город Москва, улица Шаболовка, дом 10, корпус 1;37.6104136930522000;55.7236159463175000
Приемный пункт химчистки Pulito;химическая чистка и крашение;город Москва, Цветной бульвар, дом 2;37.6234571945010790;55.7681789544122280
Химчистка Аэросервис;химическая чистка и крашение;город Москва, город Московский, 3-й микрорайон, дом 10;37.3433350000000000;55.5958440000000000
Приемный пункт химчистки.Ателье.;химическая чистка и крашение;город Москва, Большая Сухаревская площадь, дом 1/2, строение 1;37.6331802831711000;55.7730169261975000
Химчистка Диана;химическая чистка и крашение;город Москва, Северный бульвар, дом 10;37.6168835406283720;55.8679868513221790
ЛАВАНДЕРИЯ;химическая чистка и крашение;город Москва, Октябрьская улица, дом 70;37.6129985930656000;55.7987766756978000
Волна;химическая чистка и крашение;город Москва, Маленковская улица, дом 30;37.6748779045167000;55.7872833123786000
ФАБРИКА-ПРАЧЕЧНАЯ -19;химическая чистка и крашение;город Москва, Таллинская улица, дом 17, корпус 1;37.4029121524964000;55.8000264138062000
ФГУБ «Президент Сервис» УД Президента РФ;химическая чистка и крашение;город Москва, Большой Черкасский переулок, дом 13, строение 3;37.6271822042278070;55.7568947595416160
СЕРВИС-БЫТ;химическая чистка и крашение;город Москва, город Зеленоград, Сосновая аллея, дом 10, строение 1;37.2525269549319000;55.9808302980751000
Химчистка Лавандерия;химическая чистка и крашение;город Москва, улица Академика Пилюгина, дом 10;37.5397541940779080;55.6689271668752140
Лора;химическая чистка и крашение;город Москва, улица Каховка, дом 27;37.5720921669178480;55.6554468899555060
Приемный пункт химчистки;химическая чистка и крашение;город Москва, Дмитровское шоссе, дом 98;37.5474375793769470;55.8793466054327080
Химчистка Диана;химическая чистка и крашение;город Москва, Рогачёвский переулок, дом 5;37.5527140127252000;55.8684348972205000
Химчистка;химическая чистка и крашение;город Москва, улица Петровка, дом 2, строение 1;37.6195781920586260;55.7603977345450450
Родник;химическая чистка и крашение;город Москва, Нежинская улица, дом 17, корпус 2;37.4671088325976000;55.7067756300953000
Диана;химическая чистка и крашение;город Москва, Нагорная улица, дом 37;37.5934352933238000;55.6702124968747000
Диана;химическая чистка и крашение;город Москва, улица Свободы, дом 57;37.4509083565226000;55.8513051177997000
Химчистка «Диана»;химическая чистка и крашение;город Москва, 9-я Парковая улица, дом 33;37.7987923830897120;55.7983026601336360
Италклин;химическая чистка и крашение;город Москва, Часовая улица, дом 13;37.5279183117357460;55.8082443657437610
Химчистка КАССИОПЕЯ;химическая чистка и крашение;город Москва, улица Мичуринский Проспект, Олимпийская Деревня, дом 4, корпус 3;37.4701649990000000;55.6749609990000000
Чайка;химическая чистка и крашение;город Москва, улица Степана Супруна, дом 9;37.5462606178297000;55.7984779673942000
Ника-Люкс;химическая чистка и крашение;город Москва, улица Малыгина, дом 7;37.6946943574560360;55.8803502112258030
Химчистка МИРАНДА-Т;химическая чистка и крашение;город Москва, улица Радио, дом 10, строение 2;37.6766535268852000;55.7631591704037000
ТрастСервис;химическая чистка и крашение;город Москва, Лубянский проезд, дом 27, строение 4;37.6361108872181000;55.7541796525302000
Приемный пункт в химчистку и стирку «Леда»;химическая чистка и крашение;город Москва, Вешняковская улица, дом 17А;37.8310021207894920;55.7346803982800200
Приемный пункт химчистки;химическая чистка и крашение;город Москва, Загорьевская улица, дом 1, корпус 1;37.6741644369197000;55.5815327809517000
Химчистка «Диана»;химическая чистка и крашение;город Москва, Кантемировская улица, дом 6, корпус 1;37.6776871719916500;55.6378942629552780
Химчистка №1;химическая чистка и крашение;город Москва, Воронцовская улица, дом 2/10, строение 1;37.6543331209218410;55.7405970128806840
Pulito;химическая чистка и крашение;город Москва, Цветной бульвар, дом 26, строение 1;37.6222690568993000;55.7713030397637000
Приемный пункт в химчистку Диана;химическая чистка и крашение;город Москва, улица Цандера, дом 7, корпус 2А;37.6299819071426000;55.8182333798740000
ФАБРИКА-ПРАЧЕЧНАЯ 55;химическая чистка и крашение;город Москва, проезд Ольминского, дом 6, строение 1;37.6319877319351000;55.8134972798541000
Василиса-А;химическая чистка и крашение;город Москва, улица Герасима Курина, дом 6;37.4848449613722000;55.7331365519657000
ДИАНА;химическая чистка и крашение;город Москва, Беловежская улица, дом 1, корпус 2;37.4009090331822020;55.7149551253080450
Диана;химическая чистка и крашение;город Москва, Ярцевская улица, дом 34, корпус 1;37.4190400946052000;55.7423200211005000
Прачечная-химчистка;химическая чистка и крашение;город Москва, Осенний бульвар, дом 21;37.4060852042559000;55.7633201963022000
Комплексный приёмный пункт;химическая чистка и крашение;город Москва, улица Арбат, дом 54/2, строение 1;37.5831967220446970;55.7472233426536480
Химчистка Леда;химическая чистка и крашение;город Москва, улица Новый Арбат, дом 15;37.5923544798130320;55.7520620635179470
Химчистка «ХИМЧИСТКА 22 »;химическая чистка и крашение;город Москва, Береговой проезд, дом 4/6, строение 2;37.5031970000000000;55.7582507580659620
Диана;химическая чистка и крашение;город Москва, Чонгарский бульвар, дом 19;37.6067339503793790;55.6528438271576890
Диана;химическая чистка и крашение;город Москва, Тимирязевская улица, дом 2/3;37.5725033508360000;55.8075833142092000
ФАБРИКА СРОЧНОЙ ХИМЧИСТКИ N25;химическая чистка и крашение;город Москва, улица Вавилова, дом 11, строение 1;37.5841334091247000;55.7041517899653000
Лавандерия Химчистка;химическая чистка и крашение;город Москва, Солнцевский проспект, дом 21;37.4118960000000000;55.6472869999998000
Диана;химическая чистка и крашение;город Москва, проспект Мира, дом 61;37.6346179472020000;55.7858928032836000
ФАБРИКА - ХИМЧИСТКА «БЛЕСК»;химическая чистка и крашение;город Москва, улица Докукина, дом 6;37.6551970499049350;55.8384580018845900
ПРИЕМНЫЙ ПУНКТ В ХИМЧИСТКУ И СТИРКУ;химическая чистка и крашение;город Москва, улица Докукина, дом 6;37.6551970499049350;55.8384580018845900
ОРНАМЕНТ КОМБИНАТ;химическая чистка и крашение;город Москва, улица Милашенкова, дом 4А;37.5906801268536060;55.8243708189997890
Nikko;химическая чистка и крашение;город Москва, Шереметьевская улица, дом 20;37.6185032354421000;55.8034982315799000
ФАБРИКА ХИМЧИСТКИ-ПРАЧЕЧНОЙ;химическая чистка и крашение;город Москва, улица Искры, дом 17;37.6551327703050590;55.8645674928994750
Приемный пункт в химчистку Диана;химическая чистка и крашение;город Москва, 1-я Останкинская улица, дом 53;37.6321052230268000;55.8243176941449000
Контраст;химическая чистка и крашение;город Москва, Алтуфьевское шоссе, дом 70, корпус 1;37.5885912395081000;55.8881029396312000
Химчистка Леда приемный пункт;химическая чистка и крашение;город Москва, проезд Дежнёва, дом 21;37.6379740000000000;55.8703870000000010
Химчистка «Диана»;химическая чистка и крашение;город Москва, Алтайская улица, дом 12;37.8111334038419000;55.8196874914721000
Химчистка;химическая чистка и крашение;город Москва, Ивантеевская улица, дом 25А;37.7352602174768140;55.8167873686720450
Диана;химическая чистка и крашение;город Москва, 3-я Парковая улица, дом 48;37.7827657542574540;55.8062623037217020
Приемный пункт химчистки Диана;химическая чистка и крашение;город Москва, Новокосинская улица, владение 32А, строение 1;37.8671850474312280;55.7420336333669080
Химчистка - прачечная (химчистка и стирка - производство);химическая чистка и крашение;город Москва, Кетчерская улица, дом 16;37.8344103565557500;55.7433772833765030
Еврочистка;химическая чистка и крашение;город Москва, Свободный проспект, дом 33;37.8192826734615000;55.7525841854621000
ITALCLEAN;химическая чистка и крашение;город Москва, Перовская улица, дом 61А;37.7972890000000000;55.7452910000000000
5asec;химическая чистка и крашение;город Москва, Святоозерская улица, дом 1А;37.8844710000000050;55.7149187455068780
5 a sec;химическая чистка и крашение;город Москва, Рязанский проспект, дом 2, корпус 2;37.7310240000000120;55.7299737498648610
АЛЬБИОН-А;химическая чистка и крашение;город Москва, улица Маршала Полубоярова, дом 16, корпус 1;37.8624410000000000;55.6851710000000000
Главхимчистка;химическая чистка и крашение;город Москва, Поречная улица, дом 10;37.7701189504750520;55.6497174876047250
Приемный пункт химчистки «Лора»;химическая чистка и крашение;город Москва, улица Академика Варги, дом 8, корпус 1;37.4741834294597000;55.6299100344033000
Химчистка;химическая чистка и крашение;город Москва, Профсоюзная улица, дом 56;37.5524369258090620;55.6701062668795220
Nikko;химическая чистка и крашение;город Москва, Севастопольский проспект, дом 11Е;37.6040416757211280;55.6873142066667840
Лавандерия;химическая чистка и крашение;город Москва, Новоясеневский проспект, дом 1;37.5095516276779000;55.6191854307031000
Плиния;химическая чистка и крашение;город Москва, Профсоюзная улица, дом 129А;37.5067355857918000;55.6186654505469000
Главхимчистка;химическая чистка и крашение;город Москва, Новоясеневский проспект, дом 7;37.5323670000000000;55.6074890000000000
Белый кот;химическая чистка и крашение;город Москва, улица Адмирала Лазарева, дом 2;37.5432244470110850;55.5470524343886250
Химчистка;химическая чистка и крашение;город Москва, бульвар Адмирала Ушакова, дом 18Б;37.5479825960227000;55.5472970678666000
Приемный пункт химчистки «Apetta»;химическая чистка и крашение;город Москва, Куликовская улица, дом 6;37.5652710000000030;55.5740910000000030
Дом быта Эко драй;химическая чистка и крашение;город Москва, Летниковская улица, дом 4, строение 5;37.6443179564749570;55.7277037433698370
Диана;химическая чистка и крашение;город Москва, улица Академика Арцимовича, дом 6;37.5125088697893010;55.6438743871145860
Диана;химическая чистка и крашение;город Москва, Старокачаловская улица, дом 1Б;37.5853426155130710;55.5685281722976190
Диана;химическая чистка и крашение;город Москва, Озёрная улица, дом 42;37.4459781563847000;55.6713975541365000
Экспресс-химчистка «Эдем»;химическая чистка и крашение;город Москва, Рублёвское шоссе, дом 42, корпус 1;37.4124907667422590;55.7509442621215850
Леда;химическая чистка и крашение;город Москва, Ярцевская улица, дом 25А;37.4153457120977180;55.7410931502160810
Химчистка КОНТРАСТ;химическая чистка и крашение;город Москва, площадь Киевского Вокзала, дом 2;37.5659796068120640;55.7445646191721450
Шик и Блеск;химическая чистка и крашение;город Москва, площадь Киевского Вокзала, дом 2;37.5659796068120640;55.7445646191721450
ХИМЧИСТКА;химическая чистка и крашение;город Москва, Кутузовский проспект, дом 2/1, сооружение 1;37.6182489889088000;55.7271777797277000
Главхимчистка;химическая чистка и крашение;город Москва, улица Твардовского, дом 2, корпус 1;37.3896822124820570;55.7974758198484080
ХИМЧИСТКА;химическая чистка и крашение;город Москва, Митинская улица, дом 55, корпус 1;37.3512372003618000;55.8544571910167000
Белый Город;химическая чистка и крашение;город Москва, Авангардная улица, дом 3;37.4910371668653180;55.8431317305534660
Приемный пункт химчистки Диана;химическая чистка и крашение;город Москва, Петрозаводская улица, дом 24Б;37.4937620530462890;55.8670680354881380
Химчистка «Контраст»;химическая чистка и крашение;город Москва, улица Гризодубовой, дом 1А;37.5345890000000000;55.7818790000000000
Химчистка;химическая чистка и крашение;город Москва, Ленинградское шоссе, дом 16А, строение 2;37.4984742522572110;55.8215657858562150
Camaly;химическая чистка и крашение;город Москва, Фестивальная улица, дом 2Б;37.4782360387245750;55.8552028580493030
Химчистка «ЛЕДА»;химическая чистка и крашение;город Москва, город Зеленоград, Привокзальная площадь, дом 1;37.1717545019218000;55.9790191268833000
Диана;химическая чистка и крашение;город Москва, город Зеленоград, корпус 1549;37.1550259999999990;55.9779690000000020
Диана;химическая чистка и крашение;город Москва, Харьковская улица, дом 4, корпус 3;37.6493896968311000;55.5876102336380000
Химчистка Диана;химическая чистка и крашение;город Москва, Дорожная улица, дом 9, корпус 1;37.6214940361074430;55.5993867980292150
Химчистка «Блю де Франс»;химическая чистка и крашение;город Москва, Бесединское шоссе, дом 15;37.7609120543275760;55.6253082050431540
Химчистка «BELLINI»;химическая чистка и крашение;город Москва, Днепропетровская улица, дом 2;37.6044935857920000;55.6228815822308000
Химчистка Amelia;химическая чистка и крашение;город Москва, Высокая улица, дом 8;37.6554723132661520;55.6794807530894860
Приемный пункт химчистки «Контраст»;химическая чистка и крашение;город Москва, Каширское шоссе, дом 78, корпус 1А;37.6818863753681510;55.6412153319904870
Лисичка;химическая чистка и крашение;город Москва, проспект Андропова, дом 38, строение 3;37.6605602727952000;55.6747846088982000
Диана;химическая чистка и крашение;город Москва, Судостроительная улица, дом 42А;37.6925033605935340;55.6853750923619230
Французкая химчистка 5a Sec;химическая чистка и крашение;город Москва, Ореховый бульвар, дом 22А;37.7327181769181120;55.6120431641733650
Химчистка Stella;химическая чистка и крашение;город Москва, Варшавское шоссе, дом 160;37.5932318955953520;55.5831654949884850
Химчистка Nikko;химическая чистка и крашение;город Москва, Космодамианская набережная, дом 52, строение 3;37.6452007338127070;55.7324273842505990
Химчистка Диана;химическая чистка и крашение;город Москва, Пятницкий переулок, дом 2;37.6294988383634030;55.7433796048747330
Приемный пункт химчистки Nikko;химическая чистка и крашение;город Москва, Павелецкая площадь, дом 2, строение 2;37.6357790438054490;55.7301871937351900
Бутик -химчистка Coon;химическая чистка и крашение;город Москва, улица Большая Ордынка, дом 40, строение 4;37.6215824113892000;55.7366651872570000
Химчистка Nikko Dry Cleaner;химическая чистка и крашение;город Москва, улица Балчуг, дом 7;37.6266259843073390;55.7468050307826250
Химчистка и прачечная при гостинице Холидей Инн;химическая чистка и крашение;город Москва, улица Сущёвский Вал, дом 74;37.6327940450729000;55.7913459688913000
Bianca;химическая чистка и крашение;город Москва, Трубная площадь, дом 2;37.6224923908926390;55.7665352783936540
5aSec;химическая чистка и крашение;город Москва, Верхняя Красносельская улица, дом 3А;37.6656457410880000;55.7855127422750000
ПРИЕМНЫЙ ПУНКТ ХИМЧИСТКИ Nikko;химическая чистка и крашение;город Москва, Лесная улица, дом 5;37.2084476547081660;55.9675627642307130
Лавандерия;химическая чистка и крашение;город Москва, Летниковская улица, дом 2, строение 1;37.6448709152431530;55.7287195093917380
Бутик-химчистка COON;химическая чистка и крашение;город Москва, проспект Мира, дом 64;37.6357587583328480;55.7860691935831950
Bianca;химическая чистка и крашение;город Москва, Олимпийский проспект, дом 16, строение 5;37.6244461527458330;55.7839670216647650
Приемный пункт химической чистки «Мирабела»;химическая чистка и крашение;город Москва, город Троицк, Городская улица, владение 6;37.3211879999999990;55.4926726818532710
Диана;химическая чистка и крашение;город Москва, город Щербинка, Симферопольское шоссе, дом 7;37.5725210000000020;55.5030736848038020
Каритта;химическая чистка и крашение;город Москва, проспект Вернадского, дом 86А;37.4814625343439120;55.6634689376268670
Nikko;химическая чистка и крашение;город Москва, Нахимовский проспект, дом 50;37.5590469498206620;55.6807152926824140
Химчистка «Nikko»;химическая чистка и крашение;город Москва, Мантулинская улица, дом 2;37.5574101830230020;55.7568090852022780
Bianca;химическая чистка и крашение;город Москва, улица Петровка, дом 10;37.6189553119747800;55.7624802842760800
Nikko;химическая чистка и крашение;город Москва, Рублёвское шоссе, дом 62;37.3812209999999960;55.7667720000000030
Nikko;химическая чистка и крашение;город Москва, Ярцевская улица, дом 19;37.4110050000000000;55.7385910000000000
Диана;химическая чистка и крашение;город Москва, 2-й Автозаводский проезд, дом 3А;37.6588500000000000;55.7066340000000000
Диана;химическая чистка и крашение;город Москва, улица Лётчика Бабушкина, дом 9, корпус 1;37.6732690000000000;55.8603850000000000
Диана;химическая чистка и крашение;город Москва, улица Академика Бакулева, дом 10;37.4825138413981950;55.6419715876748530
Диана;химическая чистка и крашение;город Москва, Беговая улица, дом 13;37.5583591228309000;55.7806113999072000
Пункт приема химчистки Диана;химическая чистка и крашение;город Москва, улица Маршала Бирюзова, дом 19;37.4912485109401000;55.7943376469479000
Диана;химическая чистка и крашение;город Москва, Боровское шоссе, дом 30;37.3562410826132000;55.6410975278739000
Диана;химическая чистка и крашение;город Москва, Бродников переулок, дом 7;37.6158298568020940;55.7367357533175390
ПРИЕМНЫЙ ПУНКТ ХИМЧИСТКИ «ДИАНА»;химическая чистка и крашение;город Москва, улица Маршала Василевского, дом 17;37.4628817473312000;55.8085272057752000
Диана;химическая чистка и крашение;город Москва, Комсомольский проспект, дом 40;37.5739737965047030;55.7218996661594230
Bianca;химическая чистка и крашение;город Москва, Ленинградское шоссе, дом 112, корпус 4;37.4658043051707920;55.8653566491046120
Диана;химическая чистка и крашение;город Москва, Ленинский проспект, дом 99;37.5187482279173000;55.6686253168319140
ДИАНА;химическая чистка и крашение;город Москва, улица Александра Невского, дом 19-25;37.5925588269307910;55.7749881298074540
Химчиска Лисичка;химическая чистка и крашение;город Москва, Новокузнецкая улица, дом 13, строение 1;37.6317846297368490;55.7374168366783640
Диана;химическая чистка и крашение;город Москва, Онежская улица, дом 34, корпус 1;37.5114634217543500;55.8584599200619610
ПРИЕМНЫЙ ПУНКТ ХИМЧИСТКИ «ДИАНА»;химическая чистка и крашение;город Москва, улица Раменки, дом 16;37.4898334700345540;55.6900493737684740
Диана;химическая чистка и крашение;город Москва, улица Расковой, дом 10, строение 4;37.5723788719488990;55.7856583436707610
ДИАНА;химическая чистка и крашение;город Москва, Ростокинская улица, дом 8;37.6644265530232470;55.8332106973323120
Диана;химическая чистка и крашение;город Москва, Славянский бульвар, дом 9, корпус 1;37.4677709185338000;55.7263152555835000
Диана Химчистка;химическая чистка и крашение;город Москва, Солнцевский проспект, дом 2;37.3963500000000000;55.6529560000000000
Диана;химическая чистка и крашение;город Москва, улица Строителей, дом 3;37.2118700958326230;55.5948765691640500
ДИАНА;химическая чистка и крашение;город Москва, Трифоновская улица, дом 4;37.6126371334545910;55.7881356033741720
Диана;химическая чистка и крашение;город Москва, улица Трофимова, дом 13;37.6707526670519000;55.7031935924088000
Диана;химическая чистка и крашение;город Москва, Большая Тульская улица, дом 2;37.6207216404830190;55.7096343619190080
Приемный пункт химчистки-прачечной «Диана»;химическая чистка и крашение;город Москва, Туристская улица, дом 27, корпус 1;37.4200624990313320;55.8558074977899390
Приемный пункт в чимчистку «Диана»;химическая чистка и крашение;город Москва, улица Генерала Тюленева, дом 25, корпус 1;37.4880881455578960;55.6197600453753940
Диана;химическая чистка и крашение;город Москва, поселение Рязановское, Симферопольское шоссе, владение 20А/1;37.5240340000000070;55.4802366783291350
ДИАНА;химическая чистка и крашение;город Москва, Можайское шоссе, дом 29, строение 2;37.4217390000000000;55.7188929990000000
Диана;химическая чистка и крашение;город Москва, город Троицк, Лесная улица, дом 4А;37.3018674517822720;55.4765848480959680
Химчистка «Диана»;химическая чистка и крашение;город Москва, улица Борисовские Пруды, дом 26, корпус 2;37.7579386020149950;55.6391930859395880
Диана;химическая чистка и крашение;город Москва, Днепропетровская улица, дом 20;37.5884472877492470;55.6146516438003720
Химчистка Диана;химическая чистка и крашение;город Москва, Строгинский бульвар, дом 9;37.3999069750545910;55.8050228447634920
Диана;химическая чистка и крашение;город Москва, Митинская улица, дом 39;37.3539699419689840;55.8488903727271480
Диана;химическая чистка и крашение;город Москва, город Зеленоград, корпус 900;37.1842770000000000;55.9811730000000000
Приёмный пункт химчистки-прачечной «Диана»;химическая чистка и крашение;город Москва, микрорайон Северное Чертаново, дом 5, корпус Г;37.5908945997749000;55.6381325304715000
Химчистка-прачечная «Диана»;химическая чистка и крашение;город Москва, Чертановская улица, дом 9, строение 1;37.5997599588464000;55.6289208457707000
Диана;химическая чистка и крашение;город Москва, Балаклавский проспект, дом 5А;37.6085582642710000;55.6405746160082000
Диана;химическая чистка и крашение;город Москва, улица Островитянова, дом 7;37.4949943264147550;55.6443113262451940
Диана;химическая чистка и крашение;город Москва, улица Академика Анохина, дом 2, корпус 1Б;37.4771508203574000;55.6705071109163000
Диана;химическая чистка и крашение;город Москва, Снежная улица, дом 26;37.6466631671482620;55.8514465080965150
Диана;химическая чистка и крашение;город Москва, Авиамоторная улица, дом 4, корпус 2;37.7146449999999900;55.7598657585349930
Диана;химическая чистка и крашение;город Москва, бульвар Адмирала Ушакова, дом 7;37.5512579363522860;55.5462774408971360
Пункт приема «Диана»;химическая чистка и крашение;город Москва, улица Мусы Джалиля, дом 6, корпус 2;37.7408773035324150;55.6280567483965380
Диана;химическая чистка и крашение;город Москва, Алтуфьевское шоссе, дом 72;37.5880360000000020;55.8902009999999980
Диана;химическая чистка и крашение;город Москва, Коломенская улица, дом 7;37.7026245295457000;55.6824690682920000
Диана;химическая чистка и крашение;город Москва, улица Симоновский Вал, дом 12, корпус 2;37.6628778373369140;55.7247579279409210
Диана;химическая чистка и крашение;город Москва, Большая Филёвская улица, дом 55;37.2840000000000000;55.4421000000000000
ХИМЧИСТКА-ПРАЧЕЧНАЯ «ДИАНА»;химическая чистка и крашение;город Москва, Поклонная улица, дом 15;37.5206187851111000;55.7333903590547000
Приемный пункт химчистки «Диана»;химическая чистка и крашение;город Москва, улица Юных Ленинцев, дом 89, корпус 1;37.7748460000000000;55.6992470000000000
ХИМЧИСТКА «ДИАНА»;химическая чистка и крашение;город Москва, улица Раменки, дом 3;37.4959927364737170;55.6935059740811270
Диана;химическая чистка и крашение;город Москва, Боровское шоссе, дом 35;37.3598156414822000;55.6412704526782000
Диана;химическая чистка и крашение;город Москва, улица Бутлерова, дом 9;37.5299466931748140;55.6520517540720970
Химчистка-прачечная «Диана»;химическая чистка и крашение;город Москва, микрорайон Северное Чертаново, корпус 823;37.5964810452831000;55.6364381423616000
Химчистка НИКА;химическая чистка и крашение;город Москва, Алтуфьевское шоссе, дом 22;37.5854770291881000;55.8593909355256000
Диана;химическая чистка и крашение;город Москва, улица Лескова, дом 34;37.6194141395172390;55.8914532739609340
Химчистка Диана;химическая чистка и крашение;город Москва, Таллинская улица, дом 17, корпус 1;37.4029413390587490;55.8000180262284150
Диана;химическая чистка и крашение;город Москва, проспект Маршала Жукова, дом 44;37.4668016860836000;55.7773250721502000
ПРИЕМНЫЙ ПУНКТ ХИМЧИСТКИ «ДИАНА»;химическая чистка и крашение;город Москва, улица Рогова, дом 15, корпус 1;37.4575293458689000;55.7958050054457000
Диана;химическая чистка и крашение;город Москва, улица Красная Пресня, дом 44, строение 1;37.5649680415964800;55.7628953902685960
Приемный пункт химчистки «Диана»;химическая чистка и крашение;город Москва, Профсоюзная улица, дом 124А;37.5163534919484860;55.6323790464528400
Диана;химическая чистка и крашение;город Москва, Коптевская улица, дом 69, строение 1;37.5182550000000000;55.8310760000000000
Приемный пункт химчистки «ОЛИМПИК ДИАНА»;химическая чистка и крашение;город Москва, проспект Вернадского, дом 41, строение 3;37.5046379989799000;55.6745053617731000
Химчистка Диана;химическая чистка и крашение;город Москва, Смольная улица, дом 32;37.4798759437163000;55.8632664714916000
Диана;химическая чистка и крашение;город Москва, Боровское шоссе, дом 27;37.3654000713735000;55.6447729750241000
Диана;химическая чистка и крашение;город Москва, Сходненская улица, дом 5;37.4377008901665000;55.8382755488263000
Диана;химическая чистка и крашение;город Москва, улица Академика Комарова, дом 3, корпус 2;37.5953835928092910;55.8281253449182560
Диана;химическая чистка и крашение;город Москва, улица Кашёнкин Луг, дом 6, корпус 3;37.5981780000000000;55.8259170000000000
Приемный пункт химчистки «Диана»;химическая чистка и крашение;город Москва, улица Фёдора Полетаева, дом 28;37.7833710000000000;55.7084109999999000
Диана;химическая чистка и крашение;город Москва, улица Адмирала Лазарева, дом 55;37.5119163902774770;55.5399194652644820
Диана;химическая чистка и крашение;город Москва, улица Маршала Савицкого, дом 12;37.5841668872085680;55.5042985622887810
ПРИЕМНЫЙ ПУНКТ ХИМЧИСТКИ «ДИАНА»;химическая чистка и крашение;город Москва, Мичуринский проспект, дом 7, корпус 1;37.5117405247271000;55.7008737109378000
Химчистка Диана;химическая чистка и крашение;город Москва, улица Покрышкина, домовладение 8, строение 3;37.4648749999999990;55.6653307311939470
Диана;химическая чистка и крашение;город Москва, Куркинское шоссе, дом 17, корпус 1;37.3963304983208000;55.8850703295328000
Диана;химическая чистка и крашение;город Москва, Талдомская улица, дом 17, корпус 1;37.5235509102853160;55.8743761671808980
Диана;химическая чистка и крашение;город Москва, 9-я Северная линия, дом 25, корпус 3;37.5543839999999990;55.9328148091499600
Приемный пункт химчистки «Диана»;химическая чистка и крашение;город Москва, Измайловское шоссе, дом 24, корпус 1;37.7089220000000000;55.7823140000000000
Диана;химическая чистка и крашение;город Москва, улица Вавилова, дом 97;37.5409939294049550;55.6754909267435710
Диана;химическая чистка и крашение;город Москва, Скобелевская улица, дом 23, корпус 4;37.5594839082787000;55.5480496884180000
Диана;химическая чистка и крашение;город Москва, Южнобутовская улица, дом 91;37.5220340875627230;55.5346545836542020
Диана;химическая чистка и крашение;город Москва, Новочерёмушкинская улица, дом 21, корпус 1;37.5808452654356910;55.6825986910298170
Химчистка Диана;химическая чистка и крашение;город Москва, улица Академика Анохина, дом 56;37.4695849990000000;55.6514990000000000
Диана;химическая чистка и крашение;город Москва, Большая Черкизовская улица, дом 3, корпус 1;37.7170795699323880;55.7972194048418470
Аист;химическая чистка и крашение;город Москва, шоссе Энтузиастов, дом 76/1;37.7852078901358000;55.7638793517661000
Диана;химическая чистка и крашение;город Москва, улица Скульптора Мухиной, дом 12;37.3415823758459000;55.6395544769464000
Диана;химическая чистка и крашение;город Москва, Пятницкое шоссе, дом 27, корпус 1;37.3633715139452000;55.8491272991551000
Лисичка;химическая чистка и крашение;город Москва, Профсоюзная улица, дом 109;37.5215773604234220;55.6329889924751340
Лисичка;химическая чистка и крашение;город Москва, Зелёный проспект, дом 24;37.7896120773385000;55.7506942951938000
Лисичка;химическая чистка и крашение;город Москва, Волгоградский проспект, дом 73, строение 1;37.7441690000000000;55.7099220000000000
Химчистка Лисичка;химическая чистка и крашение;город Москва, улица Декабристов, дом 12;37.6025733194161000;55.8628681400877000
Приемный пункт химчистки Лисичка;химическая чистка и крашение;город Москва, Перовская улица, дом 32;37.7758523450920000;55.7456762828524000
Лисичка;химическая чистка и крашение;город Москва, Крылатская улица, дом 17, корпус 1;37.4239036069934000;55.7705245242078000
Лисичка;химическая чистка и крашение;город Москва, 3-й Крутицкий переулок, дом 18;37.6639077534432470;55.7318508788575290
Аист;химическая чистка и крашение;город Москва, улица Сталеваров, дом 12Б;37.8381890371105310;55.7609035447897200
Аист;химическая чистка и крашение;город Москва, Челябинская улица, дом 15;37.8275277839732000;55.7788188379152000
Приемный пункт химчистки «Диана»;химическая чистка и крашение;город Москва, Щербаковская улица, дом 7А;37.7265830000000000;55.7827540000000000
Контраст;химическая чистка и крашение;город Москва, поселение Первомайское, деревня Рогозинино, Луговая улица, домовладение 20А, строение 1;37.1883000000000000;55.5396670000000000
Экспресс химчистка и прачечная;химическая чистка и крашение;город Москва, улица Маршала Катукова, дом 24, корпус 3;37.4129495390109530;55.8044618712990330
Химчистка ITALCLEAN;химическая чистка и крашение;город Москва, Каширское шоссе, дом 142, корпус 1;37.7232772516398360;55.5973209962496780
Химчистка №1;химическая чистка и крашение;город Москва, проспект Вернадского, дом 15;37.5253664324464610;55.6867584289364570
Биочистка «Lavantel»;химическая чистка и крашение;город Москва, Долгоруковская улица, дом 29;37.6009885739098520;55.7769111594460230
Химчистка «Альбион-А»;химическая чистка и крашение;город Москва, Керамический проезд, дом 51, корпус 2;37.5643436138471500;55.8754263687598320
ПР.ПУНКТ ХИМЧИСТКИ;химическая чистка и крашение;город Москва, Митинская улица, дом 25;37.3631145998544700;55.8442102323012650
Лавандерия;химическая чистка и крашение;город Москва, улица Крылатские Холмы, дом 37;37.4192880030037430;55.7603442295382830
Химчистка Диана;химическая чистка и крашение;город Москва, улица Генерала Белова, дом 59;37.7273185931368930;55.6028244394396790
Mia химчистка;химическая чистка и крашение;город Москва, Головинское шоссе, дом 5, корпус 1;37.4937817305074500;55.8412678991196860
Химчистка Лавандерия;химическая чистка и крашение;город Москва, Волочаевская улица, дом 12А, строение 1;37.6819774112629130;55.7559651100491820
ШИК И БЛЕСК;химическая чистка и крашение;город Москва, Кутузовский проспект, дом 2/1, сооружение 1;37.5655543304463610;55.7514540520775130
Диана;химическая чистка и крашение;город Москва, город Щербинка, Новостроевская улица, дом 6;37.5592530000000050;55.5043706851719280
Диана;химическая чистка и крашение;город Москва, Локомотивный проезд, дом 4;37.5764900000000000;55.8378630000000000
ПР.ПУНКТ ХИМЧИСТКИ;химическая чистка и крашение;город Москва, Митинская улица, дом 40;37.3600674123362990;55.8478614515486240
ХИМЧИСТКА МЕХОВЫХ ИЗДЕЛИЙ;химическая чистка и крашение;город Москва, улица Докукина, дом 10, строение 39;37.6524005289215320;55.8396694923165460
Химчистка LEDA;химическая чистка и крашение;город Москва, Авангардная улица, дом 3;37.4910371668653180;55.8431317305534660
ГЛАВХИМЧИСТКА;химическая чистка и крашение;город Москва, Ломоносовский проспект, дом 25, корпус 4;37.5314082421300910;55.6922331297674590
Диана;химическая чистка и крашение;город Москва, улица Корнейчука, дом 54;37.6279432134561630;55.8942065155845360
Приемный пункт в химчистку Диана;химическая чистка и крашение;город Москва, Вешняковская улица, дом 9, корпус 2;37.8289040391298460;55.7368319296726610
Пункт приема химчистка «Кассиопея»;химическая чистка и крашение;город Москва, Балаклавский проспект, дом 5А;37.6082250155264010;55.6405283343365580
Химчистка Bleu de France;химическая чистка и крашение;город Москва, Сигнальный проезд, дом 17;37.5974187176479760;55.8510991124689580
Химчистка Контраст;химическая чистка и крашение;город Москва, Домодедовская улица, дом 28;37.7123554868614900;55.6047434340932370
Приемный пункт химчистки Диана;химическая чистка и крашение;город Москва, Зеленодольская улица, дом 44;37.7643605846702000;55.7010171263212260
Мечта;химическая чистка и крашение;город Москва, Ангелов переулок, дом 1, корпус 1;37.3508480243174080;55.8526332358807170
Приёмный пункт химической чистки «Леда»;химическая чистка и крашение;город Москва, город Троицк, 42-й километр Калужского шоссе, дом 6;37.2895000000000000;55.4556500000000000
Химчистка «ICleaning»;химическая чистка и крашение;город Москва, Пресненская набережная, дом 8, строение 1;37.5390384540649790;55.7472307493384630
Диана;химическая чистка и крашение;город Москва, улица Маршала Катукова, дом 18;37.4064095468625410;55.8066940471181850
Nikko;химическая чистка и крашение;город Москва, Пресненская набережная, дом 10;37.5367143579707870;55.7470713950673020
Диана;химическая чистка и крашение;город Москва, Бауманская улица, дом 58А;37.6783930180002290;55.7680104246956960
Диана;химическая чистка и крашение;город Москва, улица Покровка, дом 29;37.6485778504479640;55.7605774295625740
Гарант Чистоты;химическая чистка и крашение;город Москва, Мясницкая улица, дом 22, строение 1;37.6344110733382350;55.7620712031242010
Bianca;химическая чистка и крашение;город Москва, Никитский бульвар, дом 25;37.5980906255634220;55.7569096281850210
ПР.ПУНКТ ХИМЧИСТКИ;химическая чистка и крашение;город Москва, Пятницкое шоссе, дом 21, корпус 1;37.3700947370119890;55.8477429998652750
Химчистка;химическая чистка и крашение;город Москва, Верхняя Первомайская улица, дом 36;37.7986164466883570;55.7991007580598580
Химчистка Аист;химическая чистка и крашение;город Москва, Снайперская улица, дом 8;37.8119139885333270;55.7221974259439320
Bianca;химическая чистка и крашение;город Москва, Большая Грузинская улица, дом 57, строение 1;37.5832191631942290;55.7714619950955210
Пункт приема Химчистка №1;химическая чистка и крашение;город Москва, Варшавское шоссе, дом 141, корпус 11;37.6039947482926780;55.5835131117111130
Химчистка «Диана»;химическая чистка и крашение;город Москва, Бирюлёвская улица, дом 24, корпус 1;37.6617351627452660;55.5964671270922320
ФАБРИКА-ПРАЧЕЧНАЯ 19;химическая чистка и крашение;город Москва, 1-й Красногорский проезд, дом 4, корпус 1;37.4861093984672000;55.8128194315607000
Приемный пункт химической чистки;химическая чистка и крашение;город Москва, город Троицк, Солнечная улица, дом 9;37.2902890000000000;55.4691980000000000
Леда;химическая чистка и крашение;город Москва, улица Маршала Тухачевского, дом 30;37.4736612500991910;55.7844119754916360
Диана;химическая чистка и крашение;город Москва, улица Мнёвники, дом 19;37.4825838179876100;55.7736804077466100
Диана;химическая чистка и крашение;город Москва, улица Народного Ополчения, дом 3;37.4734877457435970;55.7698211380390840
Nikko;химическая чистка и крашение;город Москва, Дубравная улица, дом 34/29;37.3580786621883900;55.8461491807848200
Химчистка;химическая чистка и крашение;город Москва, 3-я Парковая улица, дом 24;37.7860436544803870;55.7947207541904860
Диана;химическая чистка и крашение;город Москва, Лазоревый проезд, дом 5, корпус 5;37.6355289999999910;55.8472627840163090
Диана;химическая чистка и крашение;город Москва, город Московский, улица Хабарова, дом 2;37.3518960000000000;55.5938680000000000
Лавандерия;химическая чистка и крашение;город Москва, Новопетровская улица, дом 6;37.5164985855876840;55.8256797570835130
Лавандерия;химическая чистка и крашение;город Москва, Дмитровское шоссе, дом 89;37.5455504776871290;55.8637268468016330
Химчистка «Аист»;химическая чистка и крашение;город Москва, Нагатинская улица, дом 33;37.6598448551769420;55.6776523521405550
Химчистка;химическая чистка и крашение;город Москва, Коломенская улица, дом 17;37.6973451215150420;55.6782579868090010
Диана;химическая чистка и крашение;город Москва, Симферопольский бульвар, дом 4;37.6076972063223350;55.6594221793006200
Контраст;химическая чистка и крашение;город Москва, Большая Татарская улица, дом 30;37.6337775254173010;55.7386789026074110
Химчистка №1;химическая чистка и крашение;город Москва, Кочновский проезд, дом 4, корпус 2;37.5452799678699020;55.8062418524277960
Химчистка GreenCITY;химическая чистка и крашение;город Москва, улица Борисовские Пруды, дом 26;37.7581877208842730;55.6399827269794190
Диана;химическая чистка и крашение;город Москва, Автозаводская улица, дом 18;37.6374086250133570;55.7049168564264220
Лавандерия;химическая чистка и крашение;город Москва, 9-я Парковая улица, дом 62;37.8030154094599170;55.8053896967571390
ПР.ПУНКТ ХИМЧИСТКИ;химическая чистка и крашение;город Москва, Новотушинский проезд, дом 10, корпус 2;37.3808889299353810;55.8404772631520460
Химчистка в магазине «Сударь»;химическая чистка и крашение;город Москва, Варшавское шоссе, дом 152, корпус 2;37.5982138860645280;55.5910675433110130
Лисичка;химическая чистка и крашение;город Москва, Саянская улица, дом 8А;37.8291585670536000;55.7670783500050000
Диана;химическая чистка и крашение;город Москва, улица Руднёвка, дом 15;37.8854258881082590;55.7163379644186700
Диана;химическая чистка и крашение;город Москва, Профсоюзная улица, дом 7/12;37.5697502173968230;55.6835838353846310
Лавандерия;химическая чистка и крашение;город Москва, улица Маршала Федоренко, дом 12;37.4888471649306250;55.8817253120090030
Nikko;химическая чистка и крашение;город Москва, Богословский переулок, дом 5;37.5988867889077910;55.7625147751068790
Химчистка «Cleanart»;химическая чистка и крашение;город Москва, Богословский переулок, дом 5;37.5988867889077910;55.7625147751068790
Химчистка «Диана»;химическая чистка и крашение;город Москва, Богословский переулок, дом 16/6, строение 1;37.5982423520546970;55.7636125673994770
Контраст;химическая чистка и крашение;город Москва, Большая Грузинская улица, дом 42;37.5809260000000050;55.7685147610479110
Bianca;химическая чистка и крашение;город Москва, Малая Грузинская улица, дом 29;37.5719075525350310;55.7684637801351930
Bianca;химическая чистка и крашение;город Москва, улица Красная Пресня, дом 8;37.5739751230751150;55.7615565490767510
Химчистка Леда;химическая чистка и крашение;город Москва, Ленинградское шоссе, дом 8, корпус 2;37.5002033815200520;55.8172269056697200
Bianca;химическая чистка и крашение;город Москва, Большой Патриарший переулок, дом 12, строение 1;37.5933951190302270;55.7632470419762360
Химчистка «Чистка ковров»;химическая чистка и крашение;город Москва, Большой Козихинский переулок, дом 7;37.5970940395387810;55.7627250917915020
Химчистка;химическая чистка и крашение;город Москва, Вознесенский переулок, дом 16/4;37.6059545902602750;55.7593388549846410
Диана;химическая чистка и крашение;город Москва, Малая Филёвская улица, дом 66;37.4493654445819150;55.7328134162415050
Химчистка №1;химическая чистка и крашение;город Москва, улица Юлиуса Фучика, дом 2/30;37.5865679999999930;55.7692487612612740
Химчистка-прачечная Максиклин;химическая чистка и крашение;город Москва, улица Яблочкова, дом 29;37.5791364216454580;55.8235042368758630
Диана;химическая чистка и крашение;город Москва, Веерная улица, дом 22, корпус 2;37.4830449999999900;55.7088717437581100
Химчистка «Стандарт»;химическая чистка и крашение;город Москва, Рублёвское шоссе, дом 48/1;37.4060416446673050;55.7540297543605020
Контраст;химическая чистка и крашение;город Москва, улица Красная Пресня, дом 21;37.5701440982626880;55.7613717688726280
Диана;химическая чистка и крашение;город Москва, улица Обручева, дом 5А;37.5156849999999910;55.6616307301285150
Bianca;химическая чистка и крашение;город Москва, Большой Овчинниковский переулок, дом 20;37.6295837941437630;55.7437535319105990
Химчистка О-Три;химическая чистка и крашение;город Москва, Складочная улица, дом 1, строение 1;37.5956739999999950;55.7997937701519290
Химчистка Leda;химическая чистка и крашение;город Москва, улица Крылатские Холмы, дом 53;37.4100959202259130;55.7640293316050090
Главхимчистка;химическая чистка и крашение;город Москва, улица Космонавта Волкова, дом 6А;37.5129608986583780;55.8153333369491240
Химчистка «Развитие Сервис»;химическая чистка и крашение;город Москва, Тишинская площадь, дом 1, строение 1;37.5836880000000090;55.7691337612278280
Химчистка «iCleaning»;химическая чистка и крашение;город Москва, Пресненская набережная, дом 12;37.5383910000000040;55.7497627556020630
Химчистка «Suzy Wong»;химическая чистка и крашение;город Москва, Пресненская набережная, дом 2;37.5394658308338340;55.7490566076941010
Химчистка №1;химическая чистка и крашение;город Москва, улица Сергея Макеева, дом 9, корпус 2;37.5505670000000000;55.5505670000000000
Химчистка №1;химическая чистка и крашение;город Москва, Рябиновая улица, дом 26, строение 2;37.4218929999999900;55.6955427399066990
Диана;химическая чистка и крашение;город Москва, Зелёный проспект, дом 79А;37.8164610850012860;55.7520107141881170
Диана;химическая чистка и крашение;город Москва, Озёрная улица, дом 2, корпус 2;37.4702869999999990;55.6890887380434800
Химчистка Контраст;химическая чистка и крашение;город Москва, Жулебинский бульвар, дом 16;37.8529759999999840;55.6966797402350480
Контраст;химическая чистка и крашение;город Москва, Большая Садовая улица, дом 5;37.5930291116948040;55.7674665549744190
Контраст;химическая чистка и крашение;город Москва, проспект Андропова, дом 8;37.6654530000000070;55.6958967400089340
Контраст;химическая чистка и крашение;город Москва, поселение Московский, деревня Лапшинка, владение 8, корпус 1;37.3339200000000130;55.6094137151302590
Химчистка Стелла;химическая чистка и крашение;город Москва, поселение Сосенское, посёлок Коммунарка, улица Александры Монаховой, дом 98, корпус 3;37.4833190000000000;55.5404190000000000
Идеал Плюс;химическая чистка и крашение;город Москва, Профсоюзная улица, дом 76;37.5433369999999940;55.6614047300634520
Химчистка Леда;химическая чистка и крашение;город Москва, 87-й километр Московской Кольцевой Автодороги, дом 8;37.8327039999999930;55.7719417620441360
Caritta;химическая чистка и крашение;город Москва, Большая Черёмушкинская улица, дом 1;37.6017089999999920;55.6893807381277530
Лавандерия;химическая чистка и крашение;город Москва, Профсоюзная улица, дом 61А;37.5418910000000000;55.6558327284597000
Диана;химическая чистка и крашение;город Москва, улица Адмирала Макарова, дом 6, строение 13;37.4906709999999920;55.8349787804229360
Диана;химическая чистка и крашение;город Москва, Нагорная улица, дом 21, корпус 1;37.6035550000000000;55.6781297348821480
Лисичка;химическая чистка и крашение;город Москва, Большая Бронная улица, дом 11;37.5992680000000090;55.7619997591548330
Bianca;химическая чистка и крашение;город Москва, Ананьевский переулок, дом 4/2, строение 1;37.6370350000000040;55.7705497616394440
BLEU DE FRANCE;химическая чистка и крашение;город Москва, улица Вавилова, дом 3;37.5921780000000040;55.7069857432128690
Caritta;химическая чистка и крашение;город Москва, поселение Московский, Киевское шоссе, 22-й километр, домовладение 4, строение 1;37.4360239999999890;55.6317677215423670
Диана;химическая чистка и крашение;город Москва, Пятницкое шоссе, дом 21;37.3706129999999990;55.8475917841126020
BIANCA;химическая чистка и крашение;город Москва, Молочный переулок, дом 2;37.6028670000000030;55.7394257526039000
Аист;химическая чистка и крашение;город Москва, 9-я Парковая улица, владение 61А, строение 1;37.7983652274159210;55.8091147064838680
Диана;химическая чистка и крашение;город Москва, Судостроительная улица, дом 1;37.6666399999999800;55.6802187354845020
Caritta;химическая чистка и крашение;город Москва, Ленинский проспект, дом 54;37.5604980000000030;55.6979037405885720
СамПРАЧКА;химическая чистка и крашение;город Москва, Тушинская улица, дом 8;37.4502570000000220;55.8269787780848220
ПР. ПУНКТ ХИМЧИСТКИ-ПРАЧЕЧНОЙ;химическая чистка и крашение;город Москва, Митинская улица, дом 51;37.3518679999999960;55.8525207855555910
ХИМЧИСТКА КОНТРАСТ;химическая чистка и крашение;город Москва, улица Маршала Бирюзова, дом 32;37.4829969893982740;55.7997721685114030
ХИМЧИСТКА;химическая чистка и крашение;город Москва, Воротынская улица, дом 18;37.3883590000000010;55.8899397965305410
ХИМЧИСТКА 22;химическая чистка и крашение;город Москва, улица Заморёнова, дом 41;37.5634399999999930;55.7618757591188160
Химчистка;химическая чистка и крашение;город Москва, Комсомольская площадь, дом 6, сооружение 1;37.6554459999999910;55.7767797634510740
Лавандерия;химическая чистка и крашение;город Москва, Ходынский бульвар, дом 4;37.5266710000000000;55.7901417673399540
Диана;химическая чистка и крашение;город Москва, Кастанаевская улица, дом 42, корпус 2;37.4744279999999960;55.7349717513129120
Nikko;химическая чистка и крашение;город Москва, Ленинградское шоссе, дом 16А, строение 2;37.4986869999999970;55.8215947765122070
Nikko;химическая чистка и крашение;город Москва, Ленинский проспект, дом 78;37.5362649999999930;55.6826297361798840
Nikko;химическая чистка и крашение;город Москва, Ленинский проспект, дом 87;37.5340210000000030;55.6794927352751610
Химчистка Кристаллино;химическая чистка и крашение;город Москва, Большая Черёмушкинская улица, дом 13, строение 1;37.5944170000000000;55.6863787372614420
ГЛАВХИМЧИСТКА;химическая чистка и крашение;город Москва, Мосфильмовская улица, дом 88, корпус 4;37.4913259999999940;55.7030187420663130
Постирай;химическая чистка и крашение;город Москва, проспект Вернадского, дом 39;37.5062769999999830;55.6753227340728930
Four Babbles Химчистка;химическая чистка и крашение;город Москва, Солдатская улица, дом 6А;37.7016530000000070;55.7647867599645290
Химчистка «Экстра Фреш»;химическая чистка и крашение;город Москва, Алтуфьевское шоссе, дом 22Б;37.5854479999999920;55.8610437880522070
Suzy Wang Химчистка;химическая чистка и крашение;город Москва, Люблинская улица, дом 169, корпус 2;37.7449990000000070;55.6490927265208340
Главхимчистка;химическая чистка и крашение;город Москва, внутригородская территория муниципальный округ Северное Бутово, Старокачаловская улица, дом 5А;37.5790640000000020;55.5697457037834400
Химчистка;химическая чистка и крашение;город Москва, улица Маршала Полубоярова, дом 16, корпус 1;37.8625740000000020;55.6852337369310750
5aSec;химическая чистка и крашение;город Москва, шоссе Энтузиастов, дом 12, корпус 2;37.7068480000000010;55.7474497549309550
Лисичка;химическая чистка и крашение;город Москва, улица Гарибальди, дом 23;37.5540530000000030;55.6714307329512150
Caritta;химическая чистка и крашение;город Москва, Профсоюзная улица, дом 64;37.5473762807690010;55.6664278529386390
Диана;химическая чистка и крашение;город Москва, Старокачаловская улица, дом 1Б;37.5853930000000030;55.5684587034159990
Химчистка Franchesca;химическая чистка и крашение;город Москва, Осенний бульвар, дом 10;37.4086638206387000;55.7577909969583000
СамПРАЧКА;химическая чистка и крашение;город Москва, улица Вучетича, дом 18, корпус 1;37.5586950000000140;55.8110897734459360
Bianca;химическая чистка и крашение;город Москва, Комсомольский проспект, дом 34;37.5772710000000030;55.7242547482086930
ICleaning;химическая чистка и крашение;город Москва, 1-й Красногвардейский проезд, дом 21, строение 2;37.5337709999999940;55.7497497555982590
Диана;химическая чистка и крашение;город Москва, улица Куусинена, дом 2, корпус 1;37.5176529999999890;55.7782517638792470
Контраст;химическая чистка и крашение;город Москва, Лялин переулок, дом 11-13/1, строение 1;37.6524879999999910;55.7589357582649040
Химчистка;химическая чистка и крашение;город Москва, поселение Сосенское, посёлок Коммунарка, Ясная улица, дом 5А;37.4777810000000000;55.5679397032678250
Прачечная самообслуживания;химическая чистка и крашение;город Москва, Преображенская улица, дом 5/7;37.7054350000000010;55.7956767689522050
Pulito;химическая чистка и крашение;город Москва, переулок Сивцев Вражек, дом 20;37.5944140000000000;55.7479057550632500
О-Три;химическая чистка и крашение;город Москва, Чапаевский переулок, дом 3;37.5207499999999780;55.7983637697351900
Bianca;химическая чистка и крашение;город Москва, Хилков переулок, дом 1;37.5988699999999980;55.7369467518853060
Приемный пункт химчистки «ITALCLEAN»;химическая чистка и крашение;город Москва, улица Островитянова, дом 18;37.5112579691612500;55.6362193572581770
Диана;химическая чистка и крашение;город Москва, Таллинская улица, дом 18;37.4026009999999970;55.7971317693761650
Химчистка Лора;химическая чистка и крашение;город Москва, Зверинецкая улица, дом 13;37.7315600000000020;55.7846997657555620
Диана;химическая чистка и крашение;город Москва, Тайнинская улица, дом 4, строение 2;37.6822169999999940;55.8774377928597090
Химчистка 25;химическая чистка и крашение;город Москва, Кастанаевская улица, дом 16Б;37.4935730000000050;55.7394437526091200
Химчистка Кристис;химическая чистка и крашение;город Москва, улица Полбина, дом 6;37.7299219999999880;55.6910437386077600
Bianca;химическая чистка и крашение;город Москва, Большая Семёновская улица, дом 32;37.7081870000000020;55.7818707649322220
Caritta;химическая чистка и крашение;город Москва, Дмитровское шоссе, дом 163А, корпус 1;37.5404010000000030;55.9093738022447230
Первая химчистка;химическая чистка и крашение;город Москва, улица Двинцев, дом 12, корпус 1;37.5998600000000070;55.7964257691704550
Альбион-А;химическая чистка и крашение;город Москва, улица Перерва, дом 45;37.7468037015898970;55.6605950886429920
Диана;химическая чистка и крашение;город Москва, Береговой проезд, дом 5А, корпус 2;37.5092439999999950;55.7554677572579180
BIANCA;химическая чистка и крашение;город Москва, Кутузовский проспект, дом 36А;37.5262969999999920;55.7388177524276500
Leda;химическая чистка и крашение;город Москва, Комсомольский проспект, дом 41;37.5754589999999950;55.7214167473871310
ТОРГХОЗ;химическая чистка и крашение;город Москва, набережная Новикова-Прибоя, дом 5, корпус 2;37.4479450000000040;55.7849977658423060
ГлавХимчистка;химическая чистка и крашение;город Москва, проспект Маршала Жукова, дом 1;37.5054399999999930;55.7758047631674780
Химчистка «Идеал»;химическая чистка и крашение;город Москва, Рублёвское шоссе, дом 52-А;37.4023970029982560;55.7555956049147030
Милано;химическая чистка и крашение;город Москва, Старопетровский проезд, дом 1, строение 2;37.5003430000000010;55.8237847771518010
Химчистка Милано;химическая чистка и крашение;город Москва, Попутная улица, дом 6;37.3867779999999930;55.6544767280695180
Аквачистка;химическая чистка и крашение;город Москва, город Зеленоград, улица Гоголя, дом 2;37.1735656514538920;55.9836087941553020
Laundi;химическая чистка и крашение;город Москва, Новодмитровская улица, дом 2, корпус 5;37.5910849999999930;55.8035937712596780
Химчистка №1;химическая чистка и крашение;город Москва, Новодмитровская улица, дом 2, корпус 7;37.5917560000000040;55.8027597710165250
LEVIRA экспресс ХИМЧИСТКА;химическая чистка и крашение;город Москва, Большой Овчинниковский переулок, дом 16;37.6296230000000090;55.7448287541706480
ГЛАВХИМЧИСТКА;химическая чистка и крашение;город Москва, Волжский бульвар, дом 7;37.7456099999999990;55.7166487460073580
Химчистка;химическая чистка и крашение;город Москва, поселение Марушкинское, квартал № 89, владение 1;37.1350970000000090;55.5805847068798540
Контраст;химическая чистка и крашение;город Москва, Братиславская улица, дом 32;37.7652980000000010;55.6517317272798380
Химчистка №1;химическая чистка и крашение;город Москва, Пятницкое шоссе, дом 3;37.3858970000000000;55.8358420000000000
Химчистка «Диана»;химическая чистка и крашение;город Москва, Кавказский бульвар, дом 17;37.6708989999999910;55.6308757212862730
Gut;химическая чистка и крашение;город Москва, Снежная улица, дом 16, корпус 1;37.6459945756588470;55.8511889876146060
GreenCITY экочистка;химическая чистка и крашение;город Москва, улица Лескова, дом 14;37.6044499999999860;55.8971957986628850
Диана;химическая чистка и крашение;город Москва, Хорошёвское шоссе, дом 68;37.5263510000000050;55.7780917638327050
Caritta;химическая чистка и крашение;город Москва, набережная Тараса Шевченко, дом 23А;37.5461500000000110;55.7462507545831230
Диана;химическая чистка и крашение;город Москва, улица Куусинена, дом 7, корпус 1;37.5154720000000030;55.7796687642914930
Главхимчистка;химическая чистка и крашение;город Москва, поселение Сосенское, деревня Зименки, Садовая улица, дом 1, корпус 1;37.3917750000000240;55.5731647047598470
Европейская химчистка Apetta;химическая чистка и крашение;город Москва, проспект Мира, дом 211, корпус 2;37.6625568072963620;55.8439818963684970
Лисичка;химическая чистка и крашение;город Москва, улица Перерва, дом 43, корпус 1;37.7497249999999980;55.6596997295726230
Леда;химическая чистка и крашение;город Москва, Инженерная улица, дом 1;37.5822689999999890;55.8788187932650050
Химчистка Диана;химическая чистка и крашение;город Москва, улица Зацепский Вал, дом 4, строение 2;37.6397820000000040;55.7330537507571440
Ben Fresh;химическая чистка и крашение;город Москва, Новинский бульвар, дом 18, строение 1;37.5846620000000020;55.7549157570976630
Диана;химическая чистка и крашение;город Москва, поселение Сосенское, посёлок Коммунарка, улица Александры Монаховой, домовладение 30, строение 2;37.5001899999999820;55.5431796962070980
Еврочистка;химическая чистка и крашение;город Москва, проспект Андропова, дом 22;37.6624790000000190;55.6830997363154480
Хичистка Stella;химическая чистка и крашение;город Москва, проспект Мира, дом 91, корпус 2;37.6354139999999970;55.8059647719510320
Химчистка;химическая чистка и крашение;город Москва, проспект Мира, дом 116А;37.6380929999999760;55.8096177730164980
Лисичка;химическая чистка и крашение;город Москва, поселение Московский, МКАД, 47-й километр, владение 31, строение 1;37.4306889999999870;55.6587217292911230
Чистая репутация;химическая чистка и крашение;город Москва, бульвар Академика Ландау, дом 5, корпус 2;37.5568530000000040;55.9213278057643630
Бьянка;химическая чистка и крашение;город Москва, Ленинский проспект, дом 108, строение 1;37.5125709999999940;55.6697287324608110
Сеть химчисток «Лисичка»;химическая чистка и крашение;город Москва, улица Пришвина, дом 22;37.6021420000000150;55.8855837952510800
Лисичка;химическая чистка и крашение;город Москва, Беломорская улица, дом 16А;37.4712590000000030;55.8626697885287130
Химчистка Контраст;химическая чистка и крашение;город Москва, Новокузнецкая улица, дом 6;37.6300200000000020;55.7385287523438680
Nikko;химическая чистка и крашение;Российская Федерация, город Москва, внутригородская территория муниципальный округ Басманный, улица Земляной Вал, дом 33;37.6588130000000020;55.7578067579370330
Химчистка;химическая чистка и крашение;город Москва, Театральная аллея, дом 3, строение 1;37.5597919999999950;55.7932317682399270
Химчистка Шик и Блеск;химическая чистка и крашение;город Москва, Пресненская набережная, дом 4, строение 1;37.5431114121569320;55.7488995196473950
Химчистка, прачечная;химическая чистка и крашение;Российская Федерация, город Москва, внутригородская территория муниципальный округ Гольяново, Щёлковское шоссе, дом 75;37.8009640000000080;55.8110297734284230
Химчистка;химическая чистка и крашение;город Москва, Семёновская площадь, дом 1;37.7203203261836890;55.7827296078359400
Химчистка;химическая чистка и крашение;город Москва, улица Генерала Кузнецова, дом 28, корпус 1;37.8522539999999950;55.6829987362863080
Лисичка;химическая чистка и крашение;Российская Федерация, город Москва, внутригородская территория муниципальный округ Ярославский, Ярославское шоссе, дом 54;37.7048780516194600;55.8655032904092930
Химчистка;химическая чистка и крашение;Российская Федерация, город Москва, внутригородская территория муниципальный округ Лосиноостровский, улица Малыгина, дом 9, строение 2;37.6935929999999930;55.8809347938860770
Лисичка;химическая чистка и крашение;Российская Федерация, город Москва, внутригородская территория муниципальный округ Лианозово, Дмитровское шоссе, дом 116Д;37.5481971727460000;55.9016114212115000
ХИМЧИСТКА - ПРАЧЕЧНАЯ;химическая чистка и крашение;город Москва, улица Бажова, дом 28, строение 1;37.6677420000000040;55.8382087813674130
