Галерея Диалог;изготовление и ремонт мебели;город Москва, улица Пречистенка, дом 26;37.5933125400218630;55.7416164822450000
Ремонт офисных кресел;изготовление и ремонт мебели;город Москва, Медынская улица, дом 14, корпус 1;37.6469775663445000;55.5827092358421000
РЕМОНТ МЕБЕЛИ;изготовление и ремонт мебели;город Москва, 1-й Неопалимовский переулок, дом 16/13;37.5808412016585580;55.7406205550174930
БАГЕТНАЯ МАСТЕРСКАЯ;изготовление и ремонт мебели;город Москва, 3-я Фрунзенская улица, дом 7;37.5771368931129290;55.7201745718816000
Мебель на заказ;изготовление и ремонт мебели;город Москва, город Зеленоград, корпус 1455;37.1587618814537000;55.9862697639109000
ЗЕРКАЛЬНАЯ МАСТЕРСКАЯ;изготовление и ремонт мебели;город Москва, улица Ферсмана, дом 11;37.5701108203954000;55.6935952071663000
ШЕФ МАСТЕР;изготовление и ремонт мебели;город Москва, Можайское шоссе, дом 45, корпус 2;37.4079209527559300;55.7152108770293990
Ремонт мебели;изготовление и ремонт мебели;город Москва, 1-й Красносельский переулок, дом 3;37.6693736959549000;55.7830717111735000
Антарес;изготовление и ремонт мебели;город Москва, город Зеленоград, Сосновая аллея, дом 7;37.2500106311401000;55.9819913395965000
Ремонт мобильных телефонов;изготовление и ремонт мебели;город Москва, город Зеленоград, Привокзальная площадь, дом 1;37.1714004503318000;55.9788630551813000
Ремонт мебели;изготовление и ремонт мебели;город Москва, Пролетарский проспект, дом 32;37.6605211849937830;55.6299926015491200
Мебель на заказ;изготовление и ремонт мебели;"город Москва, поселение Вороновское, посёлок ЛМС, микрорайон ""Центральный"", дом 10";37.1753840000000010;55.3142179999999970
Багетная мастерская;изготовление и ремонт мебели;город Москва, Большая Черкизовская улица, дом 3, корпус 1;37.7170795699323880;55.7972194048418470
Attribute;изготовление и ремонт мебели;город Москва, улица Хамовнический Вал, дом 10;37.5739833588664500;55.7172638000211580
Выставка КУХНИ ATTRIBUTE;изготовление и ремонт мебели;город Москва, улица Хамовнический Вал, дом 10;37.5739833588664500;55.7172638000211580
Ремонт мебели;изготовление и ремонт мебели;город Москва, Университетский проспект, дом 9;37.5502169999999960;55.6970277403355710
Изготовление мебели «Квазар»;изготовление и ремонт мебели;город Москва, улица Скульптора Мухиной, дом 13, корпус 1;37.3405100000000160;55.6371517230886780
Финнко Мебель;изготовление и ремонт мебели;город Москва, город Зеленоград, Заводская улица, дом 18, строение 1;37.1827069999999940;55.9754338217408570
Мебель на заказ;изготовление и ремонт мебели;город Москва, город Зеленоград, Заводская улица, дом 18, строение 1;37.1827069999999940;55.9754338217408570
Мебель Avantiz;изготовление и ремонт мебели;город Москва, город Зеленоград, корпус 1824;37.1766162335761410;55.9694120160821240
Ателье мягкой мебели;изготовление и ремонт мебели;город Москва, Дербеневская набережная, дом 7, строение 5;37.6551430000000020;55.7235457480034240
Салон Кухни ARVA;изготовление и ремонт мебели;город Москва, город Зеленоград, корпус 1801;37.1767111599614920;55.9693839488689520
Колибри;изготовление и ремонт мебели;город Москва, поселение Первомайское, посёлок Первомайское, Рабочая улица, дом 9, строение 1;37.1556050000000080;55.5407436955132920
Ле Декор;изготовление и ремонт мебели;город Москва, улица Машкова, дом 13, строение 1;37.6520919999999890;55.7643507598378460
Ремонт мебели;изготовление и ремонт мебели;город Москва, бульвар Яна Райниса, дом 1;37.4362939999999900;55.8498157847636210
Изготовление и ремонт мебели;изготовление и ремонт мебели;город Москва, поселение Воскресенское, посёлок Воскресенское, дом 26;37.4428849999999970;55.5275106917470040
Столплит;изготовление и ремонт мебели;город Москва, город Зеленоград, корпус 1104;37.1880129712000000;55.9947143136000000
Ремонт мебели;изготовление и ремонт мебели;город Москва, улица Садовники, дом 3;37.6517219999999780;55.6774637346901220
Перетяжка мебели;изготовление и ремонт мебели;город Москва, Пятницкое шоссе, дом 19, корпус 1;37.3744010000000060;55.8452147834169420
Ремонт мебели;изготовление и ремонт мебели;город Москва, 1-й Митинский переулок, дом 3, строение 2;37.3740359999999820;55.8431557828144700
