Мастерская Айсберг;ремонт и техническое обслуживание бытовой радиоэлектронной аппаратуры, бытовых машин и бытовых приборов, техники;город Москва, Авангардная улица, дом 16;37.4895410165317030;55.8473645956542550
Ремонт телефонов;ремонт и техническое обслуживание бытовой радиоэлектронной аппаратуры, бытовых машин и бытовых приборов, техники;город Москва, Авиамоторная улица, дом 47;37.7184740718079180;55.7502111661457250
Ремонт сотовых телефонов и компьютеров;ремонт и техническое обслуживание бытовой радиоэлектронной аппаратуры, бытовых машин и бытовых приборов, техники;город Москва, Автозаводская улица, дом 13/1;37.6564240000000000;55.7054020000000000
РГ Сервис;ремонт и техническое обслуживание бытовой радиоэлектронной аппаратуры, бытовых машин и бытовых приборов, техники;город Москва, улица Алабяна, дом 12, корпус 1;37.5020649981457000;55.7992406028200000
СОВИНСЕРВИС;ремонт и техническое обслуживание бытовой радиоэлектронной аппаратуры, бытовых машин и бытовых приборов, техники;город Москва, Певческий переулок, дом 1/2, строение 1;37.6422513808626750;55.7518562240084780
Ремонт кассовых аппаратов;ремонт и техническое обслуживание бытовой радиоэлектронной аппаратуры, бытовых машин и бытовых приборов, техники;город Москва, Балаклавский проспект, дом 5;37.6105773096611000;55.6403697166745000
Компютерная клиника № 772;ремонт и техническое обслуживание бытовой радиоэлектронной аппаратуры, бытовых машин и бытовых приборов, техники;город Москва, Беговая улица, дом 7;37.5561257825917000;55.7784175894533000
Ремонт телефонов;ремонт и техническое обслуживание бытовой радиоэлектронной аппаратуры, бытовых машин и бытовых приборов, техники;город Москва, улица Богданова, дом 58;37.3916419969627000;55.6481591117291000
Сервисный центр по ремонту компьютеров.Фотоуслуги.;ремонт и техническое обслуживание бытовой радиоэлектронной аппаратуры, бытовых машин и бытовых приборов, техники;город Москва, Боровское шоссе, дом 33;37.3606842123057350;55.6418444027362680
Мастерская «Ремонт электроники»;ремонт и техническое обслуживание бытовой радиоэлектронной аппаратуры, бытовых машин и бытовых приборов, техники;город Москва, Васильевская улица, дом 3;37.5855129139901650;55.7704992918902390
Ремонт телефонов;ремонт и техническое обслуживание бытовой радиоэлектронной аппаратуры, бытовых машин и бытовых приборов, техники;город Москва, 3-я Владимирская улица, дом 27;37.7911285647042940;55.7539990774196500
Мастерская по ремонту оргтехники АЛД;ремонт и техническое обслуживание бытовой радиоэлектронной аппаратуры, бытовых машин и бытовых приборов, техники;город Москва, Гаврикова улица, дом 2/38;37.6703137619796990;55.7804210436703660
Ремонт бытовой техники;ремонт и техническое обслуживание бытовой радиоэлектронной аппаратуры, бытовых машин и бытовых приборов, техники;город Москва, улица Гиляровского, дом 36, строение 1А;37.6325906318118020;55.7826197788602940
РИНСТРУМ;ремонт и техническое обслуживание бытовой радиоэлектронной аппаратуры, бытовых машин и бытовых приборов, техники;город Москва, улица Гришина, дом 18, корпус 2;37.4172329990000000;55.7247060000000000
Сервисный центр GOSTrem.ru;ремонт и техническое обслуживание бытовой радиоэлектронной аппаратуры, бытовых машин и бытовых приборов, техники;город Москва, улица Гришина, дом 23, корпус 1;37.4150122454595220;55.7245727608204220
Ремонт продукции APPL «Brobrolab»;ремонт и техническое обслуживание бытовой радиоэлектронной аппаратуры, бытовых машин и бытовых приборов, техники;город Москва, Дербеневская улица, дом 1;37.6520376566391230;55.7264206181354500
Ремонт бытовой техники;ремонт и техническое обслуживание бытовой радиоэлектронной аппаратуры, бытовых машин и бытовых приборов, техники;город Москва, Донская улица, дом 35;37.6060018493313280;55.7189160987474280
МАСТЕРСКАЯ ПО РЕМОНТУ ВЕЛОСИПЕДОВ;ремонт и техническое обслуживание бытовой радиоэлектронной аппаратуры, бытовых машин и бытовых приборов, техники;город Москва, улица Дружбы, дом 2/19;37.5215176094809590;55.7123524494266040
Ремонт холодильников;ремонт и техническое обслуживание бытовой радиоэлектронной аппаратуры, бытовых машин и бытовых приборов, техники;город Москва, Дубнинская улица, дом 4, корпус 1;37.5690757668880760;55.8583201327044280
Ремонт бытовой техники «ПУЛЬСАР»;ремонт и техническое обслуживание бытовой радиоэлектронной аппаратуры, бытовых машин и бытовых приборов, техники;город Москва, улица Олеко Дундича, дом 21, корпус 2;37.4892367344426490;55.7389558241816450
Ремонт бытовой техники «Пульсар»;ремонт и техническое обслуживание бытовой радиоэлектронной аппаратуры, бытовых машин и бытовых приборов, техники;город Москва, улица Олеко Дундича, дом 21, корпус 2;37.4892367344426490;55.7389558241816450
Ремонт телефонов;ремонт и техническое обслуживание бытовой радиоэлектронной аппаратуры, бытовых машин и бытовых приборов, техники;город Москва, бульвар Матроса Железняка, дом 7/20;37.5245483254164680;55.8275072183784000
ЭЛЕКТРОНИКА СК;ремонт и техническое обслуживание бытовой радиоэлектронной аппаратуры, бытовых машин и бытовых приборов, техники;город Москва, Запорожская улица, дом 5;37.4029209999999000;55.7226880000000000
Cервисный центр;ремонт и техническое обслуживание бытовой радиоэлектронной аппаратуры, бытовых машин и бытовых приборов, техники;город Москва, Зубовский бульвар, дом 16-20, строение 1;37.5880000000000000;55.7380000000000000
Ремонт бытовой техники и радиоэлектронной аппаратуры;ремонт и техническое обслуживание бытовой радиоэлектронной аппаратуры, бытовых машин и бытовых приборов, техники;город Москва, Изваринская улица, дом 4;37.2907132377603000;55.6454003328387000
Ремонт телефонов;ремонт и техническое обслуживание бытовой радиоэлектронной аппаратуры, бытовых машин и бытовых приборов, техники;город Москва, Измайловский бульвар, дом 67, корпус 1;37.8156704490336540;55.7974162900010100
Ремонт сотовых телефонов;ремонт и техническое обслуживание бытовой радиоэлектронной аппаратуры, бытовых машин и бытовых приборов, техники;город Москва, Каргопольская улица, дом 14, корпус 1;37.5931614215420280;55.8637903563602760
МБТ-Сервис;ремонт и техническое обслуживание бытовой радиоэлектронной аппаратуры, бытовых машин и бытовых приборов, техники;город Москва, Кастанаевская улица, дом 36, корпус 1;37.4815937666900000;55.7362233337502000
Ремонт оргтехники;ремонт и техническое обслуживание бытовой радиоэлектронной аппаратуры, бытовых машин и бытовых приборов, техники;город Москва, Каширское шоссе, дом 26, корпус 3;37.6473240755840170;55.6529537666808740
Ремонт бытовой техники;ремонт и техническое обслуживание бытовой радиоэлектронной аппаратуры, бытовых машин и бытовых приборов, техники;город Москва, Каширское шоссе, дом 46, корпус 2;37.6642367429062900;55.6473409919791280
Контакт сервисный центр;ремонт и техническое обслуживание бытовой радиоэлектронной аппаратуры, бытовых машин и бытовых приборов, техники;город Москва, Комсомольский проспект, дом 40;37.5740145332712100;55.7219201727270960
Ремонт бытовой техники;ремонт и техническое обслуживание бытовой радиоэлектронной аппаратуры, бытовых машин и бытовых приборов, техники;город Москва, Коптевская улица, дом 16, корпус 2;37.5185120000000000;55.8292820000000000
Мастерская;ремонт и техническое обслуживание бытовой радиоэлектронной аппаратуры, бытовых машин и бытовых приборов, техники;город Москва, Кунцевская улица, дом 10;37.4125454269567000;55.7314715102053000
Ремонт бытовой техники;ремонт и техническое обслуживание бытовой радиоэлектронной аппаратуры, бытовых машин и бытовых приборов, техники;город Москва, Лебедянская улица, дом 14, корпус 1;37.6747437940666000;55.5862505161098000
Скайнет Сервис;ремонт и техническое обслуживание бытовой радиоэлектронной аппаратуры, бытовых машин и бытовых приборов, техники;город Москва, Ленинградский проспект, дом 1;37.5800346808459000;55.7779923772113000
Ремонт сотовых телефонов;ремонт и техническое обслуживание бытовой радиоэлектронной аппаратуры, бытовых машин и бытовых приборов, техники;город Москва, Ленинградский проспект, дом 74, корпус 1;37.5163486228984000;55.8052740138934000
Ремонт ККМ;ремонт и техническое обслуживание бытовой радиоэлектронной аппаратуры, бытовых машин и бытовых приборов, техники;город Москва, Ленинградский проспект, дом 74, корпус 2;37.5168850637018000;55.8056780005967000
МОСКОВСКИЙ ЦЕНТР СЕРВИСОВ;ремонт и техническое обслуживание бытовой радиоэлектронной аппаратуры, бытовых машин и бытовых приборов, техники;город Москва, Ленинский проспект, дом 37А;37.5862934348583830;55.7094734047085960
Орбита-Сервис ТВ;ремонт и техническое обслуживание бытовой радиоэлектронной аппаратуры, бытовых машин и бытовых приборов, техники;город Москва, Ленинский проспект, дом 95;37.5258221646579530;55.6739841638466330
ЭРТА;ремонт и техническое обслуживание бытовой радиоэлектронной аппаратуры, бытовых машин и бытовых приборов, техники;город Москва, Лихов переулок, дом 5;37.6121199920876140;55.7725132468760380
OLDI;ремонт и техническое обслуживание бытовой радиоэлектронной аппаратуры, бытовых машин и бытовых приборов, техники;город Москва, улица Малышева, дом 7;37.7428590000000000;55.7005770000000000
Ремонт телефонов;ремонт и техническое обслуживание бытовой радиоэлектронной аппаратуры, бытовых машин и бытовых приборов, техники;город Москва, улица Мастеркова, дом 3;37.6584569308797300;55.7086953158861390
РЕМОНТ КОМПЬЮТЕРОВ;ремонт и техническое обслуживание бытовой радиоэлектронной аппаратуры, бытовых машин и бытовых приборов, техники;город Москва, улица Менжинского, дом 25;37.6583597043230260;55.8696121211762320
МАСТЕР ГРУПП;ремонт и техническое обслуживание бытовой радиоэлектронной аппаратуры, бытовых машин и бытовых приборов, техники;город Москва, Малый Казённый переулок, дом 8;37.6539164298626000;55.7603053379664000
М.ВИДЕО-СЕРВИС;ремонт и техническое обслуживание бытовой радиоэлектронной аппаратуры, бытовых машин и бытовых приборов, техники;город Москва, проспект Мира, дом 91, корпус 1;37.6354540789186000;55.8053808325354000
Мастерская;ремонт и техническое обслуживание бытовой радиоэлектронной аппаратуры, бытовых машин и бытовых приборов, техники;город Москва, 5-й Монетчиковский переулок, дом 8/10;37.6322785008477820;55.7326328921174650
Сервисный центр АДК-Гарант;ремонт и техническое обслуживание бытовой радиоэлектронной аппаратуры, бытовых машин и бытовых приборов, техники;город Москва, Нагатинская улица, дом 28;37.6571699596000000;55.6774283165027000
Ремонт бытовой техники;ремонт и техническое обслуживание бытовой радиоэлектронной аппаратуры, бытовых машин и бытовых приборов, техники;город Москва, 1-я Новокузьминская улица, дом 23, корпус 2;37.7937012822038550;55.7145532297459170
МЕГАТЕХ РЕАЛИЗАЦИЯ И РЕМОНТ ОРГТЕХНИКИ;ремонт и техническое обслуживание бытовой радиоэлектронной аппаратуры, бытовых машин и бытовых приборов, техники;город Москва, 2-й Новоподмосковный переулок, дом 3;37.5094023676306000;55.8179302790398000
AppleCenter;ремонт и техническое обслуживание бытовой радиоэлектронной аппаратуры, бытовых машин и бытовых приборов, техники;город Москва, Калужская площадь, дом 1, корпус 1;37.6127114213978540;55.7284118003291130
Сервисный центр;ремонт и техническое обслуживание бытовой радиоэлектронной аппаратуры, бытовых машин и бытовых приборов, техники;город Москва, Ореховый бульвар, дом 11, корпус 1;37.7127784970027380;55.6109099966696900
АЛИНА-СЕРВИС;ремонт и техническое обслуживание бытовой радиоэлектронной аппаратуры, бытовых машин и бытовых приборов, техники;город Москва, Ослябинский переулок, дом 3;37.6604471181455840;55.7127989509189520
Ремонт аудио, видио аппаратуры;ремонт и техническое обслуживание бытовой радиоэлектронной аппаратуры, бытовых машин и бытовых приборов, техники;город Москва, 9-я Парковая улица, дом 30;37.7999093001057960;55.7949578786522550
Бюро ремонта;ремонт и техническое обслуживание бытовой радиоэлектронной аппаратуры, бытовых машин и бытовых приборов, техники;город Москва, город Зеленоград, улица 1 Мая, дом 2;37.1731941693109000;55.9771848945080000
Мастерская по ремонту электрооборудования;ремонт и техническое обслуживание бытовой радиоэлектронной аппаратуры, бытовых машин и бытовых приборов, техники;город Москва, Первомайская улица, дом 39;37.2063141978374360;55.9642970242365930
Ремонт аудио-видио техники;ремонт и техническое обслуживание бытовой радиоэлектронной аппаратуры, бытовых машин и бытовых приборов, техники;город Москва, Большая Переяславская улица, дом 9;37.6412054525424000;55.7833469270082000
Мастерская по ремонту техники;ремонт и техническое обслуживание бытовой радиоэлектронной аппаратуры, бытовых машин и бытовых приборов, техники;город Москва, Полоцкая улица, дом 16;37.4259620000000000;55.7341670000000000
РЕМОНТ ТОНОМЕТРОВ;ремонт и техническое обслуживание бытовой радиоэлектронной аппаратуры, бытовых машин и бытовых приборов, техники;город Москва, Радужная улица, дом 15, корпус 1;37.6634751809402600;55.8596073481975990
Дельта Копирс;ремонт и техническое обслуживание бытовой радиоэлектронной аппаратуры, бытовых машин и бытовых приборов, техники;город Москва, улица Рогожский Вал, дом 7;37.6781662927683000;55.7438313519187000
Ремонт бытовой техники;ремонт и техническое обслуживание бытовой радиоэлектронной аппаратуры, бытовых машин и бытовых приборов, техники;город Москва, бульвар Маршала Рокоссовского, дом 3;37.7263709531859000;55.8087771024336000
ILikeService;ремонт и техническое обслуживание бытовой радиоэлектронной аппаратуры, бытовых машин и бытовых приборов, техники;город Москва, Русаковская улица, дом 22;37.6783885408250820;55.7862073227277120
ЭЛЕКТРОНИКА С;ремонт и техническое обслуживание бытовой радиоэлектронной аппаратуры, бытовых машин и бытовых приборов, техники;город Москва, Рязанский проспект, дом 38;37.7884265618629910;55.7171980795118240
Ремонт генераторов, холодильного оборудования;ремонт и техническое обслуживание бытовой радиоэлектронной аппаратуры, бытовых машин и бытовых приборов, техники;город Москва, Севастопольский проспект, дом 19, корпус 1;37.5947955444225000;55.6779938428851000
Сервисный центр INKSYSTEM;ремонт и техническое обслуживание бытовой радиоэлектронной аппаратуры, бытовых машин и бытовых приборов, техники;город Москва, Селивёрстов переулок, дом 3;37.6348931711367380;55.7699918234325410
ДИЛАКСИ;ремонт и техническое обслуживание бытовой радиоэлектронной аппаратуры, бытовых машин и бытовых приборов, техники;город Москва, Симферопольский проезд, дом 7;37.6154787025583560;55.6649930564867430
Технический центр;ремонт и техническое обслуживание бытовой радиоэлектронной аппаратуры, бытовых машин и бытовых приборов, техники;город Москва, 8-я улица Соколиной Горы, дом 4, корпус 1;37.8866445827255800;55.7722659470498500
Служба быта;ремонт и техническое обслуживание бытовой радиоэлектронной аппаратуры, бытовых машин и бытовых приборов, техники;город Москва, Солнцевский проспект, дом 15;37.4071129785607000;55.6486736989551000
Дом быта «Виртуоз»;ремонт и техническое обслуживание бытовой радиоэлектронной аппаратуры, бытовых машин и бытовых приборов, техники;город Москва, Строгинский бульвар, дом 15;37.4037580948674000;55.8042071358089000
Ремонт телефонов «Stark Service»;ремонт и техническое обслуживание бытовой радиоэлектронной аппаратуры, бытовых машин и бытовых приборов, техники;город Москва, Строгинский бульвар, дом 26, корпус 2;37.4050410789314180;55.8021079273705000
Upsremont;ремонт и техническое обслуживание бытовой радиоэлектронной аппаратуры, бытовых машин и бытовых приборов, техники;город Москва, Аминьевское шоссе, дом 36;37.4513344544391000;55.7208658881702000
Неоторекс;ремонт и техническое обслуживание бытовой радиоэлектронной аппаратуры, бытовых машин и бытовых приборов, техники;город Москва, Таганрогская улица, дом 6, строение 1;37.7565779911105000;55.6844239026320000
ЮНИК-МАСТЕР;ремонт и техническое обслуживание бытовой радиоэлектронной аппаратуры, бытовых машин и бытовых приборов, техники;город Москва, Старый Толмачёвский переулок, дом 17, строение 2;37.6291348053318870;55.7386591698724770
Сервисный центр «BEST console»;ремонт и техническое обслуживание бытовой радиоэлектронной аппаратуры, бытовых машин и бытовых приборов, техники;город Москва, Большая Тульская улица, дом 2;37.6207216404830190;55.7096343619190080
СОДРУЖЕСТВО-БО;ремонт и техническое обслуживание бытовой радиоэлектронной аппаратуры, бытовых машин и бытовых приборов, техники;город Москва, Большая Тульская улица, дом 2;37.6207706130408540;55.7091565202005940
Пункт по ремонту быт.машин;ремонт и техническое обслуживание бытовой радиоэлектронной аппаратуры, бытовых машин и бытовых приборов, техники;город Москва, улица Леси Украинки, дом 4, корпус 1;37.4176568433673000;55.7290974747301000
Ремонт бытовой техники;ремонт и техническое обслуживание бытовой радиоэлектронной аппаратуры, бытовых машин и бытовых приборов, техники;город Москва, Уральская улица, дом 6, корпус 1;37.7993267698720890;55.8137571502004450
Радиомастерская;ремонт и техническое обслуживание бытовой радиоэлектронной аппаратуры, бытовых машин и бытовых приборов, техники;город Москва, Большая Филёвская улица, дом 41, корпус 2;37.4770018307742560;55.7412645541685240
Ремонт оргтехники;ремонт и техническое обслуживание бытовой радиоэлектронной аппаратуры, бытовых машин и бытовых приборов, техники;город Москва, Хавская улица, дом 3;37.6139053347718080;55.7188594431359330
РЕМОНТ РАДИОАППАРАТУРЫ;ремонт и техническое обслуживание бытовой радиоэлектронной аппаратуры, бытовых машин и бытовых приборов, техники;город Москва, Химкинский бульвар, дом 16, корпус 1;37.4429983487776500;55.8519813923428000
ЦЕНТР РЕКЛАМАЦИИ ОРБИТА-СЕРВИС;ремонт и техническое обслуживание бытовой радиоэлектронной аппаратуры, бытовых машин и бытовых приборов, техники;город Москва, Холмогорская улица, дом 6, корпус 2, строение 2;37.7172740000000030;55.8828807944573780
Сервисный Центр;ремонт и техническое обслуживание бытовой радиоэлектронной аппаратуры, бытовых машин и бытовых приборов, техники;город Москва, Хорошёвское шоссе, дом 24;37.5422179665077000;55.7746522946104000
РЕМОНТ БЫТОВОЙ Техники;ремонт и техническое обслуживание бытовой радиоэлектронной аппаратуры, бытовых машин и бытовых приборов, техники;город Москва, Большая Черёмушкинская улица, дом 4;37.5950982795751000;55.6881767472024000
Авторизованный сервисный центр Apple;ремонт и техническое обслуживание бытовой радиоэлектронной аппаратуры, бытовых машин и бытовых приборов, техники;город Москва, Чонгарский бульвар, дом 9;37.6108762621879600;55.6527677667868450
Приемный пункт Сервесного центра;ремонт и техническое обслуживание бытовой радиоэлектронной аппаратуры, бытовых машин и бытовых приборов, техники;город Москва, проспект 60-летия Октября, дом 16, корпус 1;37.5744948623091590;55.6905868558818180
Мастерская по ремонту аппаратуры;ремонт и техническое обслуживание бытовой радиоэлектронной аппаратуры, бытовых машин и бытовых приборов, техники;город Москва, Шипиловская улица, дом 48, корпус 1;37.7357493350437640;55.6213446890104780
Ремонт радиоаппаратуры;ремонт и техническое обслуживание бытовой радиоэлектронной аппаратуры, бытовых машин и бытовых приборов, техники;город Москва, улица Шолохова, дом 24;37.3489390884576000;55.6416557433067000
Сервисный центр, ремонт техники;ремонт и техническое обслуживание бытовой радиоэлектронной аппаратуры, бытовых машин и бытовых приборов, техники;город Москва, Югорский проезд, дом 2, строение 1;37.7066880000000140;55.8747317920657170
РТЦ СОВИНСЕРВИС;ремонт и техническое обслуживание бытовой радиоэлектронной аппаратуры, бытовых машин и бытовых приборов, техники;город Москва, улица Бочкова, дом 6, корпус 2;37.6338883863519000;55.8108812670317000
СЕРВИС-ВМ;ремонт и техническое обслуживание бытовой радиоэлектронной аппаратуры, бытовых машин и бытовых приборов, техники;город Москва, Коктебельская улица, дом 4, корпус 1;37.5860405573729250;55.5657294403635190
РЕМОНТ БЫТОВОЙ ТЕХНИКИ;ремонт и техническое обслуживание бытовой радиоэлектронной аппаратуры, бытовых машин и бытовых приборов, техники;город Москва, Пятницкое шоссе, дом 37;37.3561090367639820;55.8544928665081740
Ремонт бытовой техники «MASTER-TV»;ремонт и техническое обслуживание бытовой радиоэлектронной аппаратуры, бытовых машин и бытовых приборов, техники;город Москва, Братиславская улица, дом 8;37.7521863163245540;55.6628601523536870
ИРП;ремонт и техническое обслуживание бытовой радиоэлектронной аппаратуры, бытовых машин и бытовых приборов, техники;город Москва, шоссе Энтузиастов, дом 11А, корпус 2;37.7133246885367000;55.7521615342454000
Ремонт бытовой техники;ремонт и техническое обслуживание бытовой радиоэлектронной аппаратуры, бытовых машин и бытовых приборов, техники;город Москва, Южнобутовская улица, дом 139;37.5122555719446000;55.5295759746796000
ВОСТОК ПОЛЮС;ремонт и техническое обслуживание бытовой радиоэлектронной аппаратуры, бытовых машин и бытовых приборов, техники;город Москва, Кутузовский проспект, дом 35;37.5373578229294000;55.7402170910585000
Ремонт сотовых телефонов;ремонт и техническое обслуживание бытовой радиоэлектронной аппаратуры, бытовых машин и бытовых приборов, техники;город Москва, Строгинский бульвар, дом 7, корпус 1;37.3996400000000000;55.8056430000000000
РЕМОНТ ТЕЛЕФОНОВ;ремонт и техническое обслуживание бытовой радиоэлектронной аппаратуры, бытовых машин и бытовых приборов, техники;город Москва, улица Генерала Белобородова, дом 19;37.3575789873318910;55.8356360549682120
Легокомпьютер;ремонт и техническое обслуживание бытовой радиоэлектронной аппаратуры, бытовых машин и бытовых приборов, техники;город Москва, Ангарская улица, дом 22, корпус 1;37.5174628917322150;55.8758596045480330
Ремонт техники;ремонт и техническое обслуживание бытовой радиоэлектронной аппаратуры, бытовых машин и бытовых приборов, техники;город Москва, Братеевская улица, дом 10, корпус 1;37.7606639303861090;55.6326274467631450
Ремонт кофейного оборудования;ремонт и техническое обслуживание бытовой радиоэлектронной аппаратуры, бытовых машин и бытовых приборов, техники;Российская Федерация, город Москва, внутригородская территория муниципальный округ Куркино, Соколово-Мещерская улица, дом 25;37.3845850000000000;55.9028680000000000
Ремонт бытовой техники;ремонт и техническое обслуживание бытовой радиоэлектронной аппаратуры, бытовых машин и бытовых приборов, техники;город Москва, Загорьевская улица, дом 25;37.6946565137936000;55.5834490502419000
Ремонт оргтехники;ремонт и техническое обслуживание бытовой радиоэлектронной аппаратуры, бытовых машин и бытовых приборов, техники;город Москва, город Троицк, Солнечная улица, дом 10;37.2927654099713880;55.4696373777349190
Ремонт бытовой техники;ремонт и техническое обслуживание бытовой радиоэлектронной аппаратуры, бытовых машин и бытовых приборов, техники;город Москва, город Троицк, Нагорная улица, дом 9;37.2996614757288330;55.4919790344826320
Магазин-мастерская «Ремотека»;ремонт и техническое обслуживание бытовой радиоэлектронной аппаратуры, бытовых машин и бытовых приборов, техники;город Москва, город Троицк, Академическая площадь, дом 1;37.3038270000000000;55.4852500000000000
Ремонт сотовых телефонов;ремонт и техническое обслуживание бытовой радиоэлектронной аппаратуры, бытовых машин и бытовых приборов, техники;город Москва, город Троицк, Академическая площадь, дом 3;37.3048082372983670;55.4844354918148920
Ремонт телефонов;ремонт и техническое обслуживание бытовой радиоэлектронной аппаратуры, бытовых машин и бытовых приборов, техники;город Москва, поселение Сосенское, улица Александры Монаховой, дом 101;37.4926440000000000;55.5404750000000000
Ремонт телефонов, компьютеров;ремонт и техническое обслуживание бытовой радиоэлектронной аппаратуры, бытовых машин и бытовых приборов, техники;город Москва, улица Рождественка, дом 5/7, строение 1;37.6232462698050160;55.7615970094744210
Орбита Сервис;ремонт и техническое обслуживание бытовой радиоэлектронной аппаратуры, бытовых машин и бытовых приборов, техники;город Москва, 2-я Владимирская улица, дом 19;37.7816459165642000;55.7584163046103000
Ремонт телефонов;ремонт и техническое обслуживание бытовой радиоэлектронной аппаратуры, бытовых машин и бытовых приборов, техники;город Москва, проезд Дежнёва, дом 23;37.6372232920715600;55.8696903888307470
Ремонт бытовой техники;ремонт и техническое обслуживание бытовой радиоэлектронной аппаратуры, бытовых машин и бытовых приборов, техники;город Москва, Алтуфьевское шоссе, дом 22;37.5855103487259000;55.8594772805715000
Ремонт бытовой техники;ремонт и техническое обслуживание бытовой радиоэлектронной аппаратуры, бытовых машин и бытовых приборов, техники;город Москва, Варшавское шоссе, дом 102, строение 2;37.6189609498990480;55.6445920064356090
Ремонт телевизоров;ремонт и техническое обслуживание бытовой радиоэлектронной аппаратуры, бытовых машин и бытовых приборов, техники;город Москва, Булатниковская улица, дом 6, корпус 1;37.6440164075918000;55.5809748621853000
Ремонт бытовой техники;ремонт и техническое обслуживание бытовой радиоэлектронной аппаратуры, бытовых машин и бытовых приборов, техники;город Москва, Чертановская улица, дом 45А, корпус 1;37.5915545578524900;55.6073006196641800
Ремонт бытовой техники.Ремонт обуви;ремонт и техническое обслуживание бытовой радиоэлектронной аппаратуры, бытовых машин и бытовых приборов, техники;город Москва, микрорайон Северное Чертаново, корпус 806;37.5946163330517000;55.6357686003466000
Ремонт быттехники;ремонт и техническое обслуживание бытовой радиоэлектронной аппаратуры, бытовых машин и бытовых приборов, техники;город Москва, Дубнинская улица, дом 32;37.5585085833270400;55.8833658374228360
REMPHONE;ремонт и техническое обслуживание бытовой радиоэлектронной аппаратуры, бытовых машин и бытовых приборов, техники;город Москва, Страстной бульвар, дом 7, строение 3;37.6081811281551590;55.7677535674989930
СЕРВИСНЫЙ ЦЕНТР;ремонт и техническое обслуживание бытовой радиоэлектронной аппаратуры, бытовых машин и бытовых приборов, техники;город Москва, улица Петровка, дом 2, строение 1;37.6195781920586260;55.7603977345450450
Ремонт бытовой техники;ремонт и техническое обслуживание бытовой радиоэлектронной аппаратуры, бытовых машин и бытовых приборов, техники;город Москва, улица Мичуринский Проспект, Олимпийская Деревня, дом 4, корпус 2;37.4696929999999000;55.6752880000000000
Ремонт телефонов;ремонт и техническое обслуживание бытовой радиоэлектронной аппаратуры, бытовых машин и бытовых приборов, техники;город Москва, Боровское шоссе, дом 27;37.3657480000000000;55.6447500000000000
Сервисный центр Wefix;ремонт и техническое обслуживание бытовой радиоэлектронной аппаратуры, бытовых машин и бытовых приборов, техники;город Москва, улица Шаболовка, дом 12;37.6102137104005440;55.7231097194734280
Сервисный центр;ремонт и техническое обслуживание бытовой радиоэлектронной аппаратуры, бытовых машин и бытовых приборов, техники;город Москва, улица Обручева, дом 16, корпус 1;37.5144120000000000;55.6587740000000000
Мастерская по ремонту велосипедов;ремонт и техническое обслуживание бытовой радиоэлектронной аппаратуры, бытовых машин и бытовых приборов, техники;город Москва, улица Свободы, дом 89, корпус 5;37.4423859154358280;55.8659967746038570
Астра-Сервис;ремонт и техническое обслуживание бытовой радиоэлектронной аппаратуры, бытовых машин и бытовых приборов, техники;город Москва, Люсиновская улица, дом 39, строение 5;37.6227400726439710;55.7224799301686670
Восток;ремонт и техническое обслуживание бытовой радиоэлектронной аппаратуры, бытовых машин и бытовых приборов, техники;город Москва, Пятницкая улица, дом 30, строение 1;37.6281554094488730;55.7403195938425430
Ремонт электроники;ремонт и техническое обслуживание бытовой радиоэлектронной аппаратуры, бытовых машин и бытовых приборов, техники;город Москва, Пятницкая улица, дом 18, строение 4;37.6273328805175000;55.7420846510541350
Ремонт бытовой техники;ремонт и техническое обслуживание бытовой радиоэлектронной аппаратуры, бытовых машин и бытовых приборов, техники;город Москва, Кетчерская улица, дом 13;37.8377471233408680;55.7458770395032130
Ремонт бытовой техники;ремонт и техническое обслуживание бытовой радиоэлектронной аппаратуры, бытовых машин и бытовых приборов, техники;город Москва, Пролетарский проспект, дом 20, корпус 2;37.6579119315340240;55.6333261071819720
Ibolit;ремонт и техническое обслуживание бытовой радиоэлектронной аппаратуры, бытовых машин и бытовых приборов, техники;город Москва, улица Арбат, дом 12, строение 1;37.5959582188942750;55.7511270524700890
Ремонт техники «Apple»;ремонт и техническое обслуживание бытовой радиоэлектронной аппаратуры, бытовых машин и бытовых приборов, техники;город Москва, Волгоградский проспект, дом 10, строение 2;37.6741822071325960;55.7299243669716160
Протор-Сервис;ремонт и техническое обслуживание бытовой радиоэлектронной аппаратуры, бытовых машин и бытовых приборов, техники;город Москва, город Зеленоград, корпус 1534;37.1540948377677000;55.9827286457968000
Ремонт техники;ремонт и техническое обслуживание бытовой радиоэлектронной аппаратуры, бытовых машин и бытовых приборов, техники;город Москва, улица Народного Ополчения, дом 34;37.4853598324033470;55.7859587013223360
Техцентр «ЮНик+»;ремонт и техническое обслуживание бытовой радиоэлектронной аппаратуры, бытовых машин и бытовых приборов, техники;город Москва, Новоалексеевская улица, дом 14, строение 1;37.6459247096169630;55.8082642090262270
Ремонт бытовой техники;ремонт и техническое обслуживание бытовой радиоэлектронной аппаратуры, бытовых машин и бытовых приборов, техники;город Москва, улица Сущёвский Вал, дом 5, строение 20;37.5933190393258000;55.7939395740078000
Ремонт сотовых телефонов;ремонт и техническое обслуживание бытовой радиоэлектронной аппаратуры, бытовых машин и бытовых приборов, техники;город Москва, улица Декабристов, дом 15А;37.6045290000000000;55.8653990000000000
Ремонт телефонов;ремонт и техническое обслуживание бытовой радиоэлектронной аппаратуры, бытовых машин и бытовых приборов, техники;город Москва, улица Хачатуряна, дом 20А;37.6059407107258000;55.8632775495977000
СЦ «ТЕЛЕМАСТЕР»;ремонт и техническое обслуживание бытовой радиоэлектронной аппаратуры, бытовых машин и бытовых приборов, техники;город Москва, Алтуфьевское шоссе, дом 79Д;37.5851109631542640;55.8882969207523170
РЕМОНТ СОТОВЫХ ТЕЛЕФОНОВ;ремонт и техническое обслуживание бытовой радиоэлектронной аппаратуры, бытовых машин и бытовых приборов, техники;город Москва, Лианозовский проезд, владение 1А;37.5542169999999870;55.8974407987349050
Серсо;ремонт и техническое обслуживание бытовой радиоэлектронной аппаратуры, бытовых машин и бытовых приборов, техники;город Москва, Колодезный переулок, дом 3, строение 25;37.7013459430750000;55.7962887486409000
Ремонт компьютерной техники, телефонов;ремонт и техническое обслуживание бытовой радиоэлектронной аппаратуры, бытовых машин и бытовых приборов, техники;город Москва, Суздальская улица, дом 12А;37.8466661537081780;55.7380633186608490
Автоклуб Вода;ремонт и техническое обслуживание бытовой радиоэлектронной аппаратуры, бытовых машин и бытовых приборов, техники;город Москва, проспект Будённого, дом 33А;37.7327000000000000;55.7666280000000000
Сервисный центр;ремонт и техническое обслуживание бытовой радиоэлектронной аппаратуры, бытовых машин и бытовых приборов, техники;город Москва, Измайловский бульвар, дом 43;37.7981161638204100;55.7972652820687140
Ремонт телефонов;ремонт и техническое обслуживание бытовой радиоэлектронной аппаратуры, бытовых машин и бытовых приборов, техники;город Москва, улица Перерва, владение 31Б;37.7228562313542210;55.6529790820663020
Ремонт телефонов;ремонт и техническое обслуживание бытовой радиоэлектронной аппаратуры, бытовых машин и бытовых приборов, техники;город Москва, Рязанский проспект, дом 46, корпус 7;37.7933069591478490;55.7170279468560350
Элементарно;ремонт и техническое обслуживание бытовой радиоэлектронной аппаратуры, бытовых машин и бытовых приборов, техники;город Москва, шоссе Энтузиастов, дом 12, корпус 2;37.7069724852104640;55.7474041431465250
Анцелович Константин Николаевич;ремонт и техническое обслуживание бытовой радиоэлектронной аппаратуры, бытовых машин и бытовых приборов, техники;город Москва, Манежная площадь, дом 1, строение 2;37.6146257177811950;55.7557913293247580
МАСТЕРСКАЯ ПО РЕМОНТУ ТЕЛЕФОНОВ;ремонт и техническое обслуживание бытовой радиоэлектронной аппаратуры, бытовых машин и бытовых приборов, техники;город Москва, Мичуринский проспект, дом 21, корпус 6;37.5061630000000000;55.6994460000000000
Ремонт телеаппаратуры;ремонт и техническое обслуживание бытовой радиоэлектронной аппаратуры, бытовых машин и бытовых приборов, техники;город Москва, Митинская улица, дом 39;37.3539699419689840;55.8488903727271480
Ремонт компьютеров;ремонт и техническое обслуживание бытовой радиоэлектронной аппаратуры, бытовых машин и бытовых приборов, техники;город Москва, Таллинская улица, дом 9;37.3968920000000000;55.7998970000000000
Компания Серв;ремонт и техническое обслуживание бытовой радиоэлектронной аппаратуры, бытовых машин и бытовых приборов, техники;город Москва, 3-я улица Ямского Поля, дом 2, корпус 13;37.5827000000000000;55.7814480000000000
ВНЕШРЕМТОРГ;ремонт и техническое обслуживание бытовой радиоэлектронной аппаратуры, бытовых машин и бытовых приборов, техники;город Москва, Селезнёвская улица, дом 30, корпус Б-В;37.6111742579288940;55.7806802776390640
Бытовые услуги;ремонт и техническое обслуживание бытовой радиоэлектронной аппаратуры, бытовых машин и бытовых приборов, техники;город Москва, Хорошёвское шоссе, дом 32А;37.5411687200326000;55.7757831282028000
Ремонт садовой техники;ремонт и техническое обслуживание бытовой радиоэлектронной аппаратуры, бытовых машин и бытовых приборов, техники;город Москва, город Зеленоград, Заводская улица, дом 18, строение 2;37.1823609999999860;55.9756658218095140
Ремонт телефонов и планшетов;ремонт и техническое обслуживание бытовой радиоэлектронной аппаратуры, бытовых машин и бытовых приборов, техники;город Москва, город Зеленоград, корпус 1104;37.1881212990932000;55.9949225249819000
Ремонт техники «АСК-Сервис»;ремонт и техническое обслуживание бытовой радиоэлектронной аппаратуры, бытовых машин и бытовых приборов, техники;город Москва, улица Орджоникидзе, дом 10;37.5929313721224790;55.7103126815914680
Ремонт садовой техники;ремонт и техническое обслуживание бытовой радиоэлектронной аппаратуры, бытовых машин и бытовых приборов, техники;город Москва, улица Академика Янгеля, дом 14, корпус 5, строение 2;37.5820432137946550;55.6019444810640660
Сервисный центр «М.Видео»;ремонт и техническое обслуживание бытовой радиоэлектронной аппаратуры, бытовых машин и бытовых приборов, техники;город Москва, 1-й Варшавский проезд, дом 1А, строение 3;37.6279212512490130;55.6480361253960540
Сервисная компания;ремонт и техническое обслуживание бытовой радиоэлектронной аппаратуры, бытовых машин и бытовых приборов, техники;город Москва, Варшавское шоссе, дом 125, строение 1;37.6199159147769040;55.6266462171284890
IMobs;ремонт и техническое обслуживание бытовой радиоэлектронной аппаратуры, бытовых машин и бытовых приборов, техники;город Москва, Кожевническая улица, дом 14, корпус 1;37.6469579421493350;55.7288811851611290
Ремонт компьютеров;ремонт и техническое обслуживание бытовой радиоэлектронной аппаратуры, бытовых машин и бытовых приборов, техники;город Москва, Боровское шоссе, дом 51, строение 1;37.3531752710163330;55.6371007527517420
Ремонт бытовой техники;ремонт и техническое обслуживание бытовой радиоэлектронной аппаратуры, бытовых машин и бытовых приборов, техники;город Москва, Большая Косинская улица, дом 5;37.8537592704460910;55.7131846512672620
Сервисный центр;ремонт и техническое обслуживание бытовой радиоэлектронной аппаратуры, бытовых машин и бытовых приборов, техники;город Москва, город Московский, Солнечная улица, дом 3;37.3660300000000000;55.5914890000000000
Ремонт оргтехники;ремонт и техническое обслуживание бытовой радиоэлектронной аппаратуры, бытовых машин и бытовых приборов, техники;город Москва, город Троицк, Лесная улица, дом 4Б;37.3024672827051520;55.4764259912887070
Ремонт компьютеров;ремонт и техническое обслуживание бытовой радиоэлектронной аппаратуры, бытовых машин и бытовых приборов, техники;"город Москва, город Троицк, микрорайон ""В"", дом 50";37.2984110000000000;55.4911800000000000
Digital Device;ремонт и техническое обслуживание бытовой радиоэлектронной аппаратуры, бытовых машин и бытовых приборов, техники;город Москва, поселение Московский, Киевское шоссе, 22-й километр, домовладение 6, строение 1;37.4319360000000000;55.6338160000000000
Ремонт сотовых телефонов;ремонт и техническое обслуживание бытовой радиоэлектронной аппаратуры, бытовых машин и бытовых приборов, техники;"город Москва, город Троицк, микрорайон ""В"", дом 37";37.3048082372983670;55.4844354918148920
Ремонт сотовых телефонов;ремонт и техническое обслуживание бытовой радиоэлектронной аппаратуры, бытовых машин и бытовых приборов, техники;город Москва, поселение Десеновское, 1-я Ватутинская улица, дом 7;37.3323350000000000;55.5016220000000000
МУЛЬТИ-МАСТЕР;ремонт и техническое обслуживание бытовой радиоэлектронной аппаратуры, бытовых машин и бытовых приборов, техники;город Москва, Хорошёвское шоссе, дом 27;37.5250358400441680;55.7776086038419760
Parts direct;ремонт и техническое обслуживание бытовой радиоэлектронной аппаратуры, бытовых машин и бытовых приборов, техники;город Москва, Нахимовский проспект, дом 4;37.6113744595141030;55.6647046932426760
Cрочный ремонт «MOBI DOKTOR»;ремонт и техническое обслуживание бытовой радиоэлектронной аппаратуры, бытовых машин и бытовых приборов, техники;город Москва, улица Борисовские Пруды, дом 26, корпус 2;37.7591295858792790;55.6389126821180110
Сервисный цент;ремонт и техническое обслуживание бытовой радиоэлектронной аппаратуры, бытовых машин и бытовых приборов, техники;город Москва, улица Бориса Галушкина, дом 19, корпус 2;37.6638141749551920;55.8224004750164010
Ремонт Электроники;ремонт и техническое обслуживание бытовой радиоэлектронной аппаратуры, бытовых машин и бытовых приборов, техники;город Москва, улица Гарибальди, дом 15, корпус 2;37.5435346433932440;55.6749195065370940
Ремонт бытовой техники;ремонт и техническое обслуживание бытовой радиоэлектронной аппаратуры, бытовых машин и бытовых приборов, техники;город Москва, Русаковская улица, дом 7, строение 1;37.6711549734444300;55.7828719930605390
Ремонт телефонов;ремонт и техническое обслуживание бытовой радиоэлектронной аппаратуры, бытовых машин и бытовых приборов, техники;город Москва, шоссе Энтузиастов, дом 22/18;37.7173328896079810;55.7506488238352990
Ремонт кофемашин;ремонт и техническое обслуживание бытовой радиоэлектронной аппаратуры, бытовых машин и бытовых приборов, техники;город Москва, Ангарская улица, дом 10;37.5142943230210260;55.8729903985606100
Ремонт телефонов;ремонт и техническое обслуживание бытовой радиоэлектронной аппаратуры, бытовых машин и бытовых приборов, техники;город Москва, Таллинская улица, дом 26;37.4075021986947720;55.7998059407832300
Ремонт электроники;ремонт и техническое обслуживание бытовой радиоэлектронной аппаратуры, бытовых машин и бытовых приборов, техники;город Москва, улица Генерала Белова, дом 43, корпус 2;37.7249414894998480;55.6073556723364250
Ремонт техники, телефонов;ремонт и техническое обслуживание бытовой радиоэлектронной аппаратуры, бытовых машин и бытовых приборов, техники;город Москва, улица Борисовские Пруды, дом 26;37.7581877208842730;55.6399827269794190
Ремонт сотовых телефонов;ремонт и техническое обслуживание бытовой радиоэлектронной аппаратуры, бытовых машин и бытовых приборов, техники;город Москва, улица Красного Маяка, дом 2;37.6017857874557960;55.6118640771672690
Ремонт бытовой техники;ремонт и техническое обслуживание бытовой радиоэлектронной аппаратуры, бытовых машин и бытовых приборов, техники;город Москва, Лобненская улица, дом 4А;37.5378580827640180;55.8899069350465960
Компьютерный ремонт и услуги ремонта сотовых телефонов. Натяжные потолки;ремонт и техническое обслуживание бытовой радиоэлектронной аппаратуры, бытовых машин и бытовых приборов, техники;город Москва, Солнцевский проспект, дом 6;37.3988599793541570;55.6524669153383870
Dr.All;ремонт и техническое обслуживание бытовой радиоэлектронной аппаратуры, бытовых машин и бытовых приборов, техники;город Москва, Профсоюзная улица, дом 118;37.5183955260080780;55.6363262567241610
Ремонт телефонов;ремонт и техническое обслуживание бытовой радиоэлектронной аппаратуры, бытовых машин и бытовых приборов, техники;город Москва, Новокосинская улица, дом 31;37.8639229555057500;55.7430942816878670
Ремонт телефонов «iPro Service»;ремонт и техническое обслуживание бытовой радиоэлектронной аппаратуры, бытовых машин и бытовых приборов, техники;город Москва, Пресненская набережная, дом 10;37.5367143579707870;55.7470713950673020
Ремонт цифровой техники;ремонт и техническое обслуживание бытовой радиоэлектронной аппаратуры, бытовых машин и бытовых приборов, техники;город Москва, Дубнинская улица, дом 50;37.5584203663944080;55.8935316228856460
Сервисный центр;ремонт и техническое обслуживание бытовой радиоэлектронной аппаратуры, бытовых машин и бытовых приборов, техники;город Москва, Новокосинская улица, дом 19;37.8586594557396480;55.7402220909170080
Remobi.ru;ремонт и техническое обслуживание бытовой радиоэлектронной аппаратуры, бытовых машин и бытовых приборов, техники;город Москва, Ветошный переулок, дом 9;37.6219180964502660;55.7555023580692430
Service PRO;ремонт и техническое обслуживание бытовой радиоэлектронной аппаратуры, бытовых машин и бытовых приборов, техники;город Москва, улица Новый Арбат, дом 15;37.5924110000000000;55.7521410000000000
МТехник;ремонт и техническое обслуживание бытовой радиоэлектронной аппаратуры, бытовых машин и бытовых приборов, техники;город Москва, улица Острякова, дом 6;37.5258553841921060;55.7999008458417120
СЕРВИСНЫЙ ЦЕНТР APPLE;ремонт и техническое обслуживание бытовой радиоэлектронной аппаратуры, бытовых машин и бытовых приборов, техники;город Москва, Ткацкая улица, дом 5, строение 1;37.7235110000000000;55.7865970000000000
Ремонт техники;ремонт и техническое обслуживание бытовой радиоэлектронной аппаратуры, бытовых машин и бытовых приборов, техники;город Москва, Пролетарский проспект, дом 29;37.6581398252766560;55.6352467600485450
Masterzorro ремонт телефонов;ремонт и техническое обслуживание бытовой радиоэлектронной аппаратуры, бытовых машин и бытовых приборов, техники;город Москва, Комсомольский проспект, дом 28;37.5797307804653680;55.7269895510223920
ДаBro мастерская мобильной техники;ремонт и техническое обслуживание бытовой радиоэлектронной аппаратуры, бытовых машин и бытовых приборов, техники;город Москва, Конный переулок, дом 12;37.6118269858470880;55.7214698020710340
Ремонт телефонов, планшетов;ремонт и техническое обслуживание бытовой радиоэлектронной аппаратуры, бытовых машин и бытовых приборов, техники;город Москва, Саянская улица, дом 7, корпус 1;37.8313814646545550;55.7679042437886850
Сервисный центр;ремонт и техническое обслуживание бытовой радиоэлектронной аппаратуры, бытовых машин и бытовых приборов, техники;город Москва, улица Руднёвка, дом 15;37.8854258881082590;55.7163379644186700
Ремонт сотовых«Профи Комп»;ремонт и техническое обслуживание бытовой радиоэлектронной аппаратуры, бытовых машин и бытовых приборов, техники;город Москва, Нагатинская улица, дом 31;37.6588040501384500;55.6777749493564540
Ремонт техники;ремонт и техническое обслуживание бытовой радиоэлектронной аппаратуры, бытовых машин и бытовых приборов, техники;город Москва, Кантемировская улица, дом 29, корпус 1;37.6677458532978950;55.6370573075706360
Сервисный центр Fruitfix;ремонт и техническое обслуживание бытовой радиоэлектронной аппаратуры, бытовых машин и бытовых приборов, техники;город Москва, Бродников переулок, дом 10, корпус 2;37.6163540732112840;55.7370555120614380
Ремонт;ремонт и техническое обслуживание бытовой радиоэлектронной аппаратуры, бытовых машин и бытовых приборов, техники;город Москва, Волгоградский проспект, дом 111;37.7597100709835940;55.7067220976668480
Fix it Now;ремонт и техническое обслуживание бытовой радиоэлектронной аппаратуры, бытовых машин и бытовых приборов, техники;город Москва, улица Сергия Радонежского, дом 23-25, строение 1;37.6783473065946670;55.7470113124822360
Ремонт телефонов;ремонт и техническое обслуживание бытовой радиоэлектронной аппаратуры, бытовых машин и бытовых приборов, техники;город Москва, Автозаводская улица, дом 13/1;37.6562122631891680;55.7057476211491290
Голдтехсервис;ремонт и техническое обслуживание бытовой радиоэлектронной аппаратуры, бытовых машин и бытовых приборов, техники;город Москва, улица Кравченко, дом 10;37.5193130705454650;55.6778178417998930
Ремонт бытовой техники;ремонт и техническое обслуживание бытовой радиоэлектронной аппаратуры, бытовых машин и бытовых приборов, техники;город Москва, улица Алабяна, дом 15, строение 2;37.5051991351572910;55.7974867640543340
Ремонт телефонов;ремонт и техническое обслуживание бытовой радиоэлектронной аппаратуры, бытовых машин и бытовых приборов, техники;город Москва, Берингов проезд, дом 3, строение 6;37.6585434343255730;55.8567312329892620
Ремонт телефонов;ремонт и техническое обслуживание бытовой радиоэлектронной аппаратуры, бытовых машин и бытовых приборов, техники;город Москва, Полярная улица, дом 1;37.6370544859861910;55.8716619488370160
Сервисный центр;ремонт и техническое обслуживание бытовой радиоэлектронной аппаратуры, бытовых машин и бытовых приборов, техники;город Москва, Вешняковская улица, дом 15А;37.8343135721891810;55.7351810680643420
Ремонт телефонов;ремонт и техническое обслуживание бытовой радиоэлектронной аппаратуры, бытовых машин и бытовых приборов, техники;город Москва, Большая Семёновская улица, дом 28;37.7075153841530050;55.7817635329308530
Мобильный сервис;ремонт и техническое обслуживание бытовой радиоэлектронной аппаратуры, бытовых машин и бытовых приборов, техники;город Москва, город Зеленоград, Георгиевский проспект, дом 5;37.2136853561691000;55.9845056256059000
Ремонт сотовых телефонов;ремонт и техническое обслуживание бытовой радиоэлектронной аппаратуры, бытовых машин и бытовых приборов, техники;город Москва, Широкая улица, дом 13А;37.6625119249973040;55.8880983221063660
Aks service;ремонт и техническое обслуживание бытовой радиоэлектронной аппаратуры, бытовых машин и бытовых приборов, техники;город Москва, Кировоградская улица, дом 13А;37.6062274768494970;55.6134727648911350
Ремонт электронной техники, телефонов;ремонт и техническое обслуживание бытовой радиоэлектронной аппаратуры, бытовых машин и бытовых приборов, техники;город Москва, Салтыковская улица, дом 13Г;37.8628662316222630;55.7364418626967360
Сервесный Центр ПРОФИ;ремонт и техническое обслуживание бытовой радиоэлектронной аппаратуры, бытовых машин и бытовых приборов, техники;город Москва, улица Вавилова, дом 15;37.5811454572659680;55.7025418531925420
Ремонт аудио-видео аппаратуры;ремонт и техническое обслуживание бытовой радиоэлектронной аппаратуры, бытовых машин и бытовых приборов, техники;город Москва, Духовской переулок, дом 12;37.6134189256194560;55.7052686739553660
Сервисный центр «Applemed.pro»;ремонт и техническое обслуживание бытовой радиоэлектронной аппаратуры, бытовых машин и бытовых приборов, техники;город Москва, улица Анатолия Живова, дом 6;37.5531893676034870;55.7600933971822240
Сервисный центр «Сервис Больших Гарантов»;ремонт и техническое обслуживание бытовой радиоэлектронной аппаратуры, бытовых машин и бытовых приборов, техники;город Москва, улица Анатолия Живова, дом 6;37.5531893676034870;55.7600933971822240
Service Labs;ремонт и техническое обслуживание бытовой радиоэлектронной аппаратуры, бытовых машин и бытовых приборов, техники;город Москва, Ленинградское шоссе, дом 15;37.4959685265636370;55.8202759172222120
Сервисный Центр «Laser Star»;ремонт и техническое обслуживание бытовой радиоэлектронной аппаратуры, бытовых машин и бытовых приборов, техники;город Москва, улица Сергея Макеева, дом 4;37.5506042135062830;55.7590576220565520
Сервисный Центр «Mac Proff»;ремонт и техническое обслуживание бытовой радиоэлектронной аппаратуры, бытовых машин и бытовых приборов, техники;город Москва, Мантулинская улица, дом 20;37.5505816065354520;55.7564000593241640
Мастерская Ленремонт;ремонт и техническое обслуживание бытовой радиоэлектронной аппаратуры, бытовых машин и бытовых приборов, техники;город Москва, Нагорная улица, дом 23, корпус 1;37.6014443613951100;55.6774675719364320
Ремонт телефонов;ремонт и техническое обслуживание бытовой радиоэлектронной аппаратуры, бытовых машин и бытовых приборов, техники;город Москва, Нахимовский проспект, дом 9, корпус 1;37.6085683332489000;55.6634182612053000
Мастерская Ай Мастера;ремонт и техническое обслуживание бытовой радиоэлектронной аппаратуры, бытовых машин и бытовых приборов, техники;город Москва, улица Шаболовка, дом 30/12;37.6085388047034360;55.7194140048433790
Ремонт Теле-Видео-Аудио;ремонт и техническое обслуживание бытовой радиоэлектронной аппаратуры, бытовых машин и бытовых приборов, техники;город Москва, Рублёвское шоссе, дом 34, корпус 1;37.4171705202517730;55.7483747505005310
Сервисный центр «REPAIRSRV»;ремонт и техническое обслуживание бытовой радиоэлектронной аппаратуры, бытовых машин и бытовых приборов, техники;город Москва, Большая Тульская улица, дом 2;37.6207216404830190;55.7096343619190080
Сервисный центр;ремонт и техническое обслуживание бытовой радиоэлектронной аппаратуры, бытовых машин и бытовых приборов, техники;город Москва, Хорошёвское шоссе, дом 22;37.5433509133906970;55.7745317343107560
Сервисный центр Dayson;ремонт и техническое обслуживание бытовой радиоэлектронной аппаратуры, бытовых машин и бытовых приборов, техники;город Москва, Щербаковская улица, дом 35;37.7302350581953690;55.7830044290070220
Мастерская по ремонту;ремонт и техническое обслуживание бытовой радиоэлектронной аппаратуры, бытовых машин и бытовых приборов, техники;город Москва, 9-я Чоботовская аллея, дом 1, строение 1;37.3523179999999970;55.6555097283667590
Экспресс ремонт;ремонт и техническое обслуживание бытовой радиоэлектронной аппаратуры, бытовых машин и бытовых приборов, техники;город Москва, проспект Защитников Москвы, дом 10;37.9226700000000110;55.7007807414196780
Сервисный центр по ремонту телефонов ReStudia;ремонт и техническое обслуживание бытовой радиоэлектронной аппаратуры, бытовых машин и бытовых приборов, техники;город Москва, Карманицкий переулок, дом 9;37.5840770000000080;55.7482157551531900
ASUS;ремонт и техническое обслуживание бытовой радиоэлектронной аппаратуры, бытовых машин и бытовых приборов, техники;город Москва, Нижегородская улица, дом 29-33, строение 2;37.7107349999999850;55.7339687510222600
Кофейный мир ремонт кофемашин;ремонт и техническое обслуживание бытовой радиоэлектронной аппаратуры, бытовых машин и бытовых приборов, техники;город Москва, 1-й Дорожный проезд, дом 9;37.6266380339886130;55.6147035458678830
Coffee ремонт кофемашин;ремонт и техническое обслуживание бытовой радиоэлектронной аппаратуры, бытовых машин и бытовых приборов, техники;город Москва, 1-й Дорожный проезд, дом 9;37.6266380339886130;55.6147035458678830
Ремонт бытовой техники;ремонт и техническое обслуживание бытовой радиоэлектронной аппаратуры, бытовых машин и бытовых приборов, техники;город Москва, улица Сущёвский Вал, дом 5, строение 20;37.5933120978317210;55.7939229326330950
Ремонт бытовой техники;ремонт и техническое обслуживание бытовой радиоэлектронной аппаратуры, бытовых машин и бытовых приборов, техники;город Москва, улица Сущёвский Вал, дом 5, строение 20;37.5933120978317210;55.7939229326330950
Ремонт техники;ремонт и техническое обслуживание бытовой радиоэлектронной аппаратуры, бытовых машин и бытовых приборов, техники;город Москва, улица Сущёвский Вал, дом 5, строение 20;37.5933120978317210;55.7939229326330950
Ремонт бытовой техники;ремонт и техническое обслуживание бытовой радиоэлектронной аппаратуры, бытовых машин и бытовых приборов, техники;город Москва, улица Сущёвский Вал, дом 5, строение 20;37.5933120978317210;55.7939229326330950
Ремонт бытовой техники;ремонт и техническое обслуживание бытовой радиоэлектронной аппаратуры, бытовых машин и бытовых приборов, техники;город Москва, улица Сущёвский Вал, дом 5, строение 20;37.5933120978317210;55.7939229326330950
Ремонт бытовой техники;ремонт и техническое обслуживание бытовой радиоэлектронной аппаратуры, бытовых машин и бытовых приборов, техники;город Москва, улица Сущёвский Вал, дом 5, строение 20;37.5933120978317210;55.7939229326330950
Центр реализации социальных программ;ремонт и техническое обслуживание бытовой радиоэлектронной аппаратуры, бытовых машин и бытовых приборов, техники;город Москва, улица Сущёвский Вал, дом 5, строение 20;37.5933120978317210;55.7939229326330950
Сервисный центр;ремонт и техническое обслуживание бытовой радиоэлектронной аппаратуры, бытовых машин и бытовых приборов, техники;город Москва, Алтуфьевское шоссе, дом 84;37.5881849584495810;55.8960156259886740
Ремонт бытовой техники;ремонт и техническое обслуживание бытовой радиоэлектронной аппаратуры, бытовых машин и бытовых приборов, техники;город Москва, улица Сущёвский Вал, дом 5, строение 20;37.5935650000000050;55.7938487684196500
Ремонт бытовой техники;ремонт и техническое обслуживание бытовой радиоэлектронной аппаратуры, бытовых машин и бытовых приборов, техники;город Москва, улица Сущёвский Вал, дом 5, строение 20;37.5935650000000050;55.7938487684196500
Ремонт бытовой техники;ремонт и техническое обслуживание бытовой радиоэлектронной аппаратуры, бытовых машин и бытовых приборов, техники;город Москва, улица Сущёвский Вал, дом 5, строение 20;37.5935650000000050;55.7938487684196500
IVESTORE;ремонт и техническое обслуживание бытовой радиоэлектронной аппаратуры, бытовых машин и бытовых приборов, техники;город Москва, улица Маршала Катукова, дом 25;37.4144089322893050;55.8054654770921270
Сервис Бит;ремонт и техническое обслуживание бытовой радиоэлектронной аппаратуры, бытовых машин и бытовых приборов, техники;город Москва, Ленинградское шоссе, дом 14, строение 1;37.4981656588143080;55.8207140171019280
MOBILE SERVICE;ремонт и техническое обслуживание бытовой радиоэлектронной аппаратуры, бытовых машин и бытовых приборов, техники;город Москва, Кировоградская улица, дом 15;37.6047140811004820;55.6094513219503100
Сервисный центр;ремонт и техническое обслуживание бытовой радиоэлектронной аппаратуры, бытовых машин и бытовых приборов, техники;город Москва, Кировоградская улица, дом 15;37.6047140811004820;55.6094513219503100
Яблоремонт;ремонт и техническое обслуживание бытовой радиоэлектронной аппаратуры, бытовых машин и бытовых приборов, техники;город Москва, Кожевническая улица, дом 20А, строение 1;37.6478969329084380;55.7276138129504230
Сервисный центр АСТАР;ремонт и техническое обслуживание бытовой радиоэлектронной аппаратуры, бытовых машин и бытовых приборов, техники;город Москва, Варшавское шоссе, дом 132, строение 9;37.6104490000000000;55.6209010000000000
Ремонт бытовой техники I store;ремонт и техническое обслуживание бытовой радиоэлектронной аппаратуры, бытовых машин и бытовых приборов, техники;город Москва, 3-й Крутицкий переулок, дом 18;37.6638479999999800;55.7317877503903390
Сервисный центр;ремонт и техническое обслуживание бытовой радиоэлектронной аппаратуры, бытовых машин и бытовых приборов, техники;город Москва, Пятницкая улица, дом 82/34, строение 1;37.6253224630528110;55.7302670643289560
Ремонт бытовой техники;ремонт и техническое обслуживание бытовой радиоэлектронной аппаратуры, бытовых машин и бытовых приборов, техники;"город Москва, поселение Марушкинское, посёлок Совхоза ""Крёкшино"", Озёрная улица, владение 6, строение 2";37.1143130000000000;55.5962690000000000
Ремонт и установка бытовой техники;ремонт и техническое обслуживание бытовой радиоэлектронной аппаратуры, бытовых машин и бытовых приборов, техники;город Москва, поселение Первомайское, посёлок Птичное, Лесная улица, дом 2;37.2191960000000040;55.5282536919583480
Reconnect;ремонт и техническое обслуживание бытовой радиоэлектронной аппаратуры, бытовых машин и бытовых приборов, техники;город Москва, Зелёный проспект, дом 83, строение 2Б/Н;37.8215844104934860;55.7516148434666190
Ремонт техники;ремонт и техническое обслуживание бытовой радиоэлектронной аппаратуры, бытовых машин и бытовых приборов, техники;город Москва, улица Борисовские Пруды, дом 14, корпус 5;37.7472440000000020;55.6328677218582470
Морена;ремонт и техническое обслуживание бытовой радиоэлектронной аппаратуры, бытовых машин и бытовых приборов, техники;город Москва, Чертановская улица, дом 45А, корпус 1;37.5925640000000030;55.6072667145150850
Ремонт электроинструментов;ремонт и техническое обслуживание бытовой радиоэлектронной аппаратуры, бытовых машин и бытовых приборов, техники;город Москва, Колодезный переулок, дом 3;37.6974599999999920;55.7982057696891190
Растр;ремонт и техническое обслуживание бытовой радиоэлектронной аппаратуры, бытовых машин и бытовых приборов, техники;город Москва, улица Богданова, дом 48, корпус 2;37.3952480000000020;55.6500987268101500
Телемастерская;ремонт и техническое обслуживание бытовой радиоэлектронной аппаратуры, бытовых машин и бытовых приборов, техники;город Москва, Люсиновская улица, дом 68, корпус 1;37.6214620000000080;55.7158277457698430
Сервисный центр;ремонт и техническое обслуживание бытовой радиоэлектронной аппаратуры, бытовых машин и бытовых приборов, техники;город Москва, Часовая улица, дом 10/1;37.5328950000000030;55.8082607726206700
Сервисный центр «Лаборатория»;ремонт и техническое обслуживание бытовой радиоэлектронной аппаратуры, бытовых машин и бытовых приборов, техники;город Москва, Профсоюзная улица, дом 58, корпус 4;37.5503140000000000;55.6691847323040890
Whirlpool;ремонт и техническое обслуживание бытовой радиоэлектронной аппаратуры, бытовых машин и бытовых приборов, техники;город Москва, набережная Академика Туполева, дом 15;37.6818680000000090;55.7609327588448950
Ремонт бытовой техники;ремонт и техническое обслуживание бытовой радиоэлектронной аппаратуры, бытовых машин и бытовых приборов, техники;город Москва, Люблинская улица, дом 112, строение 3;37.7428549999999840;55.6500257267891530
Ремонт техники;ремонт и техническое обслуживание бытовой радиоэлектронной аппаратуры, бытовых машин и бытовых приборов, техники;город Москва, Профсоюзная улица, дом 56;37.5521999999999920;55.6697677324720460
Ремонт бытовой техники;ремонт и техническое обслуживание бытовой радиоэлектронной аппаратуры, бытовых машин и бытовых приборов, техники;город Москва, поселение Вороновское, село Вороново, дом 123Б;37.1543390000000000;55.3184296328404410
Сервис revice;ремонт и техническое обслуживание бытовой радиоэлектронной аппаратуры, бытовых машин и бытовых приборов, техники;город Москва, улица Красная Пресня, дом 9;37.5739670000000030;55.7609597588527420
Seyservice;ремонт и техническое обслуживание бытовой радиоэлектронной аппаратуры, бытовых машин и бытовых приборов, техники;город Москва, улица Сущёвский Вал, дом 5, строение 20;37.5935650000000050;55.7938487684196500
Сервисный центр;ремонт и техническое обслуживание бытовой радиоэлектронной аппаратуры, бытовых машин и бытовых приборов, техники;город Москва, Студёный проезд, дом 12;37.6589710000000010;55.8920587971531190
Ремонт техники;ремонт и техническое обслуживание бытовой радиоэлектронной аппаратуры, бытовых машин и бытовых приборов, техники;город Москва, поселение Московский, Киевское шоссе, 22-й километр, домовладение 4, строение 2;37.4360239999999890;55.6317677215423670
Ремонт коммуникационного оборудования;ремонт и техническое обслуживание бытовой радиоэлектронной аппаратуры, бытовых машин и бытовых приборов, техники;город Москва, проспект Будённого, дом 53, строение 2;37.7409870000000040;55.7585137581423420
Ремонт бытовой техники;ремонт и техническое обслуживание бытовой радиоэлектронной аппаратуры, бытовых машин и бытовых приборов, техники;город Москва, проспект Будённого, дом 53, строение 2;37.7409870000000040;55.7585137581423420
Рем Сервис;ремонт и техническое обслуживание бытовой радиоэлектронной аппаратуры, бытовых машин и бытовых приборов, техники;город Москва, Люблинская улица, дом 102А;37.7421949999999950;55.6523127274469760
Rlab;ремонт и техническое обслуживание бытовой радиоэлектронной аппаратуры, бытовых машин и бытовых приборов, техники;город Москва, улица Коровий Вал, дом 1А, строение 1;37.6218080000000010;55.7292267496484900
Ремонт мобильной техники, планшетов Mr Apple;ремонт и техническое обслуживание бытовой радиоэлектронной аппаратуры, бытовых машин и бытовых приборов, техники;город Москва, Мичуринский проспект, дом 58, корпус 1;37.4868320000000140;55.6914177387157140
Комфортный город;ремонт и техническое обслуживание бытовой радиоэлектронной аппаратуры, бытовых машин и бытовых приборов, техники;город Москва, Варшавское шоссе, дом 75, корпус 2;37.6209420000000070;55.6586687292758810
Евро Сервис Центр. ремонт техники Teuco;ремонт и техническое обслуживание бытовой радиоэлектронной аппаратуры, бытовых машин и бытовых приборов, техники;город Москва, Жулебинский бульвар, дом 18/8;37.8538319999999970;55.6959977400381090
Сервисный центр;ремонт и техническое обслуживание бытовой радиоэлектронной аппаратуры, бытовых машин и бытовых приборов, техники;город Москва, Пятницкое шоссе, дом 18;37.3828919999999840;55.8442977831486120
Ремонт фототехники;ремонт и техническое обслуживание бытовой радиоэлектронной аппаратуры, бытовых машин и бытовых приборов, техники;город Москва, Пятницкое шоссе, дом 18;37.3828919999999840;55.8442977831486120
Сервисный центр по ремонту электроплит;ремонт и техническое обслуживание бытовой радиоэлектронной аппаратуры, бытовых машин и бытовых приборов, техники;город Москва, Дубининская улица, дом 69;37.6348949999999930;55.7159007457909610
Ремонт бытовой техники;ремонт и техническое обслуживание бытовой радиоэлектронной аппаратуры, бытовых машин и бытовых приборов, техники;город Москва, Кировоградская улица, дом 15;37.6052600000000010;55.6095437151675110
Сервисный центр;ремонт и техническое обслуживание бытовой радиоэлектронной аппаратуры, бытовых машин и бытовых приборов, техники;город Москва, Кировоградская улица, дом 15;37.6052600000000010;55.6095437151675110
Ремонт телевизоров, ноутбуков, компьютеров;ремонт и техническое обслуживание бытовой радиоэлектронной аппаратуры, бытовых машин и бытовых приборов, техники;город Москва, улица Авиаконструктора Миля, дом 11, корпус 1;37.8566000000000070;55.6824557361296970
Починим все;ремонт и техническое обслуживание бытовой радиоэлектронной аппаратуры, бытовых машин и бытовых приборов, техники;город Москва, улица Генерала Кузнецова, дом 23;37.8542399999999970;55.6828437362416080
ЕСТЬ КОНТАКТ Проффесиональный ремонт электроники;ремонт и техническое обслуживание бытовой радиоэлектронной аппаратуры, бытовых машин и бытовых приборов, техники;город Москва, Люблинская улица, дом 165, корпус 2;37.7462280000000020;55.6496597266838930
РЕМОНТ КОФЕМАШИН;ремонт и техническое обслуживание бытовой радиоэлектронной аппаратуры, бытовых машин и бытовых приборов, техники;город Москва, Нагатинская улица, дом 16;37.6416139999999900;55.6789017351047380
Ремон холодильников и стиральных машин;ремонт и техническое обслуживание бытовой радиоэлектронной аппаратуры, бытовых машин и бытовых приборов, техники;город Москва, 33-й километр Московской Кольцевой Автодороги, владение 6, строение 7;37.5894530000000060;55.5776877060519680
МосРемБыт;ремонт и техническое обслуживание бытовой радиоэлектронной аппаратуры, бытовых машин и бытовых приборов, техники;город Москва, Варшавское шоссе, дом 64, корпус 1;37.6186980000000020;55.6606877298570380
Телемастер;ремонт и техническое обслуживание бытовой радиоэлектронной аппаратуры, бытовых машин и бытовых приборов, техники;город Москва, Люблинская улица, дом 50, строение 1;37.7380010000000040;55.6794257352558400
Сервисный цеентр Epson;ремонт и техническое обслуживание бытовой радиоэлектронной аппаратуры, бытовых машин и бытовых приборов, техники;город Москва, Олимпийский проспект, дом 24;37.6230709999999890;55.7891347670467180
Style-ok;ремонт и техническое обслуживание бытовой радиоэлектронной аппаратуры, бытовых машин и бытовых приборов, техники;город Москва, Новинский бульвар, дом 28/35, строение 1;37.5858430000000040;55.7573647578087020
Сервисный центр Dr.Electronics;ремонт и техническое обслуживание бытовой радиоэлектронной аппаратуры, бытовых машин и бытовых приборов, техники;город Москва, Лесная улица, дом 1/2;37.5853400000000020;55.7769777635086540
Ремонт оргтехники;ремонт и техническое обслуживание бытовой радиоэлектронной аппаратуры, бытовых машин и бытовых приборов, техники;город Москва, улица Зорге, дом 1, строение 2;37.5115750000000010;55.7782617638821560
Ремонт бытовой техники;ремонт и техническое обслуживание бытовой радиоэлектронной аппаратуры, бытовых машин и бытовых приборов, техники;город Москва, улица Сущёвский Вал, дом 5, строение 1А;37.5928790000000110;55.7941277685009350
Remobi;ремонт и техническое обслуживание бытовой радиоэлектронной аппаратуры, бытовых машин и бытовых приборов, техники;город Москва, улица Гарибальди, дом 23;37.5540530000000030;55.6714307329512150
Мастерская по ремонту бытовой техники;ремонт и техническое обслуживание бытовой радиоэлектронной аппаратуры, бытовых машин и бытовых приборов, техники;город Москва, Канатчиковский проезд, дом 7, корпус 1;37.5930219999999910;55.7017867417103150
Ремонт ТВ;ремонт и техническое обслуживание бытовой радиоэлектронной аппаратуры, бытовых машин и бытовых приборов, техники;город Москва, Дмитровское шоссе, дом 42;37.5705189999999970;55.8424407826052870
Сервис Зип-м;ремонт и техническое обслуживание бытовой радиоэлектронной аппаратуры, бытовых машин и бытовых приборов, техники;город Москва, Большая Декабрьская улица, дом 3, строение 1;37.5581119999999940;55.7646377599212360
Ремонт телефонов;ремонт и техническое обслуживание бытовой радиоэлектронной аппаратуры, бытовых машин и бытовых приборов, техники;город Москва, Ленинградский проспект, дом 75, корпус 1;37.5134580000000070;55.8042417714486160
Сервис-Контакт;ремонт и техническое обслуживание бытовой радиоэлектронной аппаратуры, бытовых машин и бытовых приборов, техники;город Москва, улица Маршала Малиновского, дом 8;37.4932390000000030;55.7925397680383530
Мир сервиса;ремонт и техническое обслуживание бытовой радиоэлектронной аппаратуры, бытовых машин и бытовых приборов, техники;город Москва, город Щербинка, Железнодорожная улица, дом 44;37.5683119999999990;55.4991766836979890
Авторизированный Сервисный Центр «Hikvision»;ремонт и техническое обслуживание бытовой радиоэлектронной аппаратуры, бытовых машин и бытовых приборов, техники;город Москва, Ослябинский переулок, дом 3;37.6602880000000080;55.7131587449977990
Сервис ГУРУ;ремонт и техническое обслуживание бытовой радиоэлектронной аппаратуры, бытовых машин и бытовых приборов, техники;город Москва, улица Петра Романова, дом 15;37.6833079999999970;55.7063037430157240
Ремонт радиоаппаратуры;ремонт и техническое обслуживание бытовой радиоэлектронной аппаратуры, бытовых машин и бытовых приборов, техники;город Москва, улица Свободы, дом 18;37.4544620000000070;55.8323227796464890
Сервисный центр;ремонт и техническое обслуживание бытовой радиоэлектронной аппаратуры, бытовых машин и бытовых приборов, техники;город Москва, Суздальская улица, дом 40, корпус 2;37.8755820000000010;55.7458927544792720
Ателье;ремонт и техническое обслуживание бытовой радиоэлектронной аппаратуры, бытовых машин и бытовых приборов, техники;город Москва, Товарищеская улица, дом 6;37.6673550000000010;55.6201107181970260
Ремонт бытовой техники;ремонт и техническое обслуживание бытовой радиоэлектронной аппаратуры, бытовых машин и бытовых приборов, техники;город Москва, Армавирская улица, дом 6;37.7530080000000010;55.6741197337261510
Честный сервис;ремонт и техническое обслуживание бытовой радиоэлектронной аппаратуры, бытовых машин и бытовых приборов, техники;город Москва, Садовая-Сухаревская улица, дом 2/34, строение 1;37.6219580000000060;55.7732597624273720
На Гаджете;ремонт и техническое обслуживание бытовой радиоэлектронной аппаратуры, бытовых машин и бытовых приборов, техники;город Москва, Баррикадная улица, дом 2/1, строение 1;37.5831140000000160;55.7595437584414810
Ремонт кофе машин;ремонт и техническое обслуживание бытовой радиоэлектронной аппаратуры, бытовых машин и бытовых приборов, техники;город Москва, 1-я Ямская улица, дом 8;37.6100489126276000;55.7949468112950000
Ремонт бытовой техники Spektor-servis;ремонт и техническое обслуживание бытовой радиоэлектронной аппаратуры, бытовых машин и бытовых приборов, техники;город Москва, Павловская улица, дом 7;37.6283160000000050;55.7199547469640070
Ремонт кофемашин;ремонт и техническое обслуживание бытовой радиоэлектронной аппаратуры, бытовых машин и бытовых приборов, техники;город Москва, Пяловская улица, дом 5А;37.5391619999999970;55.8625957885070360
Ремонт техники;ремонт и техническое обслуживание бытовой радиоэлектронной аппаратуры, бытовых машин и бытовых приборов, техники;город Москва, улица Сущёвский Вал, дом 5, строение 20;37.5933700000000070;55.7939097684374370
Ремонт техники;ремонт и техническое обслуживание бытовой радиоэлектронной аппаратуры, бытовых машин и бытовых приборов, техники;город Москва, улица Обручева, дом 11;37.5157476914587420;55.6598472345712520
Remquick.ru;ремонт и техническое обслуживание бытовой радиоэлектронной аппаратуры, бытовых машин и бытовых приборов, техники;город Москва, улица Гарибальди, дом 23;37.5541630000000030;55.6713937329405510
Remobi.ru Сеть сервис центров;ремонт и техническое обслуживание бытовой радиоэлектронной аппаратуры, бытовых машин и бытовых приборов, техники;город Москва, Ленинградский проспект, дом 62А;37.5320270000000060;55.8021037708252760
Ремонт техники;ремонт и техническое обслуживание бытовой радиоэлектронной аппаратуры, бытовых машин и бытовых приборов, техники;город Москва, Кировоградская улица, дом 15;37.6045539999999930;55.6096547151993260
Сервисный центр;ремонт и техническое обслуживание бытовой радиоэлектронной аппаратуры, бытовых машин и бытовых приборов, техники;город Москва, проспект Вернадского, дом 21, корпус 1;37.5226999999999930;55.6851237368993280
Сервисный центр;ремонт и техническое обслуживание бытовой радиоэлектронной аппаратуры, бытовых машин и бытовых приборов, техники;город Москва, проспект Будённого, дом 53, строение 2;37.7409870000000040;55.7585137581423420
Ремонт;ремонт и техническое обслуживание бытовой радиоэлектронной аппаратуры, бытовых машин и бытовых приборов, техники;город Москва, проспект Будённого, дом 53, строение 2;37.7409870000000040;55.7585137581423420
Duhouse;ремонт и техническое обслуживание бытовой радиоэлектронной аппаратуры, бытовых машин и бытовых приборов, техники;город Москва, проспект Будённого, дом 53, строение 2;37.7409870000000040;55.7585137581423420
Ремонт;ремонт и техническое обслуживание бытовой радиоэлектронной аппаратуры, бытовых машин и бытовых приборов, техники;город Москва, проспект Будённого, дом 53, строение 2;37.7409870000000040;55.7585137581423420
Vltra detalis;ремонт и техническое обслуживание бытовой радиоэлектронной аппаратуры, бытовых машин и бытовых приборов, техники;город Москва, проспект Будённого, дом 53, строение 2;37.7409870000000040;55.7585137581423420
Ремонт бытовой техники;ремонт и техническое обслуживание бытовой радиоэлектронной аппаратуры, бытовых машин и бытовых приборов, техники;город Москва, улица Тёплый Стан, владение 27, строение 1;37.4883900000000030;55.6258377198401280
Сервисный центр в магазине МВидео;ремонт и техническое обслуживание бытовой радиоэлектронной аппаратуры, бытовых машин и бытовых приборов, техники;город Москва, Большая Тульская улица, дом 13;37.6221070000000000;55.7087697437286100
МУЛЬТИ - МАСТЕР;ремонт и техническое обслуживание бытовой радиоэлектронной аппаратуры, бытовых машин и бытовых приборов, техники;город Москва, Шереметьевская улица, дом 6, корпус 1;37.6170639999999920;55.7954037688726600
Ремонт телефонов;ремонт и техническое обслуживание бытовой радиоэлектронной аппаратуры, бытовых машин и бытовых приборов, техники;город Москва, Ярцевская улица, дом 25А;37.4151710000000080;55.7411877531147650
Ремонт бытовой техники;ремонт и техническое обслуживание бытовой радиоэлектронной аппаратуры, бытовых машин и бытовых приборов, техники;город Москва, Пятницкое шоссе, дом 18;37.3828919999999840;55.8442977831486120
Ремонт бытовой техники;ремонт и техническое обслуживание бытовой радиоэлектронной аппаратуры, бытовых машин и бытовых приборов, техники;город Москва, Профсоюзная улица, дом 109, корпус 2;37.5196070000000080;55.6324667217430930
Dr.Sound;ремонт и техническое обслуживание бытовой радиоэлектронной аппаратуры, бытовых машин и бытовых приборов, техники;город Москва, улица Марии Ульяновой, дом 17А;37.5228370000000030;55.6813167358011820
Miele;ремонт и техническое обслуживание бытовой радиоэлектронной аппаратуры, бытовых машин и бытовых приборов, техники;город Москва, Ленинградский проспект, дом 31А, строение 1;37.5602269999999830;55.7836657654545930
Ремонт и продажа бытовой техники;ремонт и техническое обслуживание бытовой радиоэлектронной аппаратуры, бытовых машин и бытовых приборов, техники;город Москва, 34-й километр Московской Кольцевой Автодороги, владение 6;37.5745610000000030;55.5803647068169720
Ремонт автомагнитол;ремонт и техническое обслуживание бытовой радиоэлектронной аппаратуры, бытовых машин и бытовых приборов, техники;город Москва, Пятницкое шоссе, дом 18;37.3828919999999840;55.8442977831486120
Сервисный центр;ремонт и техническое обслуживание бытовой радиоэлектронной аппаратуры, бытовых машин и бытовых приборов, техники;город Москва, Студёный проезд, дом 12;37.6589710000000010;55.8920587971531190
Ремонт техники;ремонт и техническое обслуживание бытовой радиоэлектронной аппаратуры, бытовых машин и бытовых приборов, техники;город Москва, Ореховый бульвар, дом 16;37.7257300000000200;55.6111697156335010
Ремонт техники;ремонт и техническое обслуживание бытовой радиоэлектронной аппаратуры, бытовых машин и бытовых приборов, техники;город Москва, Лобненская улица, дом 4А;37.5376369999999970;55.8898757965117310
Ремонт бытовой техники;ремонт и техническое обслуживание бытовой радиоэлектронной аппаратуры, бытовых машин и бытовых приборов, техники;город Москва, улица Сущёвский Вал, дом 14/22, корпус 7;37.6007200000000100;55.7922537679550460
Ремонт телевизоров;ремонт и техническое обслуживание бытовой радиоэлектронной аппаратуры, бытовых машин и бытовых приборов, техники;город Москва, Шипиловский проезд, владение 39, корпус 3А;37.6977599999999880;55.6124167159909040
MadeService.ru;ремонт и техническое обслуживание бытовой радиоэлектронной аппаратуры, бытовых машин и бытовых приборов, техники;город Москва, проспект Андропова, дом 36;37.6619059999999880;55.6758117342138730
Ремонт пультов;ремонт и техническое обслуживание бытовой радиоэлектронной аппаратуры, бытовых машин и бытовых приборов, техники;город Москва, Шипиловский проезд, дом 43, корпус 2;37.6991749999999900;55.6113597156879540
Ремонт КофеМашин;ремонт и техническое обслуживание бытовой радиоэлектронной аппаратуры, бытовых машин и бытовых приборов, техники;город Москва, Шипиловский проезд, дом 43, корпус 2;37.6991749999999900;55.6113597156879540
РЕМОНТ ТЕЛЕФОНОВ;ремонт и техническое обслуживание бытовой радиоэлектронной аппаратуры, бытовых машин и бытовых приборов, техники;город Москва, Зелёный проспект, дом 3А, строение 1;37.7690642717209570;55.7499680721170780
Ремонт кофемашин;ремонт и техническое обслуживание бытовой радиоэлектронной аппаратуры, бытовых машин и бытовых приборов, техники;город Москва, Варшавское шоссе, дом 71, корпус 1;37.6201990000000000;55.6600217296653170
Ремонт телефонов;ремонт и техническое обслуживание бытовой радиоэлектронной аппаратуры, бытовых машин и бытовых приборов, техники;город Москва, Люблинская улица, дом 112, строение 3;37.7428549999999990;55.6500257267891530
Ремонт телефонов;ремонт и техническое обслуживание бытовой радиоэлектронной аппаратуры, бытовых машин и бытовых приборов, техники;город Москва, Люблинская улица, дом 112, строение 3;37.7428549999999990;55.6500257267891530
Ремонт телефонов;ремонт и техническое обслуживание бытовой радиоэлектронной аппаратуры, бытовых машин и бытовых приборов, техники;город Москва, Люблинская улица, дом 112, строение 3;37.7428549999999990;55.6500257267891530
Ремонт телефонов;ремонт и техническое обслуживание бытовой радиоэлектронной аппаратуры, бытовых машин и бытовых приборов, техники;город Москва, Люблинская улица, дом 112, строение 3;37.7428549999999990;55.6500257267891530
Ремонт телефонов;ремонт и техническое обслуживание бытовой радиоэлектронной аппаратуры, бытовых машин и бытовых приборов, техники;город Москва, Люблинская улица, дом 112, строение 3;37.7428549999999990;55.6500257267891530
Бытовые услуги;ремонт и техническое обслуживание бытовой радиоэлектронной аппаратуры, бытовых машин и бытовых приборов, техники;город Москва, Ангарская улица, дом 21;37.5167409999999960;55.8768347926827500
Ремонт бытовой техники;ремонт и техническое обслуживание бытовой радиоэлектронной аппаратуры, бытовых машин и бытовых приборов, техники;город Москва, Измайловское шоссе, дом 24, корпус 1;37.7269619999999930;55.7783857639182440
Ремонт техники;ремонт и техническое обслуживание бытовой радиоэлектронной аппаратуры, бытовых машин и бытовых приборов, техники;город Москва, улица Сущёвский Вал, дом 5, строение 20;37.5933700000000070;55.7939097684374370
Ремонт техники;ремонт и техническое обслуживание бытовой радиоэлектронной аппаратуры, бытовых машин и бытовых приборов, техники;город Москва, улица Сущёвский Вал, дом 5, строение 20;37.5933700000000070;55.7939097684374370
Ремонт бытовой техники;ремонт и техническое обслуживание бытовой радиоэлектронной аппаратуры, бытовых машин и бытовых приборов, техники;город Москва, город Троицк, улица Полковника Милиции Курочкина, дом 8;37.2957669999999840;55.4868796802111530
Ремонт бытовой техники;ремонт и техническое обслуживание бытовой радиоэлектронной аппаратуры, бытовых машин и бытовых приборов, техники;Российская Федерация, город Москва, внутригородская территория муниципальный округ Митино, Новотушинский проезд, дом 8, корпус 1;37.3813870000000040;55.8377807812422520
Ремонт бытовой техники;ремонт и техническое обслуживание бытовой радиоэлектронной аппаратуры, бытовых машин и бытовых приборов, техники;город Москва, Варшавское шоссе, владение 132/2;37.6089849999999970;55.6202597182397720
Сервисный центр по ремонту бытовой техники;ремонт и техническое обслуживание бытовой радиоэлектронной аппаратуры, бытовых машин и бытовых приборов, техники;город Москва, Очаковское шоссе, дом 6, корпус 2;37.4569509999999890;55.6980857406411470
Ремонт бытовой техники;ремонт и техническое обслуживание бытовой радиоэлектронной аппаратуры, бытовых машин и бытовых приборов, техники;город Москва, Псковская улица, дом 5, корпус 3;37.5483169999999900;55.9056258011419370
Ремонт бытовой техники;ремонт и техническое обслуживание бытовой радиоэлектронной аппаратуры, бытовых машин и бытовых приборов, техники;город Москва, город Троицк, Сиреневый бульвар, дом 5;37.2959680000000160;55.4694806752843090
Айсберг;ремонт и техническое обслуживание бытовой радиоэлектронной аппаратуры, бытовых машин и бытовых приборов, техники;Российская Федерация, город Москва, внутригородская территория муниципальный округ Ломоносовский, улица Марии Ульяновой, дом 9, корпус 3;37.5242369999999920;55.6786237350245800
Ремонт бытовой техники;ремонт и техническое обслуживание бытовой радиоэлектронной аппаратуры, бытовых машин и бытовых приборов, техники;город Москва, Кировоградская улица, дом 9, корпус 4;37.6116740000000080;55.6217367186634560
Ремонт телерадиоаппаратуры;ремонт и техническое обслуживание бытовой радиоэлектронной аппаратуры, бытовых машин и бытовых приборов, техники;"город Москва, город Троицк, микрорайон ""В"", дом 49";37.3008620000000000;55.4903660000000000
Ремонт бытовой техники;ремонт и техническое обслуживание бытовой радиоэлектронной аппаратуры, бытовых машин и бытовых приборов, техники;город Москва, Флотская улица, дом 6/21;37.4786429999999980;55.8501087848493750
Лаборатория Автоэлектроники и Радиотехники;ремонт и техническое обслуживание бытовой радиоэлектронной аппаратуры, бытовых машин и бытовых приборов, техники;город Москва, Алтуфьевское шоссе, владение 81Б;37.5849720000000000;55.8875440000000000
Ремонт бытовой техники;ремонт и техническое обслуживание бытовой радиоэлектронной аппаратуры, бытовых машин и бытовых приборов, техники;город Москва, улица Сущёвский Вал, дом 5, строение 20;37.5933700000000070;55.7939097684374370
Ремонт бытовой техники;ремонт и техническое обслуживание бытовой радиоэлектронной аппаратуры, бытовых машин и бытовых приборов, техники;город Москва, улица Сущёвский Вал, дом 5, строение 20;37.5933700000000070;55.7939097684374370
Ремонт бытовой техники;ремонт и техническое обслуживание бытовой радиоэлектронной аппаратуры, бытовых машин и бытовых приборов, техники;город Москва, улица Сущёвский Вал, дом 5, строение 20;37.5933700000000070;55.7939097684374370
Ремонт бытовой техники;ремонт и техническое обслуживание бытовой радиоэлектронной аппаратуры, бытовых машин и бытовых приборов, техники;город Москва, улица Сущёвский Вал, дом 5, строение 20;37.5933700000000070;55.7939097684374370
Орбита - сервис;ремонт и техническое обслуживание бытовой радиоэлектронной аппаратуры, бытовых машин и бытовых приборов, техники;Российская Федерация, город Москва, внутригородская территория муниципальный округ Рязанский, Зеленодольская улица, дом 10/14;37.7578610000000050;55.7242167481976760
Ремонт электроники;ремонт и техническое обслуживание бытовой радиоэлектронной аппаратуры, бытовых машин и бытовых приборов, техники;город Москва, Рождественская улица, дом 33;37.9321339999999980;55.7039667423402780
Ремонт бытовой техники;ремонт и техническое обслуживание бытовой радиоэлектронной аппаратуры, бытовых машин и бытовых приборов, техники;город Москва, улица Сущёвский Вал, дом 5, строение 1А;37.5928810000000060;55.7941287685012310
Техпро;ремонт и техническое обслуживание бытовой радиоэлектронной аппаратуры, бытовых машин и бытовых приборов, техники;город Москва, улица Юных Ленинцев, дом 83, корпус 4;37.7739199999999970;55.7022717418504670
Сервисный центр Karcher;ремонт и техническое обслуживание бытовой радиоэлектронной аппаратуры, бытовых машин и бытовых приборов, техники;город Москва, Привольная улица, дом 5, корпус 1;37.8413890000000070;55.7025947419438130
