Ремонт металлоизделий. Ремонт часов;ремонт ювелирных изделий;город Москва, Авиамоторная улица, дом 23;37.7165540681888000;55.7589052936070000
Ремонт ювелирных изделий;ремонт ювелирных изделий;город Москва, Автозаводская улица, дом 13/1;37.6564240000000000;55.7054020000000000
Грация-М;ремонт ювелирных изделий;город Москва, Балтийская улица, дом 6, корпус 1;37.5138273464249000;55.8086746069003000
ЮВЕЛИРНАЯ МАСТЕРСКАЯ;ремонт ювелирных изделий;город Москва, улица Маршала Бирюзова, дом 41;37.4821826444687000;55.7988548865779000
ЛАЗЕРНАЯ МАСТЕРСКАЯ;ремонт ювелирных изделий;город Москва, улица Маршала Василевского, дом 17;37.4626704117536000;55.8086715913224000
Ювелирная мастерская;ремонт ювелирных изделий;город Москва, Зелёный проспект, дом 23/43;37.7861091123644000;55.7514460356757000
Ремонт ювелирных изделий;ремонт ювелирных изделий;город Москва, 3-я Владимирская улица, дом 27;37.7911285647042940;55.7539990774196500
Ювелирная мастерская;ремонт ювелирных изделий;город Москва, улица Бориса Галушкина, дом 10;37.6531044956220240;55.8242625376896270
Ювелирная мастерская;ремонт ювелирных изделий;город Москва, Дубнинская улица, дом 10, корпус 3;37.5701668710548230;55.8637559208032430
Оникс;ремонт ювелирных изделий;город Москва, 1-я Дубровская улица, дом 2Б, корпус 1;37.6678831386413000;55.7291011665196000
Ремонт ювелирных изделий «Истер Л»;ремонт ювелирных изделий;город Москва, Звенигородское шоссе, дом 7;37.5526925550530000;55.7638918638148000
Ювелирная мастерская;ремонт ювелирных изделий;город Москва, улица Большие Каменщики, дом 6, строение 1;37.6550320000000000;55.7360930000000000
Ройал-Ателье;ремонт ювелирных изделий;город Москва, Старая Басманная улица, дом 22, корпус А, строение 3;37.6667337061850000;55.7670704349568000
Ювелирная студия Np Studio;ремонт ювелирных изделий;город Москва, Костянский переулок, дом 12;37.6365984221320960;55.7695354279358430
Ювелирная мастерская;ремонт ювелирных изделий;город Москва, улица Красного Маяка, дом 2;37.6017857874557960;55.6118640771672690
ЮВЕЛИР;ремонт ювелирных изделий;город Москва, улица Кржижановского, дом 8, корпус 2;37.5631509717698440;55.6814766888271390
Адамас;ремонт ювелирных изделий;город Москва, улица Лескова, дом 3;37.5918206201605000;55.8986069352398000
Ювелирный дом Осипова;ремонт ювелирных изделий;город Москва, Люблинская улица, дом 29;37.7340195977694890;55.7000418759707610
Ювелирная мастерская;ремонт ювелирных изделий;город Москва, Люблинская улица, дом 50, строение 1;37.7379412162865440;55.6793783307986560
Ремонт ювелирных изделий;ремонт ювелирных изделий;город Москва, Первомайская улица, дом 34/16;37.7837927961278840;55.7925603789950770
Ремонт ювелирных изделий;ремонт ювелирных изделий;город Москва, Пятницкая улица, дом 17/4, строение 1;37.6286823895464340;55.7431662481329080
Мастер Ювелир;ремонт ювелирных изделий;город Москва, улица Рогожский Вал, дом 3;37.6792352796665430;55.7449710471831920
ЛОМБАРД «ШАНС»;ремонт ювелирных изделий;город Москва, 2-й Стрелецкий проезд, дом 10;37.6071065293384000;55.7975190685424000
Ювелирная мастерская;ремонт ювелирных изделий;город Москва, Сходненская улица, дом 37;37.4388381467887000;55.8498048683383000
Ремонт ювелирных изделий;ремонт ювелирных изделий;город Москва, Большая Тульская улица, дом 2;37.6207216404830190;55.7096343619190080
Ремонт и изготовление ювелирных изделий;ремонт ювелирных изделий;город Москва, Большая Тульская улица, дом 2;37.6207216404830190;55.7096343619190080
Ремонт ювелирных изделий;ремонт ювелирных изделий;город Москва, Новопесчаная улица, дом 18;37.5107256819647000;55.7945882214635000
Ремонт ювелирных изделий;ремонт ювелирных изделий;город Москва, Уральская улица, дом 5;37.7975850934640720;55.8143990997340110
Вера НЛ;ремонт ювелирных изделий;город Москва, Усачёва улица, дом 4;37.5728415686550720;55.7294426008157230
Ремонт ювелирных изделий;ремонт ювелирных изделий;город Москва, Хабаровская улица, дом 12/23;37.8267737328638490;55.8217438779344950
Ремонт ювелирных изделий;ремонт ювелирных изделий;город Москва, улица Шолохова, дом 12;37.3520481350738000;55.6394669468981000
Ремонт ювелирных украшений;ремонт ювелирных изделий;город Москва, Янтарный проезд, дом 11;37.6825990000000000;55.8686420000000000
Ремонт ювелирных изделей;ремонт ювелирных изделий;город Москва, город Зеленоград, корпус 834А;37.1760620000000000;55.9799650000000000
Ювелирная мастерская (ремонт и скупка);ремонт ювелирных изделий;город Москва, Осенний бульвар, дом 18, корпус 1;37.4083349038024000;55.7617165923785000
Ювелирная мастерская;ремонт ювелирных изделий;город Москва, город Зеленоград, корпус 1504;37.1525030000000000;55.9831680000000000
Ремонт ювелирных изделий;ремонт ювелирных изделий;город Москва, Элеваторная улица, дом 10, корпус 1;37.6620623098444000;55.6012610259345000
НИТЬ АРИАДНЫ;ремонт ювелирных изделий;город Москва, проспект Мира, дом 33, корпус 1;37.6318739521448220;55.7803431629322260
Ремонт ювелирных изделий;ремонт ювелирных изделий;город Москва, Профсоюзная улица, дом 113, корпус 1;37.5200099999999920;55.6312147213836000
Серебрянный мир;ремонт ювелирных изделий;город Москва, Ленинградский проспект, дом 69, строение 1;37.5169479076949000;55.8035323053843000
Дом быта «Хороший мастер»;ремонт ювелирных изделий;город Москва, город Зеленоград, корпус 1824;37.1678610000000000;55.9825750000000000
Ремонт ювелирных изделий;ремонт ювелирных изделий;город Москва, Измайловский бульвар, дом 58;37.8121037986502770;55.7963503353983940
Ювелирная мастерская;ремонт ювелирных изделий;город Москва, улица Рождественка, дом 5/7, строение 1;37.6232462698050160;55.7615970094744210
Ювелирная мастерская«Фантазия Золота»;ремонт ювелирных изделий;город Москва, улица Маршала Катукова, дом 10;37.4033783365567000;55.8093498825998000
Ремонт ювелирных изделий;ремонт ювелирных изделий;город Москва, город Зеленоград, корпус 601А;37.2273909999999970;55.9892430000000020
Ремонт ювелирных изделий;ремонт ювелирных изделий;город Москва, Булатниковская улица, дом 6, корпус 1;37.6445963808310000;55.5810180309660000
Мастерская по ремонту и изготовлению ювелирных изделий;ремонт ювелирных изделий;город Москва, улица Маршала Федоренко, дом 12;37.4888471649306250;55.8817253120090030
Ремонт ювелирных изделий;ремонт ювелирных изделий;город Москва, 9-я Парковая улица, дом 59, корпус 2;37.7978730000000000;55.8081010000000000
Ремонт ювелирных изделий и обуви;ремонт ювелирных изделий;город Москва, Михневская улица, дом 7, корпус 2;37.6626804547138430;55.5835131669848790
Ювелирная мастерская «GoldLazer»;ремонт ювелирных изделий;город Москва, Народная улица, дом 4, строение 1;37.6516543883365740;55.7393625285615290
Ремонт ювелирных изделий;ремонт ювелирных изделий;город Москва, Хабаровская улица, дом 15;37.8233819686802520;55.8225297603581440
Ювелирная мастерская;ремонт ювелирных изделий;город Москва, Новокосинская улица, владение 32А, строение 1;37.8671850474312280;55.7420336333669080
Ремонт ювелирных изделий;ремонт ювелирных изделий;город Москва, Измайловское шоссе, дом 71А;37.7524795989339100;55.7895553100875930
Ювелирная мастерская;ремонт ювелирных изделий;город Москва, Вешняковская улица, дом 15А;37.8299610000000000;55.7352260000000000
Ремонт ювелирных изделий;ремонт ювелирных изделий;город Москва, Новочеркасский бульвар, дом 57, корпус 1;37.7418128673179470;55.6478320441279310
Ремонт ювелирных изделий;ремонт ювелирных изделий;город Москва, улица Перерва, владение 31Б;37.7228562313542210;55.6529790820663020
Ремонт ювелирных изделий;ремонт ювелирных изделий;город Москва, Рязанский проспект, дом 46, сооружение 1;37.7950419057520360;55.7170567538528230
Ремонт ювелирных изделий;ремонт ювелирных изделий;город Москва, бульвар Адмирала Ушакова, дом 12;37.5501605497446000;55.5479222294997000
Ремонт ювелирных изделий;ремонт ювелирных изделий;город Москва, Озёрная улица, дом 42;37.4456187711785000;55.6711817403196000
ЮВЕЛИРНАЯ МАСТЕРСКАЯ;ремонт ювелирных изделий;город Москва, Мичуринский проспект, дом 21, корпус 6;37.5061630000000000;55.6994460000000000
Ювелирная мастерская;ремонт ювелирных изделий;город Москва, Петрозаводская улица, дом 24Б;37.4937620530462890;55.8670680354881380
Ювелирная мастерская;ремонт ювелирных изделий;город Москва, город Зеленоград, корпус 1801;37.1630105005331000;55.9777105061918000
Ремонт ювелирных изделий и гравировка;ремонт ювелирных изделий;город Москва, Ореховый бульвар, дом 22А;37.7327181769181120;55.6120431641733650
Ремонт ювелирных изделий Master Konin;ремонт ювелирных изделий;город Москва, проспект Андропова, дом 8;37.6650500000000010;55.6959060000000010
Ремонт ювелирных изделий;ремонт ювелирных изделий;город Москва, Боровское шоссе, дом 51, строение 1;37.3531752710163330;55.6371007527517420
Ремонт ювелирных изделий;ремонт ювелирных изделий;город Москва, город Троицк, Сиреневый бульвар, дом 1;37.2959045531987390;55.4720898331513080
Ремонт ювелирных изделий;ремонт ювелирных изделий;город Москва, город Троицк, Троицкий бульвар, дом 5;37.2893110000000000;55.4674900000000000
Ювелирный салон-мастерская;ремонт ювелирных изделий;город Москва, Бутырская улица, дом 86А;37.5825715204626290;55.8070027511086200
Ювелирная мастерская;ремонт ювелирных изделий;город Москва, Варшавское шоссе, дом 143А;37.5992155572757700;55.5839403226586700
Ремонт ювелирных изделий;ремонт ювелирных изделий;город Москва, Чонгарский бульвар, дом 4, корпус 1;37.6178246870643990;55.6537453423025570
Ювелирная мастерская;ремонт ювелирных изделий;город Москва, улица Руднёвка, дом 19;37.8874403405579660;55.7166832043693030
Мастерская;ремонт ювелирных изделий;город Москва, Нагатинская улица, дом 20;37.6532331176785600;55.6778852757960150
Ювелирная мастерская;ремонт ювелирных изделий;город Москва, улица Лестева, дом 11;37.6132579131352780;55.7142621580872510
Ювелирная мастерская;ремонт ювелирных изделий;город Москва, Пролетарский проспект, дом 25;37.6571201348172760;55.6363662196579300
Ювелирная мастерская;ремонт ювелирных изделий;город Москва, Профсоюзная улица, дом 5/9;37.5709510952654500;55.6846923507880830
Ремонт ювелирных изделий;ремонт ювелирных изделий;город Москва, Судостроительная улица, дом 1;37.6664674816074910;55.6790685766066390
ЮВЕЛИР;ремонт ювелирных изделий;город Москва, Митинская улица, дом 52;37.3541902079317300;55.8529344779125690
Ювелирный. Ювелирная мастерская;ремонт ювелирных изделий;город Москва, улица Хачатуряна, дом 20;37.6044446214848310;55.8619669853241730
Ремонт ювелирных изделий;ремонт ювелирных изделий;город Москва, улица Молостовых, дом 3Б;37.8331042374341490;55.7625463917017830
Ремонт ювелирных изделий;ремонт ювелирных изделий;город Москва, Бибиревская улица, дом 10, корпус 2;37.6025244108084000;55.8814396571795270
Мастерская «Ремонт ювелирных изделий»;ремонт ювелирных изделий;город Москва, Чертановская улица, дом 1Г;37.6067142729182180;55.6401899483330740
Ремонт ювелирных изделий;ремонт ювелирных изделий;город Москва, Перовская улица, дом 31;37.7744576095664750;55.7470990319509600
Ювелирная мастерская;ремонт ювелирных изделий;город Москва, Дубравная улица, дом 34/29;37.3580786621883900;55.8461491807848200
Ювелирная мастерская;ремонт ювелирных изделий;город Москва, Новокосинская улица, дом 19;37.8586594557396480;55.7402220909170080
Ювелирная мастерская;ремонт ювелирных изделий;город Москва, Кожевническая улица, дом 3, строение 1;37.6429770000000000;55.7304560000000000
Ювелирная мастерская;ремонт ювелирных изделий;город Москва, улица Стромынка, дом 16;37.6929445005304590;55.7932763401030700
Ювелир;ремонт ювелирных изделий;город Москва, улица Шаболовка, дом 2, строение 1;37.6114060000000020;55.7270837490278480
Ремонт ювелирных изделий;ремонт ювелирных изделий;город Москва, город Троицк, Академическая площадь, дом 4;37.3082652245273960;55.4856547758480400
Ремонт ювелирных изделий;ремонт ювелирных изделий;город Москва, Главная улица, дом 29;37.8722828917166940;55.8200110453292450
Ювелирная мастерская;ремонт ювелирных изделий;город Москва, улица Пришвина, дом 13;37.6008921211858930;55.8886360805885470
Ювелирная мастерская;ремонт ювелирных изделий;город Москва, Ореховый бульвар, дом 15;37.7201229999999940;55.6126677160628520
Ювелирная мастерская Rose Ring;ремонт ювелирных изделий;город Москва, Ленинградский проспект, дом 33, корпус 4;37.5599108788037550;55.7872696845354600
Подгорнов ремонт ювелирных изделий;ремонт ювелирных изделий;город Москва, Кировоградская улица, дом 13А;37.6062274768494970;55.6134727648911350
Мастерская «Ювелирная мастерская»;ремонт ювелирных изделий;город Москва, Богословский переулок, дом 16/6, строение 1;37.5982423520546970;55.7636125673994770
Ремонт ювелирных изделий и бижутерии;ремонт ювелирных изделий;город Москва, Вельяминовская улица, дом 6;37.7221182712868310;55.7804820659094820
Ювелирная мастерская;ремонт ювелирных изделий;город Москва, улица 800-летия Москвы, дом 4, корпус 2;37.5361070000000080;55.8760397924494750
ЮВЕЛИРНАЯ МАСТЕРСКАЯ;ремонт ювелирных изделий;город Москва, улица Гришина, дом 23, корпус 1;37.4149800000000140;55.7245757483016180
Ювелирная мастерская;ремонт ювелирных изделий;город Москва, улица Академика Королёва, дом 9, корпус 1;37.6247748658400450;55.8208886269328700
Ювелирная мастерская;ремонт ювелирных изделий;город Москва, Лобненская улица, дом 6;37.5376440000000000;55.8904577966827110
Ювелирная мастеская, фото мастерская;ремонт ювелирных изделий;город Москва, Люблинская улица, дом 59;37.7379928972589770;55.6861527942680110
Ювелирная мастерская Русский Ларец;ремонт ювелирных изделий;город Москва, Большая Тульская улица, дом 2;37.6207216404830190;55.7096343619190080
Ювелирная мастерская;ремонт ювелирных изделий;город Москва, город Зеленоград, корпус 1805;37.1627489999999980;55.9798708230543550
Ювелирная мастерская;ремонт ювелирных изделий;город Москва, проезд Дежнёва, дом 23;37.6372232920715600;55.8696903888307470
Ювелирная мастерская;ремонт ювелирных изделий;город Москва, улица Зои и Александра Космодемьянских, дом 26/21, строение 1;37.5177598776839860;55.8224272275197820
Ювелирная мастерская KamodinGold;ремонт ювелирных изделий;город Москва, улица Декабристов, дом 27;37.6095122862933450;55.8631059012996470
Ремонт ювелирных изделий;ремонт ювелирных изделий;город Москва, улица Мичуринский Проспект, Олимпийская Деревня, дом 4, корпус 2;37.4601440000000000;55.6754780000000000
Ремонт ювелирных изделий;ремонт ювелирных изделий;город Москва, улица Маршала Катукова, дом 18;37.4064095468625410;55.8066940471181850
Ремонт ювелирных изделий;ремонт ювелирных изделий;город Москва, Вешняковская улица, дом 18Б;37.8240524947515200;55.7227453547993010
Ювелирная мастерская;ремонт ювелирных изделий;город Москва, Ярославское шоссе, дом 55, корпус 1;37.6909569999999900;55.8614287881650360
Ювелир.Сервис;ремонт ювелирных изделий;город Москва, Алтуфьевское шоссе, дом 86, корпус 1;37.5881956262866770;55.8977587395146430
Ремонт ювелирных изделий;ремонт ювелирных изделий;город Москва, улица Пришвина, дом 22;37.6024355305905540;55.8853200967399390
Ремонт ювелирных изделей «Мастерская»;ремонт ювелирных изделий;город Москва, Большой Кондратьевский переулок, дом 14, строение 1;37.5806790000000030;55.7740707626632000
Ювелирная мастерская;ремонт ювелирных изделий;город Москва, Коровинское шоссе, дом 2А;37.5454519999999830;55.8655187893638040
Ремонт ювелирных изделий;ремонт ювелирных изделий;город Москва, Свободный проспект, дом 33;37.8193168041894910;55.7528108572437300
Ремонт ювелирных изделий;ремонт ювелирных изделий;город Москва, Зеленодольская улица, дом 44;37.7645479999999840;55.7010367414936310
JWLLB;ремонт ювелирных изделий;город Москва, Новоясеневский проспект, дом 1;37.5093136038484970;55.6194671496824070
Ювелирная мастерская;ремонт ювелирных изделий;город Москва, бульвар Адмирала Ушакова, дом 18Б;37.5479700000000000;55.5471320000000000
Ювелирная мастерская;ремонт ювелирных изделий;город Москва, Южнобутовская улица, дом 58;37.5294590000000100;55.5368606944076650
Ремонт ювелирных изделий;ремонт ювелирных изделий;"город Москва, поселение Марушкинское, посёлок Совхоза ""Крёкшино"", Озёрная улица, владение 6, строение 2";37.1143130000000000;55.5962690000000000
Ювелирный;ремонт ювелирных изделий;город Москва, город Московский, 1-й микрорайон, владение 22Б;37.3534900000000010;55.6043347136751790
Ремонт и изготовление ювелирных изделий;ремонт ювелирных изделий;город Москва, Кантемировская улица, дом 29, корпус 2;37.6636610000000050;55.6373577231478650
Ювелирная мастерская;ремонт ювелирных изделий;город Москва, Южнобутовская улица, дом 80;37.5169690000000030;55.5343796937014390
Ювелирная мастерская;ремонт ювелирных изделий;город Москва, Шоссейная улица, дом 1/2, строение 4;37.7281640000000000;55.6916817387919280
ТД Изумруд;ремонт ювелирных изделий;город Москва, улица Сущёвский Вал, дом 5, строение 1;37.5920550000000160;55.7943817685749370
Ювелирная студия Сергея Крупнова;ремонт ювелирных изделий;город Москва, город Троицк, Радужная улица, дом 2;37.2720040000000100;55.4835796792760900
Ювелирная мастерская «Золото и стиль»;ремонт ювелирных изделий;город Москва, улица Красная Пресня, дом 44, строение 3;37.5650009999999950;55.7632527595188350
РЕМОНТ ЮВЕЛИРНЫХ ИЗДЕЛИЙ;ремонт ювелирных изделий;город Москва, улица Менжинского, дом 36;37.6632372826457460;55.8704331577158940
Ремонт ювелирных изделий «Ювелир»;ремонт ювелирных изделий;город Москва, Садовая-Кудринская улица, дом 22, строение 1;37.5882669999999950;55.7627587593753300
Ювелирная мастерская;ремонт ювелирных изделий;город Москва, Варшавское шоссе, дом 152А;37.5992070000000140;55.5945367108700170
Антей ювелир;ремонт ювелирных изделий;город Москва, город Зеленоград, корпус 1614;37.1767111599614920;55.9693839488689520
Ювелирная мастерская;ремонт ювелирных изделий;город Москва, Кировоградская улица, дом 13А;37.6062160000000030;55.6114317157085840
Ювелирная мастерская;ремонт ювелирных изделий;город Москва, Комсомольский проспект, дом 4;37.5923880000000070;55.7331777507930610
Ремонт ювелирныйх изделий;ремонт ювелирных изделий;город Москва, Пятницкий переулок, дом 2;37.6294950000000060;55.7434207537622870
Ювелир;ремонт ювелирных изделий;город Москва, Люблинская улица, дом 102А;37.7421949999999950;55.6523127274469760
Ювелирная мастерская;ремонт ювелирных изделий;город Москва, улица Перерва, дом 43, корпус 1;37.7497249999999980;55.6596997295726230
Ювелирная мастерская;ремонт ювелирных изделий;город Москва, Ленинский проспект, дом 54;37.5604980000000030;55.6979037405885720
Ремонт Ювелирных изделий;ремонт ювелирных изделий;город Москва, Шоссейная улица, дом 29, корпус 1;37.7249640000000070;55.6823097360875680
ЮВЕЛИРНОЕ АТЕЛЬЕ;ремонт ювелирных изделий;город Москва, улица Петровка, дом 10;37.6192289999999760;55.7628287593956390
Ювелирная мастеская A&G;ремонт ювелирных изделий;город Москва, Россошанский проезд, дом 3;37.6092500000000030;55.6009557127074880
Ремонт ювелирных изделий;ремонт ювелирных изделий;город Москва, улица Миклухо-Маклая, дом 36А;37.5328919999999900;55.6401297239442980
Ювелирная мастерская;ремонт ювелирных изделий;город Москва, Профсоюзная улица, дом 118;37.5213180000000010;55.6365647229200560
Ювелирная мастерская;ремонт ювелирных изделий;город Москва, улица Адмирала Лазарева, дом 24;37.5326910000000000;55.5469896972925530
Ювелирная мастерская;ремонт ювелирных изделий;город Москва, площадь Джавахарлала Неру, дом 1;37.5340679999999980;55.6933467392726200
Ремонт ювелирных изделий;ремонт ювелирных изделий;город Москва, Нежинская улица, дом 6, корпус 1;37.4707169999999930;55.7096037439697440
Ремонт ювелирных изделий;ремонт ювелирных изделий;город Москва, Ярцевская улица, дом 25А;37.4154149999999960;55.7410817530840250
Ювелир;ремонт ювелирных изделий;город Москва, Братиславская улица, дом 22;37.7623120000000010;55.6550447282329510
Ювелирная мастерская;ремонт ювелирных изделий;город Москва, Варшавское шоссе, дом 87Б;37.6206190000000050;55.6536947278445520
Ювелирная мастерская «Zerger»;ремонт ювелирных изделий;город Москва, Святоозерская улица, дом 1А;37.8844710000000050;55.7149187455068780
Ювелирная студия Gems Gia;ремонт ювелирных изделий;город Москва, улица Серпуховский Вал, дом 21, корпус 1;37.6103080000000110;55.7109037443456570
Ювелирная Мастерская;ремонт ювелирных изделий;город Москва, Авиамоторная улица, дом 47;37.7185509999999770;55.7501497557143540
Ювелирная мастерская;ремонт ювелирных изделий;город Москва, 1-й Войковский проезд, дом 4, корпус 1;37.4970489999999970;55.8155587747500230
Хороший сервис;ремонт ювелирных изделий;город Москва, Воронцовская улица, дом 13/14, строение 3;37.6579089999999970;55.7395147526296950
ЮВЕЛИРНАЯ МАСТЕРСКАЯ;ремонт ювелирных изделий;город Москва, Енисейская улица, дом 15;37.6622420000000130;55.8667107897132520
Ремонт ювелирных изделий;ремонт ювелирных изделий;город Москва, Жулебинский бульвар, дом 5;37.8431609999999950;55.6986607408072350
Ювелирная мастерская;ремонт ювелирных изделий;город Москва, улица Академика Янгеля, дом 6, корпус 1;37.5921859999999910;55.5960957113161950
Ремонт ювелирных изделий;ремонт ювелирных изделий;город Москва, улица Паустовского, дом 2/34;37.5414320000000070;55.6031957133489600
Ремонт ювелирных изделий;ремонт ювелирных изделий;город Москва, Профсоюзная улица, дом 109;37.5216340000000060;55.6330027218970070
Ювелир;ремонт ювелирных изделий;город Москва, Ясный проезд, дом 10;37.6291340000000150;55.8738957918204380
Ремонт ювелирных изделий, очков, изготовление ключей;ремонт ювелирных изделий;город Москва, Бирюлёвская улица, дом 38, строение 3;37.6631240000000100;55.5880777090221800
Ювелир;ремонт ювелирных изделий;город Москва, 8-я улица Текстильщиков, дом 11;37.7484559999999970;55.7014167416034310
Ювелирная мастерская;ремонт ювелирных изделий;город Москва, Таганская улица, дом 40, строение 2;37.6666789999999950;55.7385597523528560
Ремонт ювелирных изделий;ремонт ювелирных изделий;город Москва, Солнцевский проспект, дом 21;37.4117160000000060;55.6469757259120710
Ювелирная мастерская;ремонт ювелирных изделий;город Москва, улица Яблочкова, дом 21, строение 3;37.5775469999999960;55.8192867758382930
Ремонт ювелирных изделий;ремонт ювелирных изделий;город Москва, Ярославское шоссе, дом 54;37.7048780516194600;55.8655032904092930
Ремонт ювелирных изделий;ремонт ювелирных изделий;город Москва, Профсоюзная улица, дом 102, строение 1;37.5262820000000020;55.6436837249656900
Ремонт ювелирных изделий ЮВЕЛИР;ремонт ювелирных изделий;город Москва, улица Миклухо-Маклая, дом 28А;37.5204969999999990;55.6421787245331170
Aper Style;ремонт ювелирных изделий;город Москва, Хорошёвское шоссе, дом 16, строение 3;37.5461309999999950;55.7742127627044790
Ремонт ювелирных изделий;ремонт ювелирных изделий;город Москва, Большая Семёновская улица, дом 16;37.7041409999999930;55.7820517649848990
Ремонт часов и ювелирных изделий;ремонт ювелирных изделий;город Москва, Волгоградский проспект, дом 123, корпус 1;37.7679169999999970;55.7056877428376610
Ювелирная мастерская;ремонт ювелирных изделий;город Москва, улица Маршала Полубоярова, дом 16, корпус 1;37.8625740000000020;55.6852337369310750
Ювелирная мастерская;ремонт ювелирных изделий;город Москва, улица Перерва, дом 32;37.7342219999999950;55.6527787275810230
Мастерская;ремонт ювелирных изделий;город Москва, улица Мичуринский Проспект, Олимпийская Деревня, дом 19, строение 1;37.4582079999999990;55.6727977333451350
Ювелирная мастерская;ремонт ювелирных изделий;город Москва, улица Софьи Ковалевской, дом 1;37.5325199999999980;55.8799687936025440
Ремонт ювелирных изделий;ремонт ювелирных изделий;город Москва, Дубнинская улица, дом 52, строение 3;37.5544840000000020;55.8966017984882700
Ювелирная мастерская;ремонт ювелирных изделий;город Москва, Краснопресненская набережная, дом 16, строение 1;37.5439849999999990;55.7481547551354880
Ювелирная мастерская;ремонт ювелирных изделий;город Москва, город Зеленоград, улица Гоголя, дом 2;37.1735656514538920;55.9836087941553020
Ювелирная мастерская;ремонт ювелирных изделий;город Москва, Ангарская улица, дом 37/18;37.5235729999999990;55.8790057933198840
Ремонт ювелирных изделий;ремонт ювелирных изделий;город Москва, улица Борисовские Пруды, дом 26;37.7581877208842730;55.6399827269794190
ЮВЕЛИРНАЯ МАСТЕРСКАЯ ЛАЗЕР ЮВЕЛИР СЕРВИС;ремонт ювелирных изделий;город Москва, Тишинская площадь, дом 1, строение 1;37.5833400000000070;55.7691587612350970
Ремонт оправ;ремонт ювелирных изделий;город Москва, Кожевническая улица, дом 7, строение 1;37.6455499999999860;55.7304177499934570
Ювелирная мастерская;ремонт ювелирных изделий;город Москва, Сходненская улица, дом 37;37.4388381467887000;55.8498048683383000
No Hands;ремонт ювелирных изделий;город Москва, Верхняя Сыромятническая улица, дом 2;37.6594770000000100;55.7543227569254970
Ремонт ювелирных изделий;ремонт ювелирных изделий;город Москва, Верхняя Сыромятническая улица, дом 2;37.6594770000000100;55.7543227569254970
Мастерская «Станислав»;ремонт ювелирных изделий;город Москва, Верхняя Сыромятническая улица, дом 2;37.6594770000000100;55.7543227569254970
Первая мастерская;ремонт ювелирных изделий;город Москва, Верхняя Сыромятническая улица, дом 2;37.6594770000000100;55.7543227569254970
Мастерская Михалев;ремонт ювелирных изделий;город Москва, Верхняя Сыромятническая улица, дом 2;37.6594770000000100;55.7543227569254970
Ремонт ювелирных изделий Alex&Rose;ремонт ювелирных изделий;город Москва, улица Новинки, дом 1;37.6662350000000070;55.6775037347016590
Ювелирная мастерская;ремонт ювелирных изделий;город Москва, Азовская улица, дом 18;37.5976540000000060;55.6560247285149570
Ювелир ювелирная мастерская;ремонт ювелирных изделий;город Москва, улица Миклухо-Маклая, дом 37;37.5213630000000010;55.6454877254842730
Ювелир;ремонт ювелирных изделий;город Москва, Бескудниковский бульвар, дом 12;37.5632450000000160;55.8622877884167790
Металлоремонт;ремонт ювелирных изделий;город Москва, проспект Вернадского, дом 41, строение 3;37.5039019999999890;55.6735157335520650
Ювелирная мастерская Diadem;ремонт ювелирных изделий;город Москва, улица Большая Полянка, дом 2, строение 2;37.6156969999999970;55.7417237532701860
Золотой феникс;ремонт ювелирных изделий;город Москва, Ярцевская улица, дом 22, строение 1;37.4134600000000080;55.7384667523258910
ЮвелирART;ремонт ювелирных изделий;город Москва, Алтуфьевское шоссе, дом 70, корпус 1;37.5880820000000000;55.8883087960514400
Ювелир;ремонт ювелирных изделий;город Москва, Шереметьевская улица, дом 6, корпус 1;37.6170580000000000;55.7953957688703430
Ювелирная мастерская;ремонт ювелирных изделий;город Москва, 1-я Новокузьминская улица, дом 7, корпус 1;37.7867950000000050;55.7161857458734180
Ювелирная мастерская;ремонт ювелирных изделий;город Москва, Ялтинская улица, дом 2;37.6104750000000010;55.6513477271693870
Ювелирная мастерская;ремонт ювелирных изделий;город Москва, улица Молостовых, дом 3Б;37.8331419999999950;55.7625887593259360
Ремонт ювелирных изделий;ремонт ювелирных изделий;город Москва, Рязанский проспект, дом 75, строение 1;37.7924599999999980;55.7177507463262100
Ремонт ювелирных украшений;ремонт ювелирных изделий;город Москва, Кировоградская улица, дом 15;37.6045539999999930;55.6096547151993260
I LOVE YOU, RINGS;ремонт ювелирных изделий;город Москва, Холодильный переулок, дом 3, корпус 1, строение 13;37.6249749999999990;55.7094577439275300
Ремонт ювелирных изделий;ремонт ювелирных изделий;город Москва, улица Маросейка, дом 2/15, строение 1;37.6319450000000090;55.7570757577247850
Аурум;ремонт ювелирных изделий;город Москва, Головинское шоссе, дом 5, корпус 1;37.4919719999999970;55.8402467819634860
Ювелирная мастерская;ремонт ювелирных изделий;город Москва, поселение Московский, МКАД, 47-й километр, владение 23;37.4364499999999940;55.6567607287267450
Ювелирная мастрская;ремонт ювелирных изделий;город Москва, проспект Мира, дом 11;37.6312959999999990;55.7757247631442180
Ювелирная мастерская;ремонт ювелирных изделий;город Москва, Балаклавский проспект, дом 5А;37.6082419999999970;55.6406077240816330
Мастер ювелир;ремонт ювелирных изделий;город Москва, Большая Семёновская улица, дом 21;37.7068579999999900;55.7826547651603730
Ювелирная мастерская;ремонт ювелирных изделий;город Москва, проспект 40 лет Октября, дом 40;37.7462679999999930;55.6716607330174900
Ювелирная мастерская;ремонт ювелирных изделий;город Москва, Профсоюзная улица, дом 126;37.5173589999999990;55.6324197217296120
Мастерская;ремонт ювелирных изделий;город Москва, улица Судакова, дом 11, строение 2;37.7475179999999990;55.6730097334062460
Ювелирная мастерская;ремонт ювелирных изделий;город Москва, Рублёвское шоссе, дом 52-А;37.4023970029982560;55.7555956049147030
Ремонт ювелирных изделий;ремонт ювелирных изделий;город Москва, Митинская улица, дом 36, корпус 1;37.3619109999999920;55.8465767838155500
Ювелирная мастерская;ремонт ювелирных изделий;город Москва, Кастанаевская улица, дом 54, корпус 3;37.4678710000000020;55.7356217515012910
Ювелирная мастерская;ремонт ювелирных изделий;город Москва, проспект Вернадского, дом 29;37.5159959999999870;55.6814217358314420
Ювелирная мастерская на Покровке;ремонт ювелирных изделий;город Москва, улица Покровка, дом 28, строение 4;37.6504060000000040;55.7599307585538640
Ювелирная мастерская;ремонт ювелирных изделий;город Москва, Туристская улица, дом 13, корпус 2;37.4222299999999990;55.8497047847311090
Ювелирная мастерская;ремонт ювелирных изделий;город Москва, Полоцкая улица, дом 16;37.4255019999999870;55.7341997510891860
Ювелирная мастерская;ремонт ювелирных изделий;город Москва, Венёвская улица, дом 4;37.5425480000000040;55.5484936977211350
Ювелирная мастерская;ремонт ювелирных изделий;город Москва, 1-я Владимирская улица, дом 31;37.7788030000000030;55.7525107563995520
Ювелирная мастерская;ремонт ювелирных изделий;город Москва, Живописная улица, дом 24;37.4548430000000040;55.7882947668021320
Ювелирная мастерская;ремонт ювелирных изделий;город Москва, Ангелов переулок, дом 6;37.3482120000000110;55.8530327857055160
Solo Jewelry Workshop;ремонт ювелирных изделий;город Москва, Верхняя Сыромятническая улица, дом 2;37.6594770000000100;55.7543227569254970
Ювелирная мастерская;ремонт ювелирных изделий;город Москва, улица Маршала Бирюзова, дом 19;37.4911379999999920;55.7943447685641300
Ремонт ювелирных изделий;ремонт ювелирных изделий;город Москва, Ясеневая улица, дом 29;37.7375139999999970;55.6050257138731040
Ювелирная мастерская;ремонт ювелирных изделий;город Москва, Кронштадтский бульвар, дом 7;37.4871600000000170;55.8408717821463160
Ремонт Ювелирных изделий;ремонт ювелирных изделий;город Москва, Большая Черёмушкинская улица, дом 8, корпус 1;37.5937459999999890;55.6868757374048400
Ювелир. Гравировка;ремонт ювелирных изделий;город Москва, Первомайская улица, дом 42;37.2076161714264800;55.9642062647106610
Ювелирная мастерская;ремонт ювелирных изделий;город Москва, поселение Внуковское, улица Корнея Чуковского, дом 5;37.3256930000000000;55.6375230000000000
Ремонт ювелирных изделий;ремонт ювелирных изделий;город Москва, Измайловский бульвар, дом 11/31;37.7870549999999950;55.7970927693648090
Ювелирная мастерская;ремонт ювелирных изделий;город Москва, улица Мичуринский Проспект, Олимпийская Деревня, дом 3, корпус 1;37.4671379999999910;55.6779177348210300
Ремонт ювелирных изделий;ремонт ювелирных изделий;город Москва, Щербаковская улица, дом 5;37.7247292382333730;55.7827766458119290
Ювелирная мастерская «OS»;ремонт ювелирных изделий;город Москва, Братеевская улица, дом 21, корпус 3;37.7542240000000010;55.6321017216382860
Ювелирная мастерская;ремонт ювелирных изделий;город Москва, улица Шаболовка, дом 30/12;37.6087799999999890;55.7193887468001920
Ювлериная мастерская;ремонт ювелирных изделий;город Москва, улица Новый Арбат, дом 19;37.5889130000000050;55.7520347562613880
Ювелирная мастерская;ремонт ювелирных изделий;город Москва, Красноармейская улица, дом 2, корпус 1;37.5507470000000080;55.7966897692473650
Ремонт ювелирных изделий;ремонт ювелирных изделий;город Москва, Осенний бульвар, дом 21;37.4059880000000010;55.7632827595275490
Скупка and Ремонт;ремонт ювелирных изделий;город Москва, Братиславская улица, дом 15, корпус 1;37.7591769999999940;55.6600817296825810
Ремонт «Ювелирных изделий»;ремонт ювелирных изделий;город Москва, Ключевая улица, дом 6, корпус 1;37.7574430000000230;55.6377047232475450
Ювелир;ремонт ювелирных изделий;город Москва, Братиславская улица, дом 15, корпус 1;37.7591769999999940;55.6600817296825810
Ремонт ювелирных изделий;ремонт ювелирных изделий;город Москва, улица Дмитрия Ульянова, дом 24;37.5749290000000190;55.6867627373722480
Ювелирная мастерская;ремонт ювелирных изделий;город Москва, Ленинский проспект, дом 54;37.5604679999999930;55.6978797405816410
Ювелирная Мастерская;ремонт ювелирных изделий;город Москва, Солнцевский проспект, дом 15;37.4070760000000040;55.6486907264052280
Скупка Золото;ремонт ювелирных изделий;город Москва, Первомайская улица, дом 35/18;37.7832057887190230;55.7932318447203880
Ремонт ювелирных изделий, металлоремонт;ремонт ювелирных изделий;город Москва, бульвар Маршала Рокоссовского, дом 31;37.7156749999999900;55.8156757747841750
Ремонт ювелирных изделий;ремонт ювелирных изделий;город Москва, Булатниковская улица, дом 2А;37.6516952356506210;55.5806855821442410
Master Konin;ремонт ювелирных изделий;город Москва, Ярцевская улица, дом 19;37.4107690000000020;55.7389697524717110
Ювелирная мастерская;ремонт ювелирных изделий;город Москва, Дубнинская улица, дом 12Б, строение 1;37.5725269999999940;55.8652087892729340
Ювелирная мастерская;ремонт ювелирных изделий;город Москва, город Щербинка, Новостроевская улица, дом 6;37.5591960000000070;55.5041936851216780
Ювелирная мастерская;ремонт ювелирных изделий;город Москва, улица Черняховского, дом 4;37.5340940000000240;55.8025327709503500
Ремонт ювелирных изделий;ремонт ювелирных изделий;город Москва, Зелёный проспект, дом 3А, строение 1;37.7690642717209570;55.7499680721170780
Ремонт ювелирных изделий;ремонт ювелирных изделий;город Москва, Митинская улица, дом 36, корпус 1;37.3619109999999920;55.8465767838155500
Ремон ювелирных изделий;ремонт ювелирных изделий;Российская Федерация, город Москва, внутригородская территория муниципальный округ Преображенское, Большая Черкизовская улица, дом 3, корпус 1;37.7171499999999970;55.7972527694114290
Ремонт ювелирных изделий;ремонт ювелирных изделий;Российская Федерация, город Москва, внутригородская территория муниципальный округ Гольяново, Хабаровская улица, дом 7/50;37.8262160205516690;55.8170703703606890
Ювелирная мастерская;ремонт ювелирных изделий;город Москва, улица Зои и Александра Космодемьянских, дом 35/1;37.5263449999999920;55.8255957776807960
Ремонт ювелирных изделий;ремонт ювелирных изделий;город Москва, улица Дудинка, дом 3;37.6876576199607810;55.8619421674026530
Ювелир;ремонт ювелирных изделий;город Москва, улица Хлобыстова, дом 15;37.8213770000000050;55.7135907451227370
Ювелир;ремонт ювелирных изделий;Российская Федерация, город Москва, внутригородская территория муниципальный округ Косино-Ухтомский, Святоозерская улица, дом 22;37.8919905323568930;55.7110201858130690
Ювелирная мастерская;ремонт ювелирных изделий;Российская Федерация, город Москва, внутригородская территория муниципальный округ Выхино-Жулебино, Пронская улица, дом 8/4;37.8445509999999810;55.6997257411148750
