Металлоремонт;ремонт и изготовление металлоизделий;город Москва, Абрамцевская улица, дом 1;37.5734313951548000;55.8919384909738000
Изготовление ключей;ремонт и изготовление металлоизделий;город Москва, Автозаводская улица, дом 13/1;37.6564240000000000;55.7054020000000000
Металлоремонт;ремонт и изготовление металлоизделий;город Москва, Большая Академическая улица, дом 57;37.5436207046489510;55.8388890267220930
ЗАТОЧКА КОНЬКОВ;ремонт и изготовление металлоизделий;город Москва, Алтуфьевское шоссе, дом 79;37.5852787961935000;55.8812049741337000
Дом Быта;ремонт и изготовление металлоизделий;город Москва, Бескудниковский бульвар, дом 44;37.5455212931379880;55.8739199927792710
МЕТАЛЛОРЕМОНТ И РЕМОНТ ОБУВИ;ремонт и изготовление металлоизделий;город Москва, улица Маршала Бирюзова, дом 17;37.4922601542408740;55.7937913257931230
ДОМ БЫТА;ремонт и изготовление металлоизделий;город Москва, Гвардейская улица, дом 3, корпус 1;37.4237129999999000;55.7211769999999000
МОСКОВСКИЙ СЕРВИС;ремонт и изготовление металлоизделий;город Москва, Дмитровское шоссе, дом 25, корпус 1;37.5709798561159000;55.8256550368114000
Изготовление ключей;ремонт и изготовление металлоизделий;город Москва, Измайловский бульвар, дом 60/10;37.8127844950947320;55.7963486219116050
МЕТАЛЛОРЕМОНТ;ремонт и изготовление металлоизделий;город Москва, улица Кулакова, дом 10, корпус 1;37.3972959999999970;55.8117547736399540
Металлоремонт;ремонт и изготовление металлоизделий;город Москва, Люблинская улица, дом 50, строение 1;37.7379412162865440;55.6793783307986560
Ремонт ключей;ремонт и изготовление металлоизделий;город Москва, Люсиновская улица, дом 2, строение 1;37.6224796779261580;55.7283572451207760
Дом быта;ремонт и изготовление металлоизделий;город Москва, Новокузнецкая улица, дом 13, строение 1;37.6317846297368490;55.7374168366783640
Металлоремонт;ремонт и изготовление металлоизделий;город Москва, Онежская улица, дом 34, корпус 2;37.5110351053314450;55.8590154766972230
Ремонт Сумок;ремонт и изготовление металлоизделий;город Москва, Орликов переулок, дом 6;37.6487585531305000;55.7708685213717000
Металлоремонт;ремонт и изготовление металлоизделий;город Москва, улица Паперника, дом 5;37.7843388456751650;55.7202799236820990
МЕТАЛЛОРЕМОНТ-ИРИС;ремонт и изготовление металлоизделий;город Москва, улица Плющиха, дом 27;37.5786559820599780;55.7425584025137720
Окей Сервис;ремонт и изготовление металлоизделий;город Москва, Гагаринский переулок, дом 27;37.5919490000000000;55.7445730000000000
Fullservice;ремонт и изготовление металлоизделий;город Москва, Саввинская набережная, дом 3;37.5709620394713820;55.7387914952714210
Мир;ремонт и изготовление металлоизделий;город Москва, Садовая-Каретная улица, дом 20, строение 1;37.6101974599129530;55.7727455625200510
Металлоремонт;ремонт и изготовление металлоизделий;город Москва, Совхозная улица, дом 12;37.7632298694674000;55.6774494896412000
Ремонт одежды;ремонт и изготовление металлоизделий;город Москва, Судостроительная улица, дом 41;37.6877549462029000;55.6847975252336000
Мастерская очков;ремонт и изготовление металлоизделий;город Москва, Таганская улица, дом 31/22;37.6697714710485980;55.7395993213806950
Студия заточки «Грани»;ремонт и изготовление металлоизделий;город Москва, Таганская улица, дом 31/22;37.6697714710485980;55.7395993213806950
Мультисервис 28apples;ремонт и изготовление металлоизделий;город Москва, Волгоградский проспект, дом 98, корпус 2, строение 2;37.7726860000000000;55.7039827423448980
Ремонт ключей, обуви;ремонт и изготовление металлоизделий;город Москва, Тимирязевская улица, дом 11;37.5691559539856000;55.8096091149980000
Металлоремонт;ремонт и изготовление металлоизделий;город Москва, Трифоновская улица, дом 55;37.6302185580875840;55.7894994283088440
Металлоремонт;ремонт и изготовление металлоизделий;город Москва, Большая Тульская улица, дом 2;37.6207706130408540;55.7091565202005940
Металлоремонт;ремонт и изготовление металлоизделий;город Москва, Уральская улица, дом 5;37.7977520397826000;55.8144318972202000
Металлоремонт;ремонт и изготовление металлоизделий;город Москва, Чонгарский бульвар, дом 4, корпус 1;37.6178246870643990;55.6537453423025570
Советское Качество;ремонт и изготовление металлоизделий;город Москва, улица Фридриха Энгельса, дом 3-5, строение 1;37.6802332637863000;55.7715677366073000
Изготовление ключей;ремонт и изготовление металлоизделий;город Москва, город Зеленоград, корпус 834А;37.1764249439698000;55.9803911397829000
Веломастерская;ремонт и изготовление металлоизделий;город Москва, Сокольническая площадь, дом 4, корпус 1-2;37.6768070000000000;55.7899570000000000
Ремонт металлоизделий;ремонт и изготовление металлоизделий;город Москва, Южнопортовая улица, дом 18;37.6847443607808120;55.7061974943412890
Мастерская;ремонт и изготовление металлоизделий;город Москва, улица Грина, дом 34;37.5680063300381090;55.5684126501239390
МЕТАЛЛОРЕМОНТ;ремонт и изготовление металлоизделий;город Москва, Мичуринский проспект, дом 9, корпус 3;37.5066266541867000;55.7001333784987000
Металлоремонт, ремонт одежды;ремонт и изготовление металлоизделий;город Москва, Михалковская улица, дом 1/51;37.5374820000000000;55.8365609990000000
Ремонт одежды, обуви, сумок, ключей;ремонт и изготовление металлоизделий;город Москва, 6-я Радиальная улица, дом 5, корпус 4;37.6624794240221230;55.6034563291475980
Изготовление ключей;ремонт и изготовление металлоизделий;город Москва, поселение Сосенское, посёлок Коммунарка, улица Александры Монаховой, дом 6;37.4739730000000000;55.5747200000000000
Космос;ремонт и изготовление металлоизделий;город Москва, поселение Воскресенское, посёлок Воскресенское, дом 26;37.4416460000000000;55.5267650000000000
Металлоремонт;ремонт и изготовление металлоизделий;город Москва, улица Рождественка, дом 5/7, строение 1;37.6232462698050160;55.7615970094744210
Служба быта;ремонт и изготовление металлоизделий;город Москва, улица Рождественка, дом 5/7, строение 1;37.6232462698050160;55.7615970094744210
УМЕЛЕЦ;ремонт и изготовление металлоизделий;город Москва, Зубовский бульвар, дом 13, строение 4;37.5918824418401840;55.7355758333104840
Металлоремонт на Волоколамке 1;ремонт и изготовление металлоизделий;город Москва, Волоколамское шоссе, дом 1, строение 1;37.5052030595947700;55.8064660981017870
Металлоремонт;ремонт и изготовление металлоизделий;город Москва, улица Мичуринский Проспект, Олимпийская Деревня, дом 4, корпус 2;37.4696180000000000;55.6753060000000000
Металлоремонт;ремонт и изготовление металлоизделий;город Москва, Ленинградский проспект, дом 71А;37.5151379901818000;55.8040324522249000
Бытовое обслуживание;ремонт и изготовление металлоизделий;город Москва, улица Обручева, дом 16, корпус 1;37.5144120000000000;55.6587740000000000
Ремонт часов, очков, ювелирных изделий, изготовление ключей;ремонт и изготовление металлоизделий;город Москва, Озёрная улица, дом 29;37.4511927681207000;55.6731101830338000
Металлоремонт;ремонт и изготовление металлоизделий;город Москва, Вешняковская улица, дом 17А;37.8310021207894920;55.7346803982800200
Металлоремонт;ремонт и изготовление металлоизделий;город Москва, Реутовская улица, дом 10Б;37.8348770882469340;55.7380335813740330
Ремонт металоизделий;ремонт и изготовление металлоизделий;город Москва, Каширское шоссе, дом 96, корпус 1;37.7123325482480570;55.6149232038191810
Ремонт одежды.Изготовления ключей.;ремонт и изготовление металлоизделий;город Москва, Кантемировская улица, дом 7, корпус 1;37.6728806757336940;55.6359647110121710
Металлоремонт;ремонт и изготовление металлоизделий;город Москва, Народная улица, дом 4, строение 1;37.6516543883365740;55.7393625285615290
Ремонт и изготовление металлоизделий «ЗОНТИК-92»;ремонт и изготовление металлоизделий;город Москва, улица Барклая, дом 18/19;37.4965463032533530;55.7469579180230070
Ремонт компьютеров;ремонт и изготовление металлоизделий;город Москва, Снежная улица, дом 17, корпус 1;37.6471029805147670;55.8527666114812430
Ремонт;ремонт и изготовление металлоизделий;город Москва, Шереметьевская улица, дом 20;37.6185802271463000;55.8035180944800000
Металлоремонт;ремонт и изготовление металлоизделий;город Москва, Лианозовский проезд, владение 1А;37.5542169999999870;55.8974407987349050
Граверная мастерская;ремонт и изготовление металлоизделий;город Москва, Кетчерская улица, дом 16;37.8344103565557500;55.7433772833765030
Ремонт и изготовление ключей;ремонт и изготовление металлоизделий;город Москва, Таганская улица, дом 2;37.6576575063830890;55.7407803559668620
Дом быта;ремонт и изготовление металлоизделий;город Москва, Волгоградский проспект, дом 98, корпус 2, строение 2;37.7729890000000000;55.7039130000000000
Ремонт металлических изделий;ремонт и изготовление металлоизделий;город Москва, Старокачаловская улица, дом 5;37.5806135025293530;55.5700467085070000
Wrap Me;ремонт и изготовление металлоизделий;город Москва, площадь Киевского Вокзала, дом 2;37.5659796068120640;55.7445646191721450
Металлоремонт;ремонт и изготовление металлоизделий;город Москва, Смольная улица, дом 24Г, строение 6;37.4826652362468660;55.8609561386675610
Металоремонт;ремонт и изготовление металлоизделий;город Москва, Дубнинская улица, дом 12Б, строение 1;37.5722612493720620;55.8659228183031970
МЕТАЛЛОРЕМОНТ;ремонт и изготовление металлоизделий;город Москва, Чертановская улица, дом 32, строение 4;37.5928391202048290;55.6187760064959280
Металлоремонт;ремонт и изготовление металлоизделий;город Москва, Балаклавский проспект, дом 5А;37.6082321458423860;55.6405864270660050
Ключ сервис. Ремонт ключей;ремонт и изготовление металлоизделий;город Москва, Каширское шоссе, дом 61, корпус 3А;37.7156860000000000;55.6172710000000000
Металлоремонт;ремонт и изготовление металлоизделий;город Москва, Каширское шоссе, владение 25Б;37.6479500000000000;55.6562600000000000
Дом быта;ремонт и изготовление металлоизделий;город Москва, Ореховый бульвар, дом 22А;37.7327181769181120;55.6120431641733650
MaxKey-Ключи-Замки;ремонт и изготовление металлоизделий;город Москва, Большой Староданиловский переулок, дом 2, строение 7;37.6292590000000000;55.7088760000000000
Ремонт металлоизделий;ремонт и изготовление металлоизделий;город Москва, Боровское шоссе, дом 51;37.3523208128040000;55.6365094932652000
Ремонт и изготовление ключей;ремонт и изготовление металлоизделий;город Москва, проспект Мира, дом 92, строение 2;37.6363409016501860;55.7932270359026320
Симанит-изготовление ключей;ремонт и изготовление металлоизделий;город Москва, Марксистская улица, дом 20, строение 6;37.6592970921428790;55.7382424056669450
Дом быта Максимум;ремонт и изготовление металлоизделий;город Москва, Головинское шоссе, дом 5, корпус 1;37.4937817305074500;55.8412678991196860
Металлоремонт;ремонт и изготовление металлоизделий;город Москва, Первомайская улица, дом 110;37.8154354802488090;55.7928255272568730
Ключи.Ремонт;ремонт и изготовление металлоизделий;город Москва, Пролетарский проспект, владение 23А;37.6558954892286980;55.6372151694500800
Металлоремонт;ремонт и изготовление металлоизделий;город Москва, Митинская улица, дом 36, корпус 1;37.3619020039471650;55.8467368514788870
Хоккейная мастерская;ремонт и изготовление металлоизделий;город Москва, улица Декабристов, дом 27;37.6095122862933450;55.8631059012996470
Металлоремонт;ремонт и изготовление металлоизделий;город Москва, Зелёный проспект, дом 23/43;37.7855749882073440;55.7513849598683680
Заточка коньков;ремонт и изготовление металлоизделий;город Москва, Чечёрский проезд, дом 23;37.5297180255994430;55.5306405473982000
Заточка коньков;ремонт и изготовление металлоизделий;город Москва, улица Николая Старостина, дом 8;37.8531808304711670;55.7304567638983740
Дом быта;ремонт и изготовление металлоизделий;город Москва, Большая Семёновская улица, дом 28;37.7075153841530050;55.7817635329308530
Металлоремонт;ремонт и изготовление металлоизделий;город Москва, Боровское шоссе, дом 36;37.3535220000000050;55.6396407238037720
Металлоремонт, Ремонт обуви, Изготовление ключей;ремонт и изготовление металлоизделий;город Москва, Варшавское шоссе, дом 7, корпус 1;37.6223490000000000;55.7008717414459720
Дом Быта;ремонт и изготовление металлоизделий;город Москва, Гурьевский проезд, дом 27, корпус 1;37.7559180000000080;55.6081107147568900
Металлоремонт, ремонт обуви,ателье;ремонт и изготовление металлоизделий;город Москва, Дмитровское шоссе, дом 40, корпус 1;37.5715503734506560;55.8413752960495770
Ремонтная мастерская;ремонт и изготовление металлоизделий;город Москва, Ленинградский проспект, дом 75, корпус 1;37.5123099999999920;55.8049627716588500
Гравер;ремонт и изготовление металлоизделий;Российская Федерация, город Москва, внутригородская территория муниципальный округ Сокольники, Русаковская улица, дом 22;37.6783885408250820;55.7862073227277120
Дом Быта Мастер;ремонт и изготовление металлоизделий;город Москва, Тимирязевская улица, дом 23;37.5652397121628210;55.8140637537877280
Ремонт Обуви и Ключей;ремонт и изготовление металлоизделий;город Москва, Шелепихинское шоссе, дом 17, корпус 1;37.5212090000000060;55.7589077582567610
Бытовые услуги;ремонт и изготовление металлоизделий;город Москва, улица Миклухо-Маклая, дом 33;37.5191908049721690;55.6460999300816610
Металлоремонт;ремонт и изготовление металлоизделий;"город Москва, город Троицк, микрорайон ""В"", дом 39";37.3052880000000000;55.4863150000000000
Металлоремонт;ремонт и изготовление металлоизделий;город Москва, улица 26-ти Бакинских Комиссаров, дом 8, корпус 2;37.4913491872817990;55.6591413885626740
Металлоремонт, замена батареек;ремонт и изготовление металлоизделий;город Москва, Вешняковская улица, дом 18;37.8251433778232030;55.7240450068901230
Металлоремонт;ремонт и изготовление металлоизделий;город Москва, улица Мастеркова, дом 4;37.6568320000000010;55.7086247436866980
Мастерская Дубликат центр;ремонт и изготовление металлоизделий;город Москва, Волгоградский проспект, дом 3-5, строение 2;37.6719500000000000;55.7321040000000000
Заточка ножей;ремонт и изготовление металлоизделий;город Москва, Мичуринский проспект, дом 21, корпус 6;37.5061999999999930;55.6994837410449720
Металлоремонт, ремонт часов;ремонт и изготовление металлоизделий;город Москва, улица Героев Панфиловцев, дом 1А;37.4378649081860360;55.8532893354987150
Ремонт ключей;ремонт и изготовление металлоизделий;город Москва, Клязьминская улица, дом 9, строение 3;37.5234630000000140;55.8901147965819550
Металлоремонт;ремонт и изготовление металлоизделий;город Москва, город Зеленоград, корпус 1637;37.1575890000000000;55.9765690000000000
Ремонт обуви и изготовление ключей;ремонт и изготовление металлоизделий;город Москва, Судостроительная улица, дом 42А;37.6925033605935340;55.6853750923619230
Дом Быта;ремонт и изготовление металлоизделий;город Москва, Пролетарский проспект, дом 30;37.6581410965733030;55.6296824051669670
ЗАТОЧКА НОЖЕЙ;ремонт и изготовление металлоизделий;город Москва, улица Кржижановского, дом 3;37.5619420000000090;55.6831687363353540
ГРАВИРОВКА И РЕМОНТ ЮВЕЛИРНЫХ ИЗДЕЛИЙ;ремонт и изготовление металлоизделий;Российская Федерация, город Москва, внутригородская территория муниципальный округ Можайский, Можайское шоссе, дом 31, корпус 1;37.4204589999999940;55.7184517465290550
Изготовление ключей;ремонт и изготовление металлоизделий;город Москва, поселение Сосенское, посёлок Коммунарка, Ясная улица, дом 5А;37.4777810000000000;55.5679397032678250
Ремонт колясок;ремонт и изготовление металлоизделий;город Москва, Красноармейская улица, дом 23;37.5365069999999930;55.8022587708704660
Металлоремонт;ремонт и изготовление металлоизделий;город Москва, Ленинградский проспект, дом 78, корпус 1;37.5131790000000080;55.8060617719793300
Сервисный центр Welding Zone;ремонт и изготовление металлоизделий;город Москва, Ленинский проспект, дом 77, корпус 2;37.5447759999999990;55.6854977370072390
МЕТАЛЛОРЕМОНТ РЕМОНТ ЧЕМОДАНОВ ИЗГОТОВЛЕНИЕ КЛЮЧЕЙ;ремонт и изготовление металлоизделий;город Москва, улица Менжинского, дом 32, корпус 1;37.6687880000000060;55.8697427906023240
Металоремонт;ремонт и изготовление металлоизделий;город Москва, проспект Мира, дом 114;37.6378979999999930;55.8085097726932910
МЕТАЛЛОРЕМОНТ;ремонт и изготовление металлоизделий;город Москва, Открытое шоссе, дом 24, корпус 12;37.7585339999999970;55.8237087771296030
Ремонт одежды, обуви, изготовление ключей;ремонт и изготовление металлоизделий;город Москва, Загорьевская улица, дом 15;37.6884039999999980;55.5805287068638520
Мастерская «Точильные работы»;ремонт и изготовление металлоизделий;город Москва, Никитский бульвар, дом 8-А/3, строение 1;37.6013906662956000;55.7543094499639000
Делаем ключи;ремонт и изготовление металлоизделий;город Москва, улица Миклухо-Маклая, дом 37;37.5213630000000010;55.6454877254842730
Дом быта;ремонт и изготовление металлоизделий;город Москва, Рижский проезд, дом 4А;37.6610129999999970;55.8136127741821040
Ремонт;ремонт и изготовление металлоизделий;город Москва, Нижегородская улица, дом 29-33, строение 7;37.7132469999999960;55.7333087508310290
ГОРОД МАСТЕРОВ металлоремонт;ремонт и изготовление металлоизделий;город Москва, Шипиловский проезд, владение 39, корпус 3А;37.6977269999999930;55.6124107159891850
Изготовление ключей;ремонт и изготовление металлоизделий;город Москва, поселение Сосенское, улица Сервантеса, дом 1, корпус 3;37.4516090000000000;55.5902670000000000
Дом быта.com;ремонт и изготовление металлоизделий;город Москва, 7-я Кожуховская улица, дом 9;37.6760299999999970;55.7109287443528560
Дом быта;ремонт и изготовление металлоизделий;город Москва, Краснодарская улица, дом 65/18, корпус 1;37.7722880000000030;55.6760257342755550
Дом Быта;ремонт и изготовление металлоизделий;город Москва, Краснодонская улица, дом 2, корпус 1;37.7522189999999900;55.6869677374313950
Металлоремонт;ремонт и изготовление металлоизделий;город Москва, Краснодонская улица, дом 20;37.7485620000000070;55.6762167343306160
Металлоремонт, ремонт обуви;ремонт и изготовление металлоизделий;город Москва, улица Верхние Поля, дом 11, корпус 1, строение 2;37.7474230000000050;55.6656717312921640
Ремонт обуви и металлоизделий;ремонт и изготовление металлоизделий;город Москва, Россошанская улица, дом 13;37.6131469999999980;55.5943907108282430
Мастерок;ремонт и изготовление металлоизделий;город Москва, Матвеевская улица, дом 20, корпус 3;37.4664279999999930;55.7024747419091210
Металоремонт;ремонт и изготовление металлоизделий;город Москва, поселение Сосенское, посёлок Коммунарка, Ясная улица, дом 1;37.4756480000000000;55.5696740000000000
Дом быта.com;ремонт и изготовление металлоизделий;город Москва, Новорижское шоссе, 22-й километр, владение 1, строение 1;37.3005740000000050;55.8019017707663990
Металлоремонт;ремонт и изготовление металлоизделий;город Москва, поселение Воскресенское, посёлок Воскресенское, владение 54А, строение 1;37.4526232138095100;55.5269330558027290
Мастер Лазер ремонт очков;ремонт и изготовление металлоизделий;город Москва, Семёновская площадь, дом 7, корпус 1;37.7201380000000060;55.7842447656231360
Ремонт обуви;ремонт и изготовление металлоизделий;город Москва, поселение Сосенское, посёлок Коммунарка, улица Александры Монаховой, дом 5, корпус 1;37.4728540000000000;55.5758770000000000
Изготовление ключей;ремонт и изготовление металлоизделий;город Москва, Азовская улица, дом 18;37.5975849999999810;55.6560747285293260
Дом быта;ремонт и изготовление металлоизделий;город Москва, улица Маршала Бирюзова, дом 19;37.4911549999999990;55.7943547685670680
Mul-lock металлоремонт;ремонт и изготовление металлоизделий;город Москва, Профсоюзная улица, дом 109;37.5216340000000060;55.6330027218970070
Ателье, ремонт часов, изготовление ключей, ремонт сотовых телефонов;ремонт и изготовление металлоизделий;город Москва, улица Каховка, дом 27;37.5717919999999880;55.6555777283863190
Ателье, ремонт обуви, металлоремонт;ремонт и изготовление металлоизделий;город Москва, Россошанский проезд, дом 3;37.6092500000000030;55.6009557127074880
Металлоремонт;ремонт и изготовление металлоизделий;город Москва, Ярцевская улица, дом 25А;37.4154149999999960;55.7410817530840250
Металлоремонт;ремонт и изготовление металлоизделий;город Москва, Локомотивный проезд, дом 4;37.5768349999999960;55.8380307813153610
Бытовое обслуживание;ремонт и изготовление металлоизделий;город Москва, Дубнинская улица, дом 12Б, строение 1;37.5724099999999910;55.8654877893547170
Изготовление ключей;ремонт и изготовление металлоизделий;город Москва, 1-я Тверская-Ямская улица, дом 36, строение 1;37.5859019999999830;55.7763647633303560
Ремонт обуви изготовление ключей;ремонт и изготовление металлоизделий;город Москва, поселение Рязановское, посёлок Знамя Октября, дом 31;37.5422340000000080;55.4732176763418540
Химчистка-Ремонт ключей;ремонт и изготовление металлоизделий;город Москва, поселение Первомайское, посёлок Первомайское, Рабочая улица, домовладение 13, строение 1;37.1563499999999960;55.5390376950274960
Ремонт часов, ключи;ремонт и изготовление металлоизделий;город Москва, Авиамоторная улица, дом 20/17;37.7174490000000090;55.7496047555561920
Мастерская;ремонт и изготовление металлоизделий;город Москва, Шебашёвский проезд, дом 6;37.5317849999999920;55.8064487720921890
Ателье;ремонт и изготовление металлоизделий;город Москва, улица Марии Ульяновой, дом 3, корпус 1;37.5270930000000010;55.6790867351580870
Мастерская по изготовлению ключей;ремонт и изготовление металлоизделий;город Москва, улица Недорубова, дом 18, корпус 1;37.9355439999999930;55.7025077419186520
Дом быта;ремонт и изготовление металлоизделий;город Москва, Базовая улица, дом 2, корпус 1;37.2615569999999960;55.6143887165561920
Дом быта;ремонт и изготовление металлоизделий;город Москва, поселение Десеновское, 6-я Нововатутинская улица, дом 1;37.3523039999999900;55.5154736883250380
Металлоремонт;ремонт и изготовление металлоизделий;город Москва, Щербаковская улица, дом 7А;37.7265830000000000;55.7827540000000000
Студия заточки Михаила Куликова;ремонт и изготовление металлоизделий;город Москва, Цветной бульвар, дом 22, строение 6;37.6238289999999860;55.7711377618103940
Электрика;ремонт и изготовление металлоизделий;город Москва, Тимирязевская улица, дом 2/3;37.5735120000000010;55.8078937725136160
Ремонт одежды,сумок, ключей;ремонт и изготовление металлоизделий;город Москва, Тимирязевская улица, дом 2/3;37.5735120000000010;55.8078937725136160
Ремонт обуви;ремонт и изготовление металлоизделий;город Москва, улица Декабристов, дом 15А;37.6045290000000000;55.8653990000000000
Дом Быта;ремонт и изготовление металлоизделий;город Москва, Алтуфьевское шоссе, дом 18А;37.5854510000000130;55.8581937872171610
Изготовление и ремонт ключей;ремонт и изготовление металлоизделий;город Москва, Солдатская улица, дом 2, строение 1;37.6997840000000080;55.7658247602661420
Изготовление ключей;ремонт и изготовление металлоизделий;город Москва, Старокачаловская улица, дом 5;37.5806810000000130;55.5700387038671120
Металлоремонт;ремонт и изготовление металлоизделий;город Москва, Озёрная улица, дом 42;37.4455939999999790;55.6710027328278870
Металлоремонт;ремонт и изготовление металлоизделий;город Москва, Ярцевская улица, дом 25А;37.4154149999999960;55.7410817530840250
Мастерская на Планерной;ремонт и изготовление металлоизделий;Российская Федерация, город Москва, внутригородская территория муниципальный округ Северное Тушино, Планерная улица, дом 7;37.4350339999999950;55.8626977885369340
Ремонт металоизделей;ремонт и изготовление металлоизделий;город Москва, Дубнинская улица, дом 12Б, строение 1;37.5724099999999910;55.8654877893547170
Изготовление ключей;ремонт и изготовление металлоизделий;город Москва, город Зеленоград, Новокрюковская улица, дом 9;37.1718709999999960;55.9801848231473260
Ремонт. Бытовые услуги;ремонт и изготовление металлоизделий;Российская Федерация, город Москва, внутригородская территория муниципальный округ Выхино-Жулебино, Привольная улица, дом 70, корпус 1;37.8542419999999920;55.6778707348074630
Металлоремонт;ремонт и изготовление металлоизделий;город Москва, 2-й Кабельный проезд, дом 1;37.7162349999999900;55.7479317550707950
Изготовление ключей;ремонт и изготовление металлоизделий;город Москва, Новоясеневский проспект, дом 24;37.5297620000000050;55.6059507141380680
Изготовление номерных знаков;ремонт и изготовление металлоизделий;город Москва, Новоясеневский проспект, дом 1;37.5092709999999980;55.6195037180229330
Металлоремонт;ремонт и изготовление металлоизделий;город Москва, Нахимовский проспект, дом 24, строение 1;37.5850160000000030;55.6718107330607100
Дом быта Ваш мастер;ремонт и изготовление металлоизделий;город Москва, Осенний бульвар, дом 10;37.4089640000000120;55.7577997579350040
СТУДИЯ ЗХАТОЧКИ;ремонт и изготовление металлоизделий;город Москва, Цветной бульвар, дом 19, строение 4;37.6191159999999910;55.7717187619793010
Феникс.Дом быта;ремонт и изготовление металлоизделий;город Москва, 1-я Квесисская улица, дом 18;37.5784420000000100;55.7942827685460760
Металоремонт;ремонт и изготовление металлоизделий;город Москва, Дубнинская улица, дом 52, строение 1;37.5562540000000030;55.8959737983036720
Ремонт ключей;ремонт и изготовление металлоизделий;город Москва, Краснопресненская набережная, дом 16, строение 1;37.5439849999999990;55.7481547551354880
Дом быта;ремонт и изготовление металлоизделий;город Москва, Россошанская улица, дом 3, корпус 1А, строение 2;37.6072620000000130;55.5951937110580520
Алмазная заточка;ремонт и изготовление металлоизделий;город Москва, Кировоградская улица, владение 15А;37.6035430000000160;55.6099527152847200
Металлоремонт;ремонт и изготовление металлоизделий;город Москва, Свободный проспект, дом 18;37.8166400000000000;55.7524377563783630
Мир ключей;ремонт и изготовление металлоизделий;город Москва, Никольская улица, дом 25;37.6248360000000020;55.7590957583113680
Ключи;ремонт и изготовление металлоизделий;город Москва, Смоленская площадь, дом 6;37.5833860000000120;55.7487157552982500
Окей сервис;ремонт и изготовление металлоизделий;город Москва, Пресненская набережная, дом 12;37.5373290000000070;55.7496677555744850
Дом быта;ремонт и изготовление металлоизделий;город Москва, Ленинградский проспект, дом 75, корпус 1А;37.5134580000000070;55.8042417714486160
L&S service;ремонт и изготовление металлоизделий;город Москва, Ходынский бульвар, дом 4;37.5298950000000030;55.7904517674302270
Левша;ремонт и изготовление металлоизделий;город Москва, Полярная улица, дом 1;37.6371459999999870;55.8716357911574870
Изготовление ключей;ремонт и изготовление металлоизделий;город Москва, Полярная улица, дом 5, корпус 1;37.6366899999999870;55.8733317916549910
Дом Быта;ремонт и изготовление металлоизделий;город Москва, Люблинская улица, дом 171;37.7468919999999950;55.6472557259925940
РЕМОНТ;ремонт и изготовление металлоизделий;город Москва, город Зеленоград, корпус 834В;37.1994303194335390;55.9809370449868450
Ремонт обуви и изготовление ключей;ремонт и изготовление металлоизделий;город Москва, город Московский, 3-й микрорайон, дом 1;37.3445350000000000;55.5968807115408690
Металлоремонт;ремонт и изготовление металлоизделий;город Москва, Большая Сухаревская площадь, дом 1/2, строение 1;37.6328089999999880;55.7730767623741460
Металлоремонт;ремонт и изготовление металлоизделий;город Москва, улица Малыгина, дом 7;37.6946379999999910;55.8803197937055600
Металлоремонт;ремонт и изготовление металлоизделий;город Москва, Юрьевский переулок, дом 16А;37.7174550000000080;55.7651797600787230
Ключи и замки;ремонт и изготовление металлоизделий;город Москва, проспект Мира, дом 122, корпус 1;37.6401339999999960;55.8124047738296130
Дом быта Ателье;ремонт и изготовление металлоизделий;Российская Федерация, город Москва, внутригородская территория муниципальный округ Кузьминки, улица Юных Ленинцев, дом 42, строение 1;37.7591540000000170;55.7007497414107320
Металлоремонт;ремонт и изготовление металлоизделий;город Москва, улица Егора Абакумова, дом 14А;37.7129370774411540;55.8805868934974300
Металлоремонт;ремонт и изготовление металлоизделий;город Москва, проезд Дежнёва, владение 23Б;37.6375409999999920;55.8703627907841350
Дом быта;ремонт и изготовление металлоизделий;город Москва, улица Хамовнический Вал, дом 32;37.5647930000000020;55.7212747473460370
Город мастеров;ремонт и изготовление металлоизделий;город Москва, улица Новый Арбат, дом 15;37.5921630000000060;55.7520587562683690
ИЗГОТОВЛЕНИЕ КЛЮЧЕЙ;ремонт и изготовление металлоизделий;город Москва, Сколковское шоссе, дом 31, строение 1;37.4040700000000040;55.7056467428258200
Мультисервис;ремонт и изготовление металлоизделий;город Москва, Спартаковская улица, дом 8;37.6737080000000190;55.7716017619452840
Изготовление ключей;ремонт и изготовление металлоизделий;город Москва, улица Гурьянова, дом 2А;37.7230330000000010;55.6938737394247810
Дом быта;ремонт и изготовление металлоизделий;"город Москва, поселение Сосенское, ж/к ""Дубровка"", Сосновая улица, дом 15";37.3823520000000040;55.6902467383777020
Изготовление ключей, ремонт;ремонт и изготовление металлоизделий;город Москва, улица Авиаторов, дом 14;37.3985310000000060;55.6451027253735970
Изготовление и ремонт ключей;ремонт и изготовление металлоизделий;город Москва, Днепропетровская улица, дом 3, корпус 1;37.6052969999999930;55.6215637186138210
Металлоремонт;ремонт и изготовление металлоизделий;город Москва, улица Миклухо-Маклая, дом 21, корпус 2;37.5075160000000100;55.6512007271270970
Дом быта;ремонт и изготовление металлоизделий;город Москва, поселение Внуковское, улица Лётчика Грицевца, дом 12;37.3112439999999880;55.6241787193640680
Печати.ru;ремонт и изготовление металлоизделий;город Москва, Медовый переулок, дом 5, строение 2;37.7097120000000030;55.7841107655841170
Металлоремонт;ремонт и изготовление металлоизделий;город Москва, улица Раменки, дом 3;37.4960310000000160;55.6935137393208490
Изготовление ключей;ремонт и изготовление металлоизделий;город Москва, Измайловское шоссе, дом 71А;37.7524795989339100;55.7895553100875930
Заточка коньков;ремонт и изготовление металлоизделий;город Москва, улица Маршала Савицкого, дом 7;37.5858420000000000;55.5062146856953690
Металлоремонт;ремонт и изготовление металлоизделий;город Москва, улица Вучетича, дом 4;37.5612319999999900;55.8076837724523640
Металоремонт;ремонт и изготовление металлоизделий;город Москва, город Зеленоград, Георгиевский проспект, 5/1;37.2145039999999980;55.9840058242789030
Ремонт ключей;ремонт и изготовление металлоизделий;город Москва, Профсоюзная улица, дом 109, корпус 2;37.5196070000000080;55.6324667217430930
Замена батареек;ремонт и изготовление металлоизделий;город Москва, Туристская улица, дом 13, корпус 2;37.4222299999999990;55.8497047847311090
Металлоремонт;ремонт и изготовление металлоизделий;город Москва, улица Декабристов, дом 15Б;37.6040309999999990;55.8649577891993450
Изготовление ключей;ремонт и изготовление металлоизделий;город Москва, Пятницкое шоссе, дом 18;37.3828919999999840;55.8442977831486120
Студия Быта;ремонт и изготовление металлоизделий;город Москва, поселение Сосенское, посёлок Коммунарка, улица Александры Монаховой, дом 88, корпус 2;37.4856459999999880;55.5436886963520850
Металлоремонт;ремонт и изготовление металлоизделий;город Москва, Кронштадтский бульвар, дом 7Б;37.4877880000000020;55.8420977825049580
Металлоремонт;ремонт и изготовление металлоизделий;город Москва, 1-я Новокузьминская улица, дом 27/12;37.7957650000000030;55.7131617449986720
Дом быта;ремонт и изготовление металлоизделий;город Москва, Шарикоподшипниковская улица, дом 36/18;37.6753649999999990;55.7148567454889370
Изготовление ключей;ремонт и изготовление металлоизделий;город Москва, Живописная улица, дом 12, корпус 1;37.4573699999999900;55.7842697656303910
Дом быта;ремонт и изготовление металлоизделий;город Москва, Варшавское шоссе, дом 135Б;37.6029969999999950;55.5963017113751480
Дом быта;ремонт и изготовление металлоизделий;город Москва, Усачёва улица, дом 26;37.5677920000000110;55.7275127491520760
Дом быта;ремонт и изготовление металлоизделий;город Москва, Шипиловская улица, дом 54, корпус 1;37.7410840000000010;55.6215567186118140
Дом Быта;ремонт и изготовление металлоизделий;город Москва, улица Стромынка, дом 25, строение 1;37.7008640000000030;55.7958737690096100
Металлоремонт;ремонт и изготовление металлоизделий;город Москва, улица Шаболовка, дом 20;37.6096399999999990;55.7215807474346010
Мастер Shoes&key;ремонт и изготовление металлоизделий;город Москва, Каширское шоссе, дом 26;37.6466469999999800;55.6535947278157650
Сервис VooDoo;ремонт и изготовление металлоизделий;город Москва, Каширское шоссе, дом 26;37.6466469999999800;55.6535947278157650
Металлоремонт;ремонт и изготовление металлоизделий;город Москва, Полярная улица, дом 1;37.6372690000000030;55.8714427911008900
Металлоремонт;ремонт и изготовление металлоизделий;город Москва, улица Главмосстроя, дом 5;37.4066419999999910;55.6526557275456360
Металлоремонт;ремонт и изготовление металлоизделий;город Москва, улица Грекова, владение 3Г;37.6619870000000110;55.8878447959151150
Дом Быта;ремонт и изготовление металлоизделий;город Москва, Суздальская улица, дом 30/2;37.8634459999999890;55.7436577538310230
Ремонт телефонов, ключей;ремонт и изготовление металлоизделий;город Москва, поселение Первомайское, посёлок Первомайское, Рабочая улица, дом 9, строение 1;37.1556050000000080;55.5408036955303710
Мастерская «Мастеровой»;ремонт и изготовление металлоизделий;город Москва, Каширское шоссе, дом 4, корпус 1;37.6281729312331170;55.6681333250290680
Мультисервис;ремонт и изготовление металлоизделий;город Москва, город Зеленоград, корпус 1104;37.1880129712000000;55.9947143136000000
Металлоремонт;ремонт и изготовление металлоизделий;город Москва, Пятницкий переулок, дом 2;37.6294740000000090;55.7434177537614060
Металлоремонт;ремонт и изготовление металлоизделий;город Москва, Стремянный переулок, дом 35;37.6273659999999950;55.7267037489177990
Металлоремонт;ремонт и изготовление металлоизделий;город Москва, Люсиновская улица, дом 2, строение 1;37.6226100000000020;55.7286237494738330
Ремонт ключей;ремонт и изготовление металлоизделий;город Москва, улица Генерала Белова, дом 29;37.7213679999999980;55.6150157167359540
Ремонт;ремонт и изготовление металлоизделий;город Москва, проспект Мира, дом 118;37.6391770000000040;55.8102367731970760
РЕМОНТ;ремонт и изготовление металлоизделий;город Москва, проспект Мира, дом 169;37.6571780000000090;55.8367377809372340
Дом быта;ремонт и изготовление металлоизделий;город Москва, поселение Сосенское, посёлок Коммунарка, улица Александры Монаховой, дом 61, строение 1;37.4944729999999990;55.5570817001695260
Мастерская Град Дом Быта;ремонт и изготовление металлоизделий;город Москва, город Московский, Радужная улица, дом 4;37.3671309999999930;55.5937867106553940
Изготовление ключей;ремонт и изготовление металлоизделий;город Москва, Ленинградское шоссе, дом 13, корпус 1;37.4971276727379460;55.8187506376132210
Металлоремонт;ремонт и изготовление металлоизделий;город Москва, улица Барышиха, дом 44, корпус 1;37.3447529999999970;55.8565297867297160
Изготовление номеров;ремонт и изготовление металлоизделий;город Москва, Новоясеневский проспект, дом 22, корпус 1;37.5276428589944000;55.6066066784628000
Ремонт часов;ремонт и изготовление металлоизделий;город Москва, улица Сущёвский Вал, дом 5, строение 1А;37.5928810000000060;55.7941287685012310
Ремонт металлоизделий;ремонт и изготовление металлоизделий;город Москва, Вятская улица, дом 41Г;37.5778460000000080;55.8007727704373120
Дом быта;ремонт и изготовление металлоизделий;город Москва, Перовская улица, дом 22, корпус 1, строение 1;37.7680140000000010;55.7457867544485240
Металлоремонт;ремонт и изготовление металлоизделий;город Москва, Полярная улица, дом 19;37.6356299999999990;55.8773547928353480
Металлоремонт;ремонт и изготовление металлоизделий;город Москва, Большая Филёвская улица, дом 3;37.5141780000000010;55.7517467561778020
Металлоремонт;ремонт и изготовление металлоизделий;Российская Федерация, город Москва, городской округ Троицк, город Троицк, Октябрьский проспект, земельный участок 16;37.2997439999999970;55.4785086778397700
Ремонт часов;ремонт и изготовление металлоизделий;город Москва, Измайловское шоссе, дом 69Д;37.7480379999999940;55.7884747668545340
Металлоремонт;ремонт и изготовление металлоизделий;город Москва, улица Мусы Джалиля, дом 15, корпус 2;37.7455729999999930;55.6256457197850340
Ключи;ремонт и изготовление металлоизделий;город Москва, Первомайская улица, дом 73;37.7981767438693840;55.7937173142186890
Металоремонт;ремонт и изготовление металлоизделий;город Москва, Широкая улица, дом 31;37.6783549999999960;55.8876267958510910
Дом быта;ремонт и изготовление металлоизделий;Российская Федерация, город Москва, внутригородская территория муниципальный округ Кузьминки, Зеленодольская улица, дом 41, корпус 1;37.7665860000000040;55.7029987420605440
Ателье;ремонт и изготовление металлоизделий;город Москва, Бирюлёвская улица, дом 43;37.6667929999999980;55.5867517086429500
Фотосалон, багетная мастерская;ремонт и изготовление металлоизделий;город Москва, Высокая улица, дом 3;37.6520703234356020;55.6794656080772440
Ключи;ремонт и изготовление металлоизделий;Российская Федерация, город Москва, внутригородская территория муниципальный округ Пресненский, улица Грузинский Вал, дом 26, строение 1;37.5819490000000020;55.7741277626797680
Изготовление ключей;ремонт и изготовление металлоизделий;город Москва, Кировоградская улица, дом 13;37.6063059999999960;55.6134267162804080
Дом быта;ремонт и изготовление металлоизделий;город Москва, поселение Внуковское, улица Авиаконструктора Петлякова, дом 9;37.3024669999999930;55.6219197187159370
Изготовление ключей;ремонт и изготовление металлоизделий;Российская Федерация, город Москва, внутригородская территория муниципальный округ Марьино, Люблинская улица, дом 165, корпус 3;37.7461649999999910;55.6493217265866780
Ремонт;ремонт и изготовление металлоизделий;город Москва, Верхняя Сыромятническая улица, дом 7, строение 1;37.6612519999999980;55.7546617570239250
