Пальчики;иные объекты бытового обслуживания;город Москва, Астраханский переулок, дом 1/15;37.6399394498868000;55.7774581966790000
Багетная мастерская;иные объекты бытового обслуживания;город Москва, Воловья улица, дом 3;37.6832624898967000;55.7353332771414000
БАГЕТНАЯ МАСТЕРСКАЯ;иные объекты бытового обслуживания;город Москва, улица Декабристов, дом 28, корпус 2;37.6159937378348000;55.8600975288483000
NAIL SUNNY;иные объекты бытового обслуживания;город Москва, Большая Дорогомиловская улица, дом 10;37.5629143447719830;55.7462952408266970
Тай рай;иные объекты бытового обслуживания;город Москва, Зверинецкая улица, дом 12;37.7278907871761080;55.7836142092080110
РЕЗКА СТЕКЛА;иные объекты бытового обслуживания;город Москва, бульвар Генерала Карбышева, дом 2;37.4697796224575000;55.7769570370782000
Ремонт велосипедов;иные объекты бытового обслуживания;город Москва, Каширское шоссе, дом 48, корпус 1;37.6659956094559480;55.6474382185358250
Веломастерская;иные объекты бытового обслуживания;город Москва, Керченская улица, дом 22;37.5786931260316090;55.6512752129151240
РЕМОНТ НАСОСОВ;иные объекты бытового обслуживания;город Москва, улица Коминтерна, дом 11/7;37.6791747548913350;55.8646606418266100
Luck;иные объекты бытового обслуживания;город Москва, Комсомольский проспект, дом 14/1, корпус 2;37.5899704669550800;55.7313817151205770
Пальчики;иные объекты бытового обслуживания;город Москва, Комсомольский проспект, дом 36;37.5761306341790020;55.7237405589797630
Багетная мастерская;иные объекты бытового обслуживания;город Москва, улица Зои и Александра Космодемьянских, дом 36А;37.5238549999999000;55.8241230000000000
ПАЛЬЧИКИ;иные объекты бытового обслуживания;город Москва, Кутузовский проспект, дом 43;37.5277084925150250;55.7376169277160330
Мастерская Багет-Зеркала;иные объекты бытового обслуживания;город Москва, улица Куусинена, дом 19, корпус 2;37.5116944270198000;55.7873430348187000
Экспресс Ремонт;иные объекты бытового обслуживания;город Москва, Ленинградский проспект, дом 27;37.5664940000000000;55.7841360000000000
Багетная мастерская;иные объекты бытового обслуживания;город Москва, Ленинградский проспект, дом 77, корпус 1;37.5092562849517960;55.8048870371172040
Сервисный центр Apple;иные объекты бытового обслуживания;город Москва, Павелецкая площадь, дом 1;37.6409701349363740;55.7315612443168080
Студия маникюра и педикюра;иные объекты бытового обслуживания;город Москва, Павелецкая площадь, дом 1;37.6409701349363740;55.7315612443168080
Система З.С.К.;иные объекты бытового обслуживания;город Москва, Ленинский проспект, дом 32;37.5806786703010120;55.7095030314478730
Wai Thai массажный салон;иные объекты бытового обслуживания;город Москва, Ленинский проспект, дом 89/2;37.5327741121941470;55.6779003655344910
ВЕЛОСТРАНА.РУ на Ленинском;иные объекты бытового обслуживания;город Москва, Ленинский проспект, дом 99;37.5189511931908730;55.6687507330099510
Переплетная мастерская;иные объекты бытового обслуживания;город Москва, Ленинский проспект, дом 148;37.4930180128644960;55.6555128315599110
Ремонт велосипедов;иные объекты бытового обслуживания;город Москва, Люсиновская улица, дом 53;37.6232447774132980;55.7186372978651010
МАСТЕРСКАЯ ПО РЕЗКЕ СТЕКЛА И ЗЕРКАЛ;иные объекты бытового обслуживания;город Москва, Малахитовая улица, дом 1;37.6569018034363910;55.8336830116739970
ПАЛЬЧИКИ;иные объекты бытового обслуживания;город Москва, улица Можайский Вал, дом 1;37.5583855991947640;55.7456668886398890
Студия маникюра «Twins nails»;иные объекты бытового обслуживания;город Москва, Нахимовский проспект, дом 22;37.5891945890833130;55.6694563026496920
Ремонт велосипедов;иные объекты бытового обслуживания;город Москва, 3-й Новомихалковский проезд, дом 7;37.5401030820971830;55.8391601998245260
Багетная мастерская;иные объекты бытового обслуживания;город Москва, Большая Переяславская улица, дом 9;37.6412912832307000;55.7834494892210000
Маникюрный салон Бьюти Салон;иные объекты бытового обслуживания;город Москва, Печатников переулок, дом 6;37.6251721736794880;55.7672496365624040
БАГЕТНАЯ Мастерская;иные объекты бытового обслуживания;город Москва, Профсоюзная улица, дом 11/11;37.5674768911427000;55.6815205687073000
Студия ногтевого сервиса Nail kris;иные объекты бытового обслуживания;город Москва, Северный бульвар, дом 2;37.6072431875976320;55.8649060573534800
A.S.NAILS;иные объекты бытового обслуживания;город Москва, Селезнёвская улица, дом 22;37.6074857288885980;55.7804611724254400
САЛОН НОГТЕВОГО СЕРВИСА;иные объекты бытового обслуживания;город Москва, Садовая-Самотёчная улица, дом 11;37.6171049999999880;55.7741387626829730
Велодоктор;иные объекты бытового обслуживания;город Москва, Университетский проспект, дом 6, корпус 1;37.5512314049439770;55.6985072550951020
Школа Иностранных языков;иные объекты бытового обслуживания;город Москва, Хорошёвское шоссе, дом 17;37.5316957209938810;55.7758779821874170
Ремонт стартеров и генераторов;иные объекты бытового обслуживания;город Москва, Чертановская улица, дом 28, корпус 1;37.5931415229857960;55.6198723063968070
РЕМОНТ НОУТБУКОВ;иные объекты бытового обслуживания;город Москва, проспект 60-летия Октября, дом 10/1;37.5750705385957180;55.6922706053816940
Багетная мастерская;иные объекты бытового обслуживания;город Москва, город Зеленоград, корпус 834А;37.7442349700000000;55.9175687300000000
Студия загара «Glamgo»;иные объекты бытового обслуживания;город Москва, город Зеленоград, корпус 1432;37.1530514584608000;55.9895375080742000
Лавандерия;иные объекты бытового обслуживания;город Москва, Мещанская улица, дом 14;37.6280969999999970;55.7769157634906140
Студия маникюра «Ногти люкс»;иные объекты бытового обслуживания;город Москва, улица Декабристов, дом 10, корпус 2;37.5983572109431710;55.8658160293847460
СПА САЛОН «ТАЙНА»;иные объекты бытового обслуживания;город Москва, Староватутинский проезд, дом 17;37.6611702095695620;55.8754005559105020
Студия маникюра Лены Лениной;иные объекты бытового обслуживания;город Москва, проспект Мира, дом 33, корпус 1;37.6318739521448220;55.7803431629322260
Веломастерская StarBike;иные объекты бытового обслуживания;город Москва, Ленинский проспект, дом 137, корпус 1;37.4729620000000000;55.6421280000000000
Имидж-студия «Елена»;иные объекты бытового обслуживания;город Москва, город Зеленоград, корпус 1824;37.1672170000000000;55.9832240000000000
Студия красоты Diardi Studio;иные объекты бытового обслуживания;город Москва, город Зеленоград, корпус 1824;37.1678610000000000;55.9825750000000000
Ремонт мобильных телефонов, ноутбуков, планшетов;иные объекты бытового обслуживания;город Москва, Новокосинская улица, дом 12, корпус 2;37.8556907569710570;55.7360452181425000
Маникюрофф;иные объекты бытового обслуживания;город Москва, улица Пречистенка, дом 40/2, строение 2;37.5876000000000000;55.7394000000000000
Хеппи Дентс;иные объекты бытового обслуживания;город Москва, Ленинский проспект, дом 111, корпус 1;37.5093430000000000;55.6615570000000000
Ремонт колясок;иные объекты бытового обслуживания;город Москва, Кировоградская улица, дом 24;37.6026054421512800;55.6140566216952550
Пальчики;иные объекты бытового обслуживания;город Москва, улица Гиляровского, дом 50;37.6332761923477720;55.7858720320551950
Багетная мастерская «Мастер»;иные объекты бытового обслуживания;город Москва, город Щербинка, улица 40 лет Октября, дом 6/1;37.5680285500925710;55.5104982891256210
Сервисный центр Dr.Mac;иные объекты бытового обслуживания;город Москва, улица Рождественка, дом 6/9/20, строение 1;37.6238062483416580;55.7614302485184440
Роскарт;иные объекты бытового обслуживания;город Москва, Измайловский бульвар, дом 41;37.7970411995937140;55.7977121704774390
ЦЕНТР СВАДЕБНОГО ДИЗАЙНА «СОЛАНЖ»;иные объекты бытового обслуживания;город Москва, Новая Басманная улица, дом 18, строение 1;37.6609572397299000;55.7695136377807000
Пункт обмена валют;иные объекты бытового обслуживания;город Москва, улица Каховка, дом 27;37.5720921669178480;55.6554468899555060
ПАЛИХА;иные объекты бытового обслуживания;город Москва, Новослободская улица, дом 48;37.5955358167644750;55.7862342410523910
Палестра;иные объекты бытового обслуживания;город Москва, 2-я Песчаная улица, дом 4А;37.5163177850947990;55.7941901260242830
Ремонт электроники;иные объекты бытового обслуживания;город Москва, Краснобогатырская улица, дом 13;37.6939633618833270;55.8153210661727850
Кристал Клининг Сервисиз;иные объекты бытового обслуживания;город Москва, Скаковая улица, дом 3, строение 1;37.5670270000000030;55.7832257653265420
Багетная мастерская Джоконда;иные объекты бытового обслуживания;город Москва, 1-я Тверская-Ямская улица, дом 20/1;37.5906208181012790;55.7735709104135610
Зеркальная мастерская;иные объекты бытового обслуживания;город Москва, Кетчерская улица, дом 4А;37.8209481541579540;55.7424170674907560
Аптека;иные объекты бытового обслуживания;город Москва, Ореховый бульвар, дом 61, корпус 2;37.7570614073277470;55.6169084717197460
Лига ставок;иные объекты бытового обслуживания;город Москва, Шипиловская улица, дом 50, корпус 1;37.7381290918216410;55.6212358549626420
Багетный салон;иные объекты бытового обслуживания;город Москва, улица Гиляровского, дом 10, строение 1;37.6306482778617000;55.7768125542832000
Манкюрный салон;иные объекты бытового обслуживания;город Москва, Протопоповский переулок, дом 9, строение 1;37.6380694781753460;55.7805741520058260
Сервисный центр i-puls pемонт телефонов планшетов ноутбуков;иные объекты бытового обслуживания;город Москва, Рублёвское шоссе, дом 40, корпус 2;37.4147056418722390;55.7505106946907890
Багетная мастерская;иные объекты бытового обслуживания;город Москва, Осенний бульвар, дом 21;37.4061130606659000;55.7633119548623000
Багетная мастерская «Библио-Глобус Арт»;иные объекты бытового обслуживания;город Москва, Товарищеский переулок, дом 8, строение 2;37.6623798759671970;55.7420363970552730
Маникюр;иные объекты бытового обслуживания;город Москва, Новокосинская улица, дом 32;37.8671850474312280;55.7420336333669080
Мед. услуги;иные объекты бытового обслуживания;город Москва, Мажоров переулок, дом 14, строение 1;37.7130492831888020;55.7841975132744640
Детские аттракционы;иные объекты бытового обслуживания;город Москва, Малая Семёновская улица, дом 28, строение 19;37.7150670000000000;55.7842530000000000
Ремонт компьютеров, радиоэлекиронной аппаратуры;иные объекты бытового обслуживания;город Москва, Ленская улица, дом 10, корпус 1;37.6671421532113090;55.8677235823684700
Багетная мастерская;иные объекты бытового обслуживания;город Москва, улица Римского-Корсакова, дом 18;37.6090909999999920;55.8736797917570700
Студия красоты;иные объекты бытового обслуживания;город Москва, проезд Серебрякова, дом 6;37.6513284389307330;55.8469389876459490
Салон ТАТУ;иные объекты бытового обслуживания;город Москва, улица Лётчика Бабушкина, дом 32, корпус 3;37.6776340000000000;55.8707580000000000
Ремонт спортивного инвентаря;иные объекты бытового обслуживания;город Москва, Щёлковское шоссе, дом 100, корпус 100;37.8308538765455610;55.8122820591721760
Студия маникюра;иные объекты бытового обслуживания;город Москва, Новокосинская улица, дом 14, корпус 7;37.8579399999999920;55.7382107522516820
Мобильный сервис;иные объекты бытового обслуживания;город Москва, Свободный проспект, дом 33;37.8193153670715390;55.7528095306733180
Мастерская по ремонту;иные объекты бытового обслуживания;город Москва, Нижегородская улица, дом 29-33, строение 1;37.7096680000000000;55.7342880000000000
Багетная мастерская;иные объекты бытового обслуживания;город Москва, Волжский бульвар, дом 19, корпус 2;37.7490260000000000;55.7065580000000000
Техцентр «Марьинский парк»;иные объекты бытового обслуживания;город Москва, улица Марьинский Парк, дом 1, строение 1;37.7774058570411600;55.6549839168804970
Балко-Импорт;иные объекты бытового обслуживания;город Москва, Севастопольский проспект, дом 28, корпус 2;37.5782305951467420;55.6647693082766610
Велодоктор;иные объекты бытового обслуживания;город Москва, улица Адмирала Лазарева, дом 52, корпус 3;37.5163299999999960;55.5441566964853950
WOW NAIL;иные объекты бытового обслуживания;город Москва, Венёвская улица, дом 6;37.5432460000000000;55.5478450000000000
Ремонт телефонов;иные объекты бытового обслуживания;город Москва, площадь Киевского Вокзала, дом 2;37.5659796068120640;55.7445646191721450
Т2 МОБАЙЛ;иные объекты бытового обслуживания;город Москва, Багратионовский проезд, дом 5;37.5083970542389200;55.7439776670370580
Ломбарт «Меридиан»;иные объекты бытового обслуживания;город Москва, Осенний бульвар, дом 10;37.4102564905199560;55.7567847647446650
МАСТЕРСКАЯ ПО РЕЗКЕ СТЕКЛА;иные объекты бытового обслуживания;город Москва, улица Генерала Белобородова, дом 46;37.3552809804558730;55.8233458222587440
Ремонт лыж, велосипедов, заточка коньков и кантов;иные объекты бытового обслуживания;город Москва, Смольная улица, дом 63Б;37.4697920311135490;55.8700361815190550
СТИКЛ (багетная мастерская, изготовление зеркал);иные объекты бытового обслуживания;город Москва, город Зеленоград, Заводская улица, дом 18, строение 7;37.1823975072930000;55.9755373776968000
Солярий;иные объекты бытового обслуживания;город Москва, город Зеленоград, корпус 1627;37.1524050000000000;55.9708150000000000
Аптека;иные объекты бытового обслуживания;город Москва, Ореховый бульвар, владение 24, корпус 2, строение 3;37.7432490456140290;55.6136960156373090
Багетная мастерская;иные объекты бытового обслуживания;город Москва, улица Газопровод, дом 6Б;37.6126192247539780;55.5883771479608410
Студия загара «ArtZagar»;иные объекты бытового обслуживания;город Москва, проспект Андропова, дом 36;37.6619122598957360;55.6758823202899080
Багетная мастерская;иные объекты бытового обслуживания;город Москва, Ореховый бульвар, дом 14, корпус 3;37.7201031555519180;55.6097213343036360
Ремонт велосипедов;иные объекты бытового обслуживания;город Москва, Бирюлёвская улица, дом 51, корпус 1;37.6560577730095290;55.5938585921914590
Банк «Сбербанк России»;иные объекты бытового обслуживания;город Москва, улица Вавилова, дом 3;37.5921642275059470;55.7069345700284020
Веломастерская;иные объекты бытового обслуживания;город Москва, 5-й Донской проезд, дом 4;37.5972938542076140;55.7073369630544380
Студия маникюра Aero-nails;иные объекты бытового обслуживания;город Москва, Большой Сергиевский переулок, дом 10;37.6268668121115230;55.7682322935976840
Ремонт компьютерной техники;иные объекты бытового обслуживания;город Москва, 1-й Гончарный переулок, дом 4, строение 3;37.6513713866479380;55.7415651881889360
Дом быта;иные объекты бытового обслуживания;город Москва, Садовнический проезд, дом 6;37.6292037869934930;55.7415732581589580
Салон маникюра;иные объекты бытового обслуживания;город Москва, проспект Мира, дом 48, строение 4;37.6347529415890630;55.7816915664858120
Студия багетного дизайна Джоконда;иные объекты бытового обслуживания;город Москва, Олимпийский проспект, дом 16, строение 5;37.6244461527458330;55.7839670216647650
Мастерская по ремонту велосипедов;иные объекты бытового обслуживания;город Москва, город Троицк, Калужское шоссе, владение 22;37.3001240000000180;55.4642866738150530
Пункт приема и сдачи лома цветных металлов;иные объекты бытового обслуживания;город Москва, поселение Первомайское, деревня Поповка, Центральная улица, дом 15;37.2280990000000000;55.5095540000000000
ВАШ ТЕЛЕФОН;иные объекты бытового обслуживания;"город Москва, поселение ""Мосрентген"", Калужское шоссе, 20-й километр, владение 4, строение 1";37.4873620000000000;55.6091460000000000
Студия загара Laguna;иные объекты бытового обслуживания;город Москва, Мичуринский проспект, дом 27;37.5002169999999990;55.6974629999999990
Tui Travel;иные объекты бытового обслуживания;город Москва, Хорошёвское шоссе, дом 27;37.5250358400441680;55.7776086038419760
Мой Мобиль Автомойка;иные объекты бытового обслуживания;город Москва, Хорошёвское шоссе, дом 27;37.5250358400441680;55.7776086038419760
Сбербанк;иные объекты бытового обслуживания;город Москва, Хорошёвское шоссе, дом 27;37.5250358400441680;55.7776086038419760
Диана;иные объекты бытового обслуживания;город Москва, Рождественский бульвар, дом 22/23, строение 1;37.6304294275098810;55.7662519450624150
DOLLY NAILS;иные объекты бытового обслуживания;город Москва, 1-я Тверская-Ямская улица, дом 13, строение 1А;37.5897366036455840;55.7729171322937920
Ломбард;иные объекты бытового обслуживания;город Москва, улица Черняховского, дом 4А;37.5342296363087870;55.8032579533731980
Сервис центр по уходу и обслуживанию горных лыж и сноубордов;иные объекты бытового обслуживания;город Москва, улица Сайкина, дом 4;37.6663257596681050;55.7061700232789360
Багетная мастерская «Арт-и-точка»;иные объекты бытового обслуживания;город Москва, улица Серпуховский Вал, дом 17, корпус 1;37.6132088853036710;55.7108273356389180
Пальчики;иные объекты бытового обслуживания;город Москва, улица Грина, дом 24;37.5770819509882230;55.5659483797558450
Салон красоты «Studioone»;иные объекты бытового обслуживания;город Москва, город Зеленоград, корпус 1824;37.1691970000000000;55.9807820000000000
Парикмахерская Мегаполис;иные объекты бытового обслуживания;Российская Федерация, город Москва, внутригородская территория муниципальный округ Тверской, Лесная улица, дом 1/2;37.5853549968369480;55.7769191188685200
Багетная мастерская;иные объекты бытового обслуживания;город Москва, улица Генерала Белова, дом 43, корпус 2;37.7249414894998480;55.6073556723364250
Багетная Мостерская АРТ-МАСТЕР;иные объекты бытового обслуживания;город Москва, улица Вавилова, дом 13А;37.5831605177271090;55.7034208719141120
Ремонт телефонов;иные объекты бытового обслуживания;город Москва, Петрозаводская улица, дом 24Б;37.4937620530462890;55.8670680354881380
Пункт выдачи книжных заказов;иные объекты бытового обслуживания;город Москва, Воротынская улица, дом 18;37.3884320856867520;55.8899124624233250
Багетная мастерская;иные объекты бытового обслуживания;город Москва, 1-я Останкинская улица, дом 53;37.6320633200716370;55.8244221130558530
Ноктевой сервис;иные объекты бытового обслуживания;город Москва, город Зеленоград, улица Панфилова, дом 28Б, строение 1;37.1718299998865120;55.9831280782009840
Студия маникюра Александрия;иные объекты бытового обслуживания;город Москва, улица Хачатуряна, владение 15Б;37.6040465398126500;55.8630572051106430
Маникюр;иные объекты бытового обслуживания;город Москва, Лобненская улица, дом 4А;37.5378580827640180;55.8899069350465960
Сервисный центр Remonlife;иные объекты бытового обслуживания;город Москва, Ленинградский проспект, дом 13, строение 1;37.5735132554754540;55.7810715606378690
МАНИКЮРОФФ;иные объекты бытового обслуживания;город Москва, Лобненская улица, дом 4А;37.5378580827640180;55.8899069350465960
Велосервис «4 sport»;иные объекты бытового обслуживания;город Москва, город Зеленоград, корпус 1824;37.1673130000000000;55.9828170000000000
Спа салон «7 КРАСОК»;иные объекты бытового обслуживания;город Москва, Рублёвское шоссе, дом 52-А;37.4023970029982560;55.7555956049147030
Пункт выдачи товаров;иные объекты бытового обслуживания;город Москва, Соколово-Мещерская улица, дом 25;37.3846912123888090;55.9032500777496040
Багетная мастерская;иные объекты бытового обслуживания;город Москва, город Зеленоград, улица Панфилова, дом 30;37.1730954239798000;55.9828427889269000
Ремонт Мобильных телефонов;иные объекты бытового обслуживания;город Москва, 9-я Парковая улица, дом 70, корпус 1;37.7992675163935270;55.8091362632531160
Ломбард;иные объекты бытового обслуживания;город Москва, улица Маршала Федоренко, дом 12;37.4888471649306250;55.8817253120090030
Сервисный центр Самсунг;иные объекты бытового обслуживания;город Москва, проспект Мира, дом 76;37.6352144775461210;55.7906718954610740
Сервисный центр по ремонту мобильных телефонов;иные объекты бытового обслуживания;город Москва, проспект Мира, дом 52, строение 5;37.6352789267588080;55.7828254525484650
АРТ-РАМА;иные объекты бытового обслуживания;город Москва, 9-я Парковая улица, дом 48;37.7996904712610020;55.7998481699414630
СТУДИЯ НОГТЕВОГО СЕРВИСА «NAIL KRIS»;иные объекты бытового обслуживания;город Москва, улица Менжинского, дом 32, корпус 3;37.6659039999999980;55.8701857907322290
Багетная мастерская;иные объекты бытового обслуживания;город Москва, Новорогожская улица, дом 40;37.6926737696181600;55.7384220454107080
Ломбард;иные объекты бытового обслуживания;город Москва, Комсомольский проспект, дом 49;37.5721937048284080;55.7191665994608910
Сервисный центр R-Fon;иные объекты бытового обслуживания;город Москва, улица Большие Каменщики, дом 6, строение 1;37.6538798760298830;55.7373215447035120
Химчистка №1;иные объекты бытового обслуживания;город Москва, проспект Мира, дом 71, строение 1;37.6342991439594240;55.7880903341587460
Студия загара Солнце;иные объекты бытового обслуживания;город Москва, Садовая-Каретная улица, дом 10/5, строение 1;37.6081248041862680;55.7723242658655990
Багетная мастерская;иные объекты бытового обслуживания;город Москва, улица Усиевича, дом 17;37.5283706722474340;55.8051186342022450
Pilka nail bar;иные объекты бытового обслуживания;город Москва, проспект Мира, дом 75, строение 1;37.6343402123685420;55.7897927109181990
Багетная мастерская;иные объекты бытового обслуживания;город Москва, Ленинский проспект, дом 71;37.5497663737413560;55.6889253817101770
Аркада-Мед;иные объекты бытового обслуживания;город Москва, проспект Будённого, дом 37, корпус 1;37.7337783277751700;55.7648367707979130
Сервисный центр по ремонту ноутбуков, телефонов;иные объекты бытового обслуживания;город Москва, Хабаровская улица, дом 12/23;37.8267737328638490;55.8217438779344950
Техцентр Измайлово;иные объекты бытового обслуживания;город Москва, Ткацкая улица, дом 12;37.7256640281861590;55.7859499680671010
НПО Инженерные решения;иные объекты бытового обслуживания;город Москва, Вельяминовская улица, дом 34, строение 7;37.7268508665178930;55.7859133215593770
Стоматология Тава;иные объекты бытового обслуживания;город Москва, Мироновская улица, дом 33, строение 26;37.7294774206668180;55.7897566724219160
Дом быта;иные объекты бытового обслуживания;город Москва, Дубининская улица, дом 11, строение 1;37.6376879233595930;55.7276285157725300
Ремонт сотовых телефонов;иные объекты бытового обслуживания;город Москва, Уральская улица, дом 13;37.7969711124567670;55.8186084182099260
Веломастерская;иные объекты бытового обслуживания;город Москва, улица Борисовские Пруды, дом 18, корпус 1;37.7503732814829360;55.6377158945081620
Ломбард Граффити;иные объекты бытового обслуживания;город Москва, Чонгарский бульвар, дом 22, корпус 1;37.6031781336544030;55.6537584974591790
KristiNails маникюрный салон;иные объекты бытового обслуживания;город Москва, Северный бульвар, дом 2;37.6072431875976320;55.8649060573534800
Beauty bar №1;иные объекты бытового обслуживания;город Москва, Большая Переяславская улица, дом 5, корпус 1;37.6417183759244840;55.7816317602695830
Заточка коньков;иные объекты бытового обслуживания;город Москва, улица Генерала Глаголева, дом 10, корпус 3, строение 2;37.4654913451002680;55.7814394075593330
Студия ногтей;иные объекты бытового обслуживания;город Москва, Ивантеевская улица, дом 25А;37.7351643174905290;55.8167258489690280
Стаханов;иные объекты бытового обслуживания;город Москва, шоссе Энтузиастов, дом 31;37.7500161576723270;55.7592541755731190
ЛИГА СТАВОК;иные объекты бытового обслуживания;город Москва, Большая Семёновская улица, дом 16;37.7034956546989690;55.7820457055129850
Пункт выдачи заказов;иные объекты бытового обслуживания;город Москва, Большая Семёновская улица, дом 28;37.7075153841530050;55.7817635329308530
Пункт выдачи заказов;иные объекты бытового обслуживания;город Москва, Большая Семёновская улица, дом 28;37.7075153841530050;55.7817635329308530
Пункт выдачи заказов;иные объекты бытового обслуживания;город Москва, Большая Семёновская улица, дом 28;37.7075153841530050;55.7817635329308530
Автошкола;иные объекты бытового обслуживания;город Москва, Большая Семёновская улица, дом 28;37.7075153841530050;55.7817635329308530
IT технологии;иные объекты бытового обслуживания;город Москва, Большая Семёновская улица, дом 28;37.7075153841530050;55.7817635329308530
ВТБ;иные объекты бытового обслуживания;город Москва, Большая Семёновская улица, дом 28;37.7075153841530050;55.7817635329308530
Студия маникюра «Love is nails»;иные объекты бытового обслуживания;город Москва, улица Декабристов, дом 22;37.6062384210554230;55.8621719957271380
Шоу-рум ГаражТек;иные объекты бытового обслуживания;город Москва, Головинское шоссе, дом 12;37.5011413773513450;55.8371817305973440
ЛОМБАРД ЗОЛОТАЯ ЖИЛА;иные объекты бытового обслуживания;город Москва, Большая Семёновская улица, дом 17А;37.7058028922941300;55.7828456827473000
TUI TRAVEL;иные объекты бытового обслуживания;город Москва, Большая Семёновская улица, дом 17А;37.7058028922941300;55.7828456827473000
Zамания;иные объекты бытового обслуживания;город Москва, Рязанский проспект, дом 2, корпус 2;37.7300465746488310;55.7304050829259340
Студия маникюра Лены Лениной;иные объекты бытового обслуживания;город Москва, Ореховый бульвар, дом 22А;37.7326846257413560;55.6120470333370780
Страховая группа «Спасские ворота М»;иные объекты бытового обслуживания;город Москва, поселение Десеновское, Нововатутинский проспект, дом 10;37.3499270000000220;55.5182286891079290
Мастерская Лазерного ремонта;иные объекты бытового обслуживания;город Москва, 9-я Парковая улица, дом 68, корпус 4;37.7991823395180970;55.8084358893475000
Маникюр Nail Art;иные объекты бытового обслуживания;город Москва, Дмитровское шоссе, дом 13А;37.5737970000000060;55.8188637757147960
Черника;иные объекты бытового обслуживания;город Москва, улица Арбат, дом 51, строение 1;37.5866909999999880;55.7476587549915830
Зоосалон Дива;иные объекты бытового обслуживания;город Москва, Дубнинская улица, дом 2, корпус 7;37.5680899999999980;55.8580177871656010
Азия бьюти Спа;иные объекты бытового обслуживания;город Москва, Смоленская улица, дом 8;37.5803650000000000;55.7462557545845740
Студия загара Гелиоса;иные объекты бытового обслуживания;город Москва, Рязанский проспект, дом 30, корпус 2;37.7838299999999950;55.7181777464497690
CIRCUS;иные объекты бытового обслуживания;город Москва, Ленинский проспект, дом 109;37.5111320000000030;55.6637927307510410
Студия маникюра Лены Лениной;иные объекты бытового обслуживания;город Москва, Большая Черёмушкинская улица, дом 1;37.6017089999999920;55.6893807381277530
Спа салон Тайрай;иные объекты бытового обслуживания;город Москва, улица Костякова, дом 7/7;37.5724120000000000;55.8114747735582450
Гончарная мастерская №1;иные объекты бытового обслуживания;город Москва, Дмитровское шоссе, дом 73, строение 1;37.5591400000000140;55.8568807868325120
Саляная пищера Салон;иные объекты бытового обслуживания;город Москва, Студёный проезд, владение 7А;37.6625549999999980;55.8937377976464870
SOLEFRESH;иные объекты бытового обслуживания;город Москва, Цветной бульвар, дом 15, строение 1;37.6201370000000000;55.7711267618071820
Cool & Go;иные объекты бытового обслуживания;город Москва, Серебряный переулок, дом 5;37.5934049999999900;55.7515667561255700
World Class;иные объекты бытового обслуживания;город Москва, Ленинградское шоссе, дом 16А, строение 8;37.4970569999999980;55.8230777769452900
Атмосфера;иные объекты бытового обслуживания;город Москва, Ленинградское шоссе, дом 16А, строение 8;37.4970569999999980;55.8230777769452900
Сервисный центр по обслуживанию бензо- и электроинструментов;иные объекты бытового обслуживания;город Москва, 1-я улица Энтузиастов, дом 12;37.7182660000000140;55.7573747578116040
Страховая компания;иные объекты бытового обслуживания;город Москва, Широкая улица, дом 8;37.6507170000000070;55.8871427957089250
ЗАМАНИЯ - Детский развлекательный центр;иные объекты бытового обслуживания;город Москва, Азовская улица, дом 24, корпус 3;37.5955229999999860;55.6475947260900550
ТОДЕС;иные объекты бытового обслуживания;город Москва, Азовская улица, дом 24, корпус 3;37.5955229999999860;55.6475947260900550
WAI THAI;иные объекты бытового обслуживания;город Москва, Смоленская площадь, дом 3;37.5819490000000020;55.7475807549689510
Квадрат;иные объекты бытового обслуживания;город Москва, Ярцевская улица, дом 25А;37.4154149999999960;55.7410817530840250
ЗарядкаGum;иные объекты бытового обслуживания;город Москва, улица Адмирала Макарова, дом 6, строение 13;37.4906709999999920;55.8349787804229360
Прана центр йоги;иные объекты бытового обслуживания;город Москва, Старопетровский проезд, дом 1, строение 2;37.5003429999999940;55.8237757771491730
Ломбард;иные объекты бытового обслуживания;город Москва, Заревый проезд, дом 10;37.6583389999999980;55.8860237953802970
Юридические услуги;иные объекты бытового обслуживания;город Москва, Заревый проезд, дом 10;37.6583389999999980;55.8860237953802970
Тайский SPA-салон;иные объекты бытового обслуживания;город Москва, Привольная улица, дом 57, корпус 1;37.8434820000000020;55.6835627364490120
World Class;иные объекты бытового обслуживания;город Москва, Ленинский проспект, дом 109;37.5111320000000030;55.6637927307510410
Вай тай;иные объекты бытового обслуживания;город Москва, улица Костякова, дом 7/7;37.5724120000000000;55.8114747735582450
Изготовление окон «АРТ окна»;иные объекты бытового обслуживания;город Москва, город Зеленоград, корпус 1204;37.1903849999999990;55.9950090000000030
ТЕХНОФАРМ;иные объекты бытового обслуживания;город Москва, Профсоюзная улица, дом 39;37.5561510000000000;55.6708347327794900
ФИНАНСОВАЯ КОРПОРАЦИЯ ОТКРЫТИЕ;иные объекты бытового обслуживания;город Москва, Профсоюзная улица, дом 39;37.5561510000000000;55.6708347327794900
Аппарат кислородный коктейль;иные объекты бытового обслуживания;город Москва, Студёный проезд, владение 7А;37.6625549999999980;55.8937377976464870
Ремонт очков;иные объекты бытового обслуживания;город Москва, Севастопольский проспект, дом 28, корпус 2;37.5783569999999970;55.6646607310009930
SugarBar studio;иные объекты бытового обслуживания;город Москва, Старопетровский проезд, дом 1, строение 2;37.5003429999999940;55.8237757771491730
Speedcubing.club;иные объекты бытового обслуживания;город Москва, Старопетровский проезд, дом 1, строение 2;37.5003429999999940;55.8237757771491730
FitnGo;иные объекты бытового обслуживания;город Москва, Старопетровский проезд, дом 1, строение 2;37.5003429999999940;55.8237757771491730
Загораем;иные объекты бытового обслуживания;город Москва, Щукинская улица, дом 42;37.4644879999999820;55.8094567729695260
Skadi Cryo;иные объекты бытового обслуживания;город Москва, Смоленская площадь, дом 3;37.5819490000000020;55.7475807549689510
Тай-Спа;иные объекты бытового обслуживания;город Москва, улица Викторенко, дом 5, строение 1;37.5298350000000060;55.7990507699353980
REMMOB.COM;иные объекты бытового обслуживания;город Москва, проспект Андропова, дом 36;37.6619030000000020;55.6758277342184870
Упаковка;иные объекты бытового обслуживания;город Москва, Тишинская площадь, дом 1, строение 1;37.5833400000000070;55.7691587612350970
Bronzeglow;иные объекты бытового обслуживания;город Москва, Карманицкий переулок, дом 2/5;37.5872249999999970;55.7497487555979840
Заточка ножей;иные объекты бытового обслуживания;город Москва, город Зеленоград, корпус 1204;37.1907920000000000;55.9955330000000000
Тай-СПА Тайский массаж;иные объекты бытового обслуживания;город Москва, Ландышевая улица, дом 12;37.3911279999999950;55.8849407950622630
ТАЙСКИЙ МАССАЖ;иные объекты бытового обслуживания;город Москва, Цветной бульвар, дом 19, строение 5;37.6196350000000090;55.7717207619798780
Кабинет массажа при центре Мануальной терапии;иные объекты бытового обслуживания;город Москва, Ленинский проспект, дом 158;37.4825799999999990;55.6508967270396510
Лазерная пайка оправ, бижутерии;иные объекты бытового обслуживания;город Москва, Сумская улица, дом 2/12;37.6079500000000020;55.6236327192074070
Гравировка;иные объекты бытового обслуживания;город Москва, улица Новый Арбат, дом 23;37.5818260000000140;55.7520727562724260
Спа-салон Тай Сан;иные объекты бытового обслуживания;город Москва, улица Авиаконструктора Миля, дом 7;37.8549050000000020;55.6863567372550890
Студия Д.Давыдова. Косметический татуаж, татуировка;иные объекты бытового обслуживания;город Москва, Пятницкое шоссе, дом 15;37.3786139999999920;55.8422077825371370
BODY THERAPY SPA;иные объекты бытового обслуживания;город Москва, Кронштадтский бульвар, дом 6, корпус 1;37.4937979999999980;55.8410837822083010
Резка стекла;иные объекты бытового обслуживания;город Москва, Волгоградский проспект, дом 42, корпус 29;37.7260829999999880;55.7030027420616990
Lite Body 17;иные объекты бытового обслуживания;город Москва, Столярный переулок, дом 3, корпус 20;37.5703050000000050;55.7646557599264700
Атмосфера;иные объекты бытового обслуживания;город Москва, Пресненская набережная, дом 6, строение 2;37.5401840000000110;55.7482077551508720
ThaiMania;иные объекты бытового обслуживания;город Москва, Партизанская улица, дом 26;37.4129519999999970;55.7367707518342780
Мастер Штамп;иные объекты бытового обслуживания;город Москва, Брянская улица, дом 2;37.5632980000000030;55.7444297540549200
Черри Таун студия шугаринга;иные объекты бытового обслуживания;город Москва, улица Доватора, дом 6/6, корпус 8;37.5683980000000090;55.7239427481183680
Стекольная мастерская;иные объекты бытового обслуживания;город Москва, улица Лавочкина, дом 42;37.4893299999999950;55.8601067877776390
Массаж Спа;иные объекты бытового обслуживания;город Москва, улица Орджоникидзе, дом 5, корпус 2;37.6008780000000020;55.7092307438618950
СПА&МАССАЖ 5 СТИХИЙ;иные объекты бытового обслуживания;город Москва, Троицкая улица, дом 7, строение 5;37.6218860000000030;55.7751407629743740
Точки Тела;иные объекты бытового обслуживания;город Москва, Большой Николопесковский переулок, дом 13;37.5898030000000110;55.7509627559502760
Bohema lash;иные объекты бытового обслуживания;город Москва, Большой Николопесковский переулок, дом 13;37.5898030000000110;55.7509627559502760
Мир Тату;иные объекты бытового обслуживания;город Москва, Плотников переулок, дом 20/21;37.5885540000000090;55.7473557549036730
Янгуан студия китайского массажа;иные объекты бытового обслуживания;город Москва, улица Хамовнический Вал, дом 16;37.5724520000000060;55.7179137463733620
Картриджи,тонеры,зип;иные объекты бытового обслуживания;город Москва, Барабанный переулок, дом 4, строение 5;37.7095169999999980;55.7834087653797970
Памятники.ру;иные объекты бытового обслуживания;город Москва, Большая Семёновская улица, дом 15;37.7050800000000090;55.7827697651938410
СПА-центр DURIAN;иные объекты бытового обслуживания;город Москва, улица Покрышкина, домовладение 8, строение 3;37.4823860000000050;55.6636737307167520
Вай Тай;иные объекты бытового обслуживания;город Москва, Озёрная улица, дом 2, корпус 1;37.4693750000000070;55.6884097378475150
Гранитная мастерская;иные объекты бытового обслуживания;город Москва, 4-й Рощинский проезд, дом 30, строение 10;37.6142216604944720;55.7024189087535500
Ателье;иные объекты бытового обслуживания;город Москва, Снежная улица, дом 26;37.6466631671482620;55.8514465080965150
Шторы;иные объекты бытового обслуживания;город Москва, Ярцевская улица, дом 34, корпус 1;37.4190049999999990;55.7422327534177740
Вай Тай;иные объекты бытового обслуживания;город Москва, Малый Песчаный переулок, дом 2А;37.5070879999999960;55.8025017709413120
ВАЙ ТАЙ;иные объекты бытового обслуживания;город Москва, улица Островитянова, дом 9, корпус 3;37.4976820000000050;55.6454077254612760
Wellness SPA;иные объекты бытового обслуживания;город Москва, улица Воронцовские Пруды, дом 3;37.5365980000000120;55.6641087308420310
Тай рай;иные объекты бытового обслуживания;город Москва, улица Архитектора Власова, дом 18;37.5436279999999980;55.6719837331105580
БАЛИ;иные объекты бытового обслуживания;город Москва, город Зеленоград, корпус 847;37.1994303194335390;55.9809370449868450
Студия наращивания волос «Lux-volosy»;иные объекты бытового обслуживания;город Москва, Дмитровское шоссе, дом 83А;37.5476769999999930;55.8619597883206250
ТАЙРАЙ;иные объекты бытового обслуживания;город Москва, Ельнинская улица, дом 20, корпус 1;37.4230909999999920;55.7390987525091080
Ателье;иные объекты бытового обслуживания;город Москва, Дмитровское шоссе, дом 169, корпус 2;37.5435480000000010;55.9305828084918560
Граверная мастерская;иные объекты бытового обслуживания;город Москва, Верхняя Сыромятническая улица, дом 2;37.6594770000000100;55.7543227569254970
Body Soul;иные объекты бытового обслуживания;город Москва, город Московский, Московская улица, дом 3А;37.3676359999999900;55.5934547105603940
Производство автомобильных ковриков;иные объекты бытового обслуживания;город Москва, Щёлковское шоссе, дом 3, строение 1;37.7530529999999940;55.8037677713103900
Студия загара;иные объекты бытового обслуживания;город Москва, Кронштадтский бульвар, дом 7;37.4871600000000170;55.8408717821463160
Студия маникюра «Aloha»;иные объекты бытового обслуживания;город Москва, Чонгарский бульвар, дом 21;37.6045469999999900;55.6526157275341330
Маникюрный салон;иные объекты бытового обслуживания;город Москва, Семёновская площадь, дом 1;37.7202557664234700;55.7827780276561070
Чистая лапа;иные объекты бытового обслуживания;город Москва, улица Лавриненко, дом 1;37.9427270000000120;55.7017687417051310
Ремонт и продажа газовых баллонов;иные объекты бытового обслуживания;город Москва, Дорожная улица, владение 21А, строение 5;37.6120200000000080;55.5783207062328440
Штампы и визитки;иные объекты бытового обслуживания;город Москва, улица Куусинена, дом 2, корпус 1;37.5176529999999890;55.7782517638792470
Атекс услуги вышивки;иные объекты бытового обслуживания;город Москва, 1-й Дорожный проезд, дом 5;37.6214519999999910;55.6151347167700650
Студия Меланин;иные объекты бытового обслуживания;город Москва, Ясный проезд, дом 2;37.6320710000000100;55.8714977911170220
Знак;иные объекты бытового обслуживания;город Москва, Хорошёвское шоссе, дом 58;37.5329379999999940;55.7789277640759020
ЗООсалон DOG LUXURY (стрижка собак и кошек);иные объекты бытового обслуживания;город Москва, Сходненская улица, дом 44/17;37.4402970000000080;55.8459277836256050
Сервисный Центр Медицинской Техники;иные объекты бытового обслуживания;город Москва, Кантемировская улица, дом 65, строение 2;37.6400409999999970;55.6377487232601810
Bronoskins;иные объекты бытового обслуживания;город Москва, поселение Московский, Киевское шоссе, 23-й километр, дом 1;37.4222229999999950;55.6235167191741270
GROHE;иные объекты бытового обслуживания;город Москва, Дегунинская улица, дом 3, корпус 4;37.5374429999999820;55.8624717884706780
Восток Прозрение Глазной центр;иные объекты бытового обслуживания;город Москва, улица Полины Осипенко, дом 10, корпус 1;37.5351249999999940;55.7795867642676340
Гравировка;иные объекты бытового обслуживания;город Москва, Кожевническая улица, дом 7, строение 1;37.6461769999999940;55.7308187501096130
Ремонт пластиковых окон;иные объекты бытового обслуживания;город Москва, Чертановская улица, дом 48А;37.5897959999999930;55.6072957145233890
Центр массажа;иные объекты бытового обслуживания;город Москва, улица Арбат, дом 20;37.5935580000000020;55.7503317557671640
Заточка и ремонт;иные объекты бытового обслуживания;город Москва, Ленинградский проспект, дом 2;37.5824980000000080;55.7785947639790360
Сервисный центр;иные объекты бытового обслуживания;город Москва, Мироновская улица, дом 9/28;37.7330749999999850;55.7843157656437750
Груминг салон «Балути»;иные объекты бытового обслуживания;город Москва, бульвар Маршала Рокоссовского, дом 8, корпус 2;37.7269850000000060;55.8114987735652550
Номера;иные объекты бытового обслуживания;город Москва, улица Полины Осипенко, дом 10, корпус 1;37.5351249999999940;55.7795867642676340
Ветеринарная клиника Альфа-Вет;иные объекты бытового обслуживания;город Москва, поселение Десеновское, Нововатутинский проспект, дом 11;37.3479490000000000;55.5195296894777000
Студия загара;иные объекты бытового обслуживания;Российская Федерация, город Москва, внутригородская территория муниципальный округ Южное Медведково, проезд Дежнёва, дом 23;37.6371599999999870;55.8697147905940950
Массажные кресла;иные объекты бытового обслуживания;Российская Федерация, город Москва, внутригородская территория муниципальный округ Пресненский, Тишинская площадь, дом 1, строение 1;37.5833400000000070;55.7691587612350970
Компьютерный клуб;иные объекты бытового обслуживания;Российская Федерация, город Москва, внутригородская территория муниципальный округ Пресненский, Тишинская площадь, дом 1, строение 1;37.5833400000000070;55.7691587612350970
Аюттайя тайский спа;иные объекты бытового обслуживания;город Москва, Варшавское шоссе, дом 108, корпус 1;37.6183290000000100;55.6426867246791230
Студия загара Laguna;иные объекты бытового обслуживания;город Москва, Ленинградский проспект, дом 62А;37.5320270000000060;55.8021037708252760
Груминг;иные объекты бытового обслуживания;город Москва, Смольная улица, дом 24Б;37.4834359999999900;55.8608267879886210
Сервисный центр GROHE;иные объекты бытового обслуживания;город Москва, Артековская улица, дом 1А;37.6136009999999890;55.6526667275487840
Eye Love;иные объекты бытового обслуживания;Российская Федерация, город Москва, внутригородская территория муниципальный округ Арбат, Шубинский переулок, дом 2/3;37.5799529999999960;55.7466117546878480
Тайрай;иные объекты бытового обслуживания;Российская Федерация, город Москва, внутригородская территория муниципальный округ Арбат, Смоленская площадь, дом 13/21;37.5822670000000090;55.7494187555022340
ГРУММИНГ;иные объекты бытового обслуживания;город Москва, Воротынская улица, дом 18;37.3885289999999980;55.8899617965369940
Виртуальная реальность ANVIO;иные объекты бытового обслуживания;город Москва, Рочдельская улица, дом 15, строение 29;37.5636510000000000;55.7561257574489420
Фитнес клуб Lomov Gum;иные объекты бытового обслуживания;город Москва, Столярный переулок, дом 3, корпус 13;37.5684580000000000;55.7642867598192500
Гравировка SHARKY;иные объекты бытового обслуживания;Российская Федерация, город Москва, внутригородская территория муниципальный округ Отрадное, Отрадная улица, дом 2;37.6014750000000080;55.8589197874298620
Brothers Boxing Club;иные объекты бытового обслуживания;Российская Федерация, город Москва, внутригородская территория муниципальный округ Пресненский, Пресненская набережная, дом 6, строение 2;37.5401840000000110;55.7482077551508720
Ломбард;иные объекты бытового обслуживания;город Москва, Щербаковская улица, дом 7А;37.7265830000000000;55.7827540000000000
Культура тела;иные объекты бытового обслуживания;Российская Федерация, город Москва, внутригородская территория муниципальный округ Хорошевский, Ходынский бульвар, дом 20А;37.5244179999999830;55.7911837676434100
Студия загара «Premium sun»;иные объекты бытового обслуживания;город Москва, Ленинский проспект, дом 103;37.5145079999999920;55.6655827312665180
Студия загара;иные объекты бытового обслуживания;Российская Федерация, город Москва, внутригородская территория муниципальный округ Чертаново Южное, Варшавское шоссе, дом 141, корпус 9А;37.6008810000000010;55.5885207091488670
Багетная мастерская;иные объекты бытового обслуживания;город Москва, проспект Вернадского, дом 86Б;37.4814759999999940;55.6616927301463700
Фитнес центр «Universe»;иные объекты бытового обслуживания;город Москва, Ленинский проспект, дом 101;37.5155850000000090;55.6666947315867940
Фотостудия Royal;иные объекты бытового обслуживания;город Москва, улица Малая Ордынка, дом 14, строение 1;37.6251989999999880;55.7373317519968840
CherryTown студия шугаринга;иные объекты бытового обслуживания;Российская Федерация, город Москва, внутригородская территория муниципальный округ Нагатино-Садовники, проспект Андропова, дом 26;37.6629639999999880;55.6808527356673440
Ремон инвалидных колясок;иные объекты бытового обслуживания;город Москва, Измайловский проспект, дом 69/2;37.7890490000000130;55.7887947669477240
Заправка катриждей;иные объекты бытового обслуживания;город Москва, Шипиловский проезд, дом 43, корпус 2;37.6991749999999900;55.6113597156879540
ФотоКопир;иные объекты бытового обслуживания;город Москва, Мясницкая улица, дом 30/1/2, строение 1;37.6386209999999930;55.7654247601499050
Ваштамп;иные объекты бытового обслуживания;город Москва, Кронштадтский бульвар, дом 5А;37.4861859999999960;55.8415997823592530
