МБЛОМБАРД;услуги ломбарда;город Москва, Автозаводская улица, дом 9/1;37.6588423548591960;55.7071316762826360
МОСГОРЛОМБАРД-АРБАТСКИИ ГУП МГКЛ;услуги ломбарда;город Москва, улица Арбат, дом 11;37.5978290700965020;55.7511418105659620
Ломбард;услуги ломбарда;город Москва, улица Арбат, дом 38/1, строение 2;37.5878841586078710;55.7489581651145160
МАЛКИ;услуги ломбарда;город Москва, Башиловская улица, дом 21;37.5747731066243000;55.8013035125064000
ЛОМБАРД;услуги ломбарда;город Москва, улица Маршала Бирюзова, дом 16;37.4917097933397440;55.7947612698619220
ЛОМБАРД;услуги ломбарда;город Москва, улица Маршала Бирюзова, дом 17;37.4925037837588000;55.7936922842267000
ЛОМБАРД;услуги ломбарда;город Москва, улица Маршала Бирюзова, дом 18;37.4910959781537370;55.7951205493494560
ЛОМБАРД «ЧЕРВОНЕЦ»;услуги ломбарда;город Москва, улица Маршала Бирюзова, дом 34;37.4809773412144410;55.8004949835665510
Ломбард «Центр Кредит М»;услуги ломбарда;город Москва, Боровское шоссе, дом 30;37.3565708774348000;55.6415161067641000
ДИЗАЙН КОМПЛЕКС;услуги ломбарда;город Москва, Ботаническая улица, дом 10;37.5854734071233000;55.8452796890354000
Ломбард;услуги ломбарда;город Москва, Бутырская улица, дом 2/18;37.5865214944223140;55.7943552840410110
Ломбард;услуги ломбарда;город Москва, улица Маршала Василевского, дом 15;37.4648217034092710;55.8077081549270630
ЛОМБАРД;услуги ломбарда;город Москва, улица Маршала Василевского, дом 15;37.4640723692004000;55.8079722037877000
ЛОМБАРД ЗАЛОГ УСПЕХА (Ювелирный ломбард);услуги ломбарда;город Москва, улица Маршала Василевского, дом 17;37.4618253677570290;55.8087849984618460
Свой Ломбард;услуги ломбарда;город Москва, улица Маршала Василевского, дом 17;37.4618253677570290;55.8087849984618460
Ломбард;услуги ломбарда;город Москва, проспект Вернадского, дом 97, корпус 1;37.4911560000000000;55.6674709999999000
ЛОМБАРД;услуги ломбарда;город Москва, 2-я Владимирская улица, дом 32, корпус 1;37.7833900714592450;55.7520411700339050
ЛОМБАРД ПОБЕДА;услуги ломбарда;город Москва, 2-я Владимирская улица, дом 41, корпус 1;37.7847746793304250;55.7519167487836850
ЛОМБАРД;услуги ломбарда;город Москва, Зелёный проспект, дом 23/43;37.7850576864319000;55.7512543281347000
ЛОМБАРД;услуги ломбарда;город Москва, Зелёный проспект, дом 23/43;37.7662463765830480;55.7476217546084240
Ломабрд «Алмаз»;услуги ломбарда;город Москва, 2-й Войковский проезд, дом 2/11;37.4968096274808290;55.8176421774835350
ФИНАНСОВАЯ КОМПАНИЯ «БИНГО - КРЕДИТ»;услуги ломбарда;город Москва, Волгоградский проспект, дом 53;37.7326700000000000;55.7099040000000000
Ломбард;услуги ломбарда;город Москва, улица Бориса Галушкина, дом 12;37.6539623997644810;55.8239751140995960
Ломбард;услуги ломбарда;город Москва, улица Бориса Галушкина, дом 23;37.6654379524175270;55.8213696192560250
Ломбард от 8;услуги ломбарда;город Москва, улица Гарибальди, дом 21, корпус 4;37.5524667183696440;55.6721888166105570
МОСГОРЛОМБАРД;услуги ломбарда;город Москва, Гвардейская улица, дом 5, корпус 2;37.4225540000000000;55.7222409999999000
ЛОМБАРД;услуги ломбарда;город Москва, улица Героев Панфиловцев, дом 1, корпус 1;37.4372112406137990;55.8524278938351490
СКУПКА;услуги ломбарда;город Москва, улица Героев Панфиловцев, дом 8, корпус 1;37.4392233162915100;55.8548112434078940
АВАНСЪ - ЛОМБАРДЪ;услуги ломбарда;город Москва, улица Героев Панфиловцев, дом 8, корпус 1;37.4392233162915100;55.8548112434078940
Ломбард;услуги ломбарда;город Москва, 1-й Гончарный переулок, дом 7;37.6497164347808350;55.7401020915681680
Ломбард;услуги ломбарда;город Москва, Городецкая улица, дом 3;37.8667811620134740;55.7439480402977740
ЛОМБАРД СТОЛИЧНЫЙ;услуги ломбарда;город Москва, улица Грекова, дом 4;37.6622125135492000;55.8853892461089000
ЛОМБАРД;услуги ломбарда;город Москва, улица Грекова, дом 8;37.6625346977894400;55.8864738813588180
Ломбард «Шимапель»;услуги ломбарда;город Москва, улица Грузинский Вал, дом 26, строение 1;37.5812629460819000;55.7743867741959000
Ломбард;услуги ломбарда;город Москва, улица 26-ти Бакинских Комиссаров, дом 14;37.4871910000000000;55.6615469999999000
АВАНС ЛОМБАРД ОТРАДНОЕ;услуги ломбарда;город Москва, улица Декабристов, дом 10, корпус 3;37.6006221818109000;55.8648627799770000
ЛОМБАРД КОНТРАКТ ЛИМИТЕД;услуги ломбарда;город Москва, улица Декабристов, дом 20, корпус 1;37.6073442568107000;55.8629449691266000
Ломбард Яблоко 2;услуги ломбарда;город Москва, улица Декабристов, дом 21;37.6092910766601560;55.8733847618358300
Ломбард Первый ювелирный;услуги ломбарда;город Москва, улица Декабристов, дом 21;37.6077035628055750;55.8639651320125170
Голд Центр;услуги ломбарда;город Москва, Дмитровское шоссе, дом 42;37.5712373481806000;55.8418750634862000
Ломбард Благо;услуги ломбарда;город Москва, Днепропетровская улица, дом 3, корпус 1;37.6039354948141170;55.6218318167218020
Ломбард;услуги ломбарда;город Москва, проезд Донелайтиса, дом 30;37.4204350994967850;55.8461197198668420
ЛОМБАРД СКРУДЖ;услуги ломбарда;город Москва, Большая Дорогомиловская улица, дом 1;37.5645341833640000;55.7454493988790000
Ломбард «ВАШ ЛОМБАРД-4»;услуги ломбарда;город Москва, улица Олеко Дундича, дом 25;37.4870164977572390;55.7382850770153060
ЛОМБАРД;услуги ломбарда;город Москва, Енисейская улица, дом 17, корпус 1;37.6626168346076680;55.8678035082360010
Благо;услуги ломбарда;город Москва, проспект Маршала Жукова, дом 18;37.4876342926544910;55.7760656919012090
ЛОМБАРД;услуги ломбарда;город Москва, проспект Маршала Жукова, дом 39, корпус 1;37.4714223173549000;55.7753049597572000
Ломбард;услуги ломбарда;город Москва, Заревый проезд, дом 10;37.6581462846828000;55.8862918259896000
Ломбард;услуги ломбарда;город Москва, Волгоградский проспект, дом 121/35;37.7676790000000000;55.7059569999999000
Ломбард;услуги ломбарда;город Москва, Зеленодольская улица, дом 39;37.7666840000000000;55.7036440000000000
Ломбард;услуги ломбарда;город Москва, Волгоградский проспект, дом 82/37;37.7670886214559120;55.7046276088020780
ЛОМБАРД;услуги ломбарда;город Москва, 1-я Владимирская улица, дом 37/15;37.7802092872454840;55.7504272313021470
ЛОМБАРД 911;услуги ломбарда;город Москва, Зелёный проспект, дом 17;37.7816781030725000;55.7505976849257000
ЛОМБАРД;услуги ломбарда;город Москва, Зелёный проспект, дом 56;37.8151091562341000;55.7514732067480000
Ломбард;услуги ломбарда;город Москва, Зелёный проспект, дом 62, корпус 1;37.8195213171285470;55.7505424771069900
Скупка № 1;услуги ломбарда;город Москва, Свободный проспект, дом 18;37.8167576287629220;55.7524268151084430
Ваш ломбард;услуги ломбарда;город Москва, Измайловский бульвар, дом 10;37.7860314942515740;55.7961219441918530
Ломбард;услуги ломбарда;город Москва, Измайловский проспект, дом 63;37.7855273974936880;55.7886570560949980
Ломбард;услуги ломбарда;город Москва, Илимская улица, дом 10;37.5838383661311000;55.8901095067173000
Центр ломбард;услуги ломбарда;город Москва, Долгоруковская улица, дом 39/6;37.6006323344795210;55.7786413941842060
ВАШ ЛОМБАРД;услуги ломбарда;город Москва, 2-я Квесисская улица, дом 21;37.5775910278704000;55.7947921262789000
ЗАЛОГ И ВЫКУП;услуги ломбарда;город Москва, Кировоградская улица, дом 28, корпус 1;37.6018224892372930;55.6094730445408630
Народная залоговая компания;услуги ломбарда;город Москва, 5-я Кожуховская улица, дом 9;37.6695885883398000;55.7054726736316000
Ломбард Тик-Так;услуги ломбарда;город Москва, Комсомольский проспект, дом 33/11;37.5784563884862100;55.7237841699821740
ЛОМБАРД ЮВЕЛИРНАЯ МАСТЕРСКАЯ;услуги ломбарда;город Москва, Комсомольский проспект, дом 49;37.5721827053487090;55.7191485249389800
Ломбард;услуги ломбарда;город Москва, улица Конёнкова, дом 19;37.6107677446404000;55.8932590362104000
Ломбард;услуги ломбарда;город Москва, улица Корнейчука, дом 54;37.6283844934501000;55.8940411147052000
Ломбард;услуги ломбарда;город Москва, улица Зои и Александра Космодемьянских, дом 25/34;37.5197360000000000;55.8236420000000000
Ломбард;услуги ломбарда;город Москва, улица Космонавтов, дом 22;37.6602278471106540;55.8205668230595790
Ломбард;услуги ломбарда;город Москва, улица Космонавтов, дом 22;37.6602278471106540;55.8205668230595790
ГОЛД ломбард;услуги ломбарда;город Москва, улица Костякова, дом 6/5;37.5728574024256000;55.8119905019376000
Гледен;услуги ломбарда;город Москва, улица Кравченко, дом 8;37.5207231596233730;55.6763871908805400
Ломбард Залог Успеха;услуги ломбарда;город Москва, Нахимовский проспект, дом 42;37.5643928075000560;55.6778967727396150
Ломбард Надежда;услуги ломбарда;город Москва, Краснодарская улица, дом 4/117;37.7395245061928000;55.6763484712500000
Залог успеха;услуги ломбарда;город Москва, улица Красного Маяка, дом 1, корпус 1;37.6006055267023740;55.6107958563401890
Ломбард;услуги ломбарда;город Москва, улица Красного Маяка, дом 2;37.6017857874557960;55.6118640771672690
Ломбард 24;услуги ломбарда;город Москва, Кронштадтский бульвар, дом 13/2, корпус 1;37.4929289115515870;55.8422875343052990
Чароит;услуги ломбарда;город Москва, 3-й Крутицкий переулок, дом 13;37.6633551345888000;55.7306606616528000
ЭЛИТНЫЙ ЧАСОВОЙ ЛОМБАРД;услуги ломбарда;город Москва, Кутузовский проспект, дом 23, корпус 1;37.5483252760799860;55.7445178575650000
Ломбард Перспектива;услуги ломбарда;город Москва, Ленинградский проспект, дом 33, корпус 4;37.5599360000000000;55.7872550000000000
Ломбард «Ломбард Алмаз»;услуги ломбарда;город Москва, Ленинградский проспект, дом 58;37.5368513816399560;55.7990492981824960
Ломбард « Ломбард Яхонт»;услуги ломбарда;город Москва, Ленинградский проспект, дом 62;37.5341075918305620;55.8006442780120650
Ломбард «РУСЛОМБАРД»;услуги ломбарда;город Москва, Ленинградский проспект, дом 62;37.5327422843963000;55.8008419441989000
Ломбард «Деньга»;услуги ломбарда;город Москва, Ленинградский проспект, дом 78, корпус 1;37.5132755169419240;55.8060592279005970
ЛОУДСЕЛ;услуги ломбарда;город Москва, Ленинградское шоссе, дом 9, корпус 1;37.4983983958340000;55.8167862136470000
Ломбард;услуги ломбарда;город Москва, Ленинский проспект, дом 11, строение 1;37.6039213447296850;55.7231836757740950
Ломбард;услуги ломбарда;город Москва, улица Лескова, дом 6;37.5926145540293000;55.8977587799670000
Ломбард;услуги ломбарда;город Москва, Ломоносовский проспект, дом 5;37.5478816036980000;55.6858552435555000
МЕРИДИАН - 2М;услуги ломбарда;город Москва, Ломоносовский проспект, дом 15;37.5400754438456000;55.6887270938032000
АЗ Ломбард;услуги ломбарда;город Москва, Ломоносовский проспект, дом 15;37.5480147825320000;55.6858210552645000
БАБУШКИНСКИЙ ЛОМБАРД;услуги ломбарда;город Москва, Лосевская улица, дом 22;37.7163676438094060;55.8775014012585130
ЭКСПЛУАНТ;услуги ломбарда;город Москва, Люблинская улица, дом 29;37.7340030000000000;55.6999970000000000
Ломбард Е;услуги ломбарда;город Москва, улица Маршала Малиновского, дом 8;37.4937172812947640;55.7926292501091440
Ломбард;услуги ломбарда;город Москва, улица Медиков, дом 12;37.6763048856186980;55.6335422828859340
ЛОМБАРД;услуги ломбарда;город Москва, улица Менжинского, дом 17, корпус 1;37.6709300644852330;55.8683638184152470
ЛОМБАРД;услуги ломбарда;город Москва, улица Менжинского, дом 32, корпус 2;37.6674767253248530;55.8701199212765330
ЛОМБАРД;услуги ломбарда;город Москва, улица Металлургов, дом 5;37.7795108781891000;55.7572058795481000
Услуги ломбарда «Ломбард»;услуги ломбарда;город Москва, проспект Мира, дом 78;37.6352803503841000;55.7913453531473000
ЛОМБАРД РУССКИЙ ЗАЛОГОВЫЙ ДОМ;услуги ломбарда;город Москва, проспект Мира, дом 89;37.6355163569471000;55.8044125289473000
ЛОМБАРД;услуги ломбарда;город Москва, Михалковская улица, дом 2;37.5392128428008500;55.8374806511309670
Ломбард;услуги ломбарда;город Москва, Михалковская улица, дом 16/1;37.5322902456350960;55.8386910913613480
Ломбард А1;услуги ломбарда;город Москва, Нагатинская набережная, дом 22, корпус 2;37.6545031430300980;55.6815079185056730
1-й городской ломбард;услуги ломбарда;город Москва, Нагорный бульвар, дом 6;37.5945992927739000;55.6728111461499000
ЛОМБАРД СТОЛИЧНЫЙ;услуги ломбарда;город Москва, улица Народного Ополчения, дом 37, корпус 1;37.4877762356889480;55.7906545947719080
Ломбард;услуги ломбарда;город Москва, Новопетровская улица, дом 16;37.5227143418170430;55.8272954645758260
ЛОМБАРД;услуги ломбарда;город Москва, Новощукинская улица, дом 1;37.4607893453655000;55.8081771982809000
АНКОР ПРО;услуги ломбарда;город Москва, Новоясеневский проспект, дом 16, корпус 1;37.5201119536559000;55.6080511522583000
Ателье;услуги ломбарда;город Москва, Окская улица, дом 20, корпус 2;37.7584570000000000;55.7124070000000000
Народный ломбард;услуги ломбарда;город Москва, Калужская площадь, дом 1, корпус 1;37.6127114213978540;55.7284118003291130
ВАШ ЛОМБАРД;услуги ломбарда;город Москва, Калужская площадь, дом 1, корпус 1;37.6123448835430000;55.7284434655104000
Надежный ломбард;услуги ломбарда;город Москва, Ореховый бульвар, дом 47/33;37.7460429687303720;55.6145638690578820
Центр Ломбард;услуги ломбарда;город Москва, Оружейный переулок, дом 23;37.6012757764048050;55.7723488626920480
Ломбард 583;услуги ломбарда;город Москва, Осенний бульвар, дом 10, корпус 1;37.4089958064350870;55.7569509729629690
Ломбард «Столичный»;услуги ломбарда;город Москва, улица Островитянова, дом 30, корпус 1;37.5176644751616020;55.6340052559609430
Ефанов А.А.;услуги ломбарда;город Москва, Открытое шоссе, дом 5, корпус 11;37.7328084942539020;55.8146061552663610
ЛОМБАРД;услуги ломбарда;город Москва, Открытое шоссе, дом 21, корпус 4;37.7562346683565000;55.8239210240307000
ОЧАКОВСКИЙ ЛОМБАРД;услуги ломбарда;город Москва, Большая Очаковская улица, дом 9;37.4592241319862000;55.6844343361265000
Ломбард Саламандра;услуги ломбарда;город Москва, улица Паперника, дом 13;37.7879917231355480;55.7211976893145500
Залог успеха;услуги ломбарда;город Москва, 3-я Парковая улица, дом 4;37.7846835881618900;55.7890085419813390
Ломбард Семерочка;услуги ломбарда;город Москва, 3-я Парковая улица, дом 4;37.7846835881618900;55.7890085419813390
Ломбард Благо;услуги ломбарда;город Москва, 3-я Парковая улица, дом 6;37.7846436252281280;55.7896628175650160
Ломбард;услуги ломбарда;город Москва, 9-я Парковая улица, дом 18;37.8000109485638800;55.7927788209234950
Комиссионный магазин «Победа»;услуги ломбарда;город Москва, 9-я Парковая улица, дом 61, корпус 1;37.7979595179638470;55.8091080183580250
Ломбард;услуги ломбарда;город Москва, 9-я Парковая улица, дом 61, корпус 1;37.7979595179638470;55.8091080183580250
Ломбард;услуги ломбарда;город Москва, 9-я Парковая улица, дом 70, корпус 1;37.7992675163935270;55.8091362632531160
Ломбард;услуги ломбарда;город Москва, 9-я Парковая улица, дом 70, корпус 1;37.7992675163935270;55.8091362632531160
Ломбард;услуги ломбарда;город Москва, 15-я Парковая улица, дом 41, корпус 1;37.8182004399110810;55.8052049165530160
Ломбард Семерочка;услуги ломбарда;город Москва, Первомайская улица, дом 46;37.7846835881618900;55.7890085419813390
Ломбард;услуги ломбарда;город Москва, Первомайская улица, дом 73;37.7981767438693840;55.7937173142186890
Ломабард СОЦ-Кредит-Альянс;услуги ломбарда;город Москва, Первомайская улица, дом 73;37.7981862509573650;55.7935384483076720
Ломбард;услуги ломбарда;город Москва, Первомайская улица, дом 74;37.8006982778604130;55.7930151715525180
Скупка;услуги ломбарда;город Москва, Первомайская улица, дом 74;37.8006982778604130;55.7930151715525180
ЛОМБАРД;услуги ломбарда;город Москва, Первомайская улица, дом 121;37.8215623562603300;55.7939400122271960
Ломбард;услуги ломбарда;город Москва, Петрозаводская улица, дом 11, корпус 2;37.4937054143970000;55.8654639642566000
Ломбард Линкс-кредит;услуги ломбарда;город Москва, Петрозаводская улица, дом 13, корпус 2;37.4925332066513950;55.8662459487469010
Ломбард;услуги ломбарда;город Москва, улица Плещеева, дом 8;37.6083882389612750;55.8848294315075050
Ломбард;услуги ломбарда;город Москва, улица Плещеева, дом 12;37.6109823213616000;55.8858946934265000
ЛОМБАРД-СИТИ НА КУТУЗОВСКОМ;услуги ломбарда;город Москва, площадь Победы, дом 2, корпус 1;37.5209864569635000;55.7377027818691000
Ломбард Золотая Вьюга;услуги ломбарда;город Москва, Ивантеевская улица, дом 23;37.7318262241349910;55.8157441315877920
Ломбард Яблоко;услуги ломбарда;город Москва, Ивантеевская улица, дом 32, корпус 2;37.7310635014198470;55.8148878856583580
ЛОМБАРД НАДЕЖДА;услуги ломбарда;город Москва, улица Пржевальского, дом 14/16;37.4562599373098000;55.6792542356931000
ЦЕНТР ЮВЕЛИР;услуги ломбарда;город Москва, улица Пришвина, дом 17;37.6029786096622000;55.8871823508990000
ПЕРВЫЙ ЮВЕЛИРНЫЙ ЛОМБАРД;услуги ломбарда;город Москва, Профсоюзная улица, дом 2/22;37.5723786508538350;55.6874789224933760
ЛОМБАРД;услуги ломбарда;город Москва, Профсоюзная улица, дом 5/9;37.5712335156621000;55.6849793751885000
ЛОМБАРД Кредит-Сервис;услуги ломбарда;город Москва, Профсоюзная улица, дом 15;37.5653954183653410;55.6794627338413480
1 ЛОМБАРД;услуги ломбарда;город Москва, Профсоюзная улица, дом 15;37.5653954183653410;55.6794627338413480
ЛОМБАРД;услуги ломбарда;город Москва, Профсоюзная улица, дом 24, корпус 1;37.5641917215345770;55.6798713175293190
Ломбард «Мобильный ломбард №1»;услуги ломбарда;город Москва, Профсоюзная улица, дом 144;37.5080083691071810;55.6243815403341630
Благо;услуги ломбарда;город Москва, бульвар Яна Райниса, дом 2, корпус 1;37.4211565560165480;55.8487751761908910
ЛОМБАРД;услуги ломбарда;город Москва, улица Раменки, дом 6, корпус 2;37.4925252424311000;55.6930902819689000
ОММ;услуги ломбарда;город Москва, улица Ремизова, дом 5;37.5994005428384000;55.6775130089883000
Ломбард «Первый Ювелирный»;услуги ломбарда;город Москва, улица Рогожский Вал, дом 2/50;37.6777928001609870;55.7455247797841340
Ломбард «Золотой слиток»;услуги ломбарда;город Москва, улица Рогожский Вал, дом 7;37.6781308545218680;55.7437106947409330
Ломбард;услуги ломбарда;город Москва, улица Руставели, дом 15;37.5960005033262660;55.8137337141231030
ЛОМБАРД АЛАНДРАГ;услуги ломбарда;город Москва, улица Руставели, дом 15;37.5970253895197790;55.8136464368445150
Часовой ломбард;услуги ломбарда;город Москва, Садовая-Каретная улица, дом 22, строение 1;37.6111251748235200;55.7729548290030980
ВАШ ЛОМБАРД;услуги ломбарда;город Москва, Мещанская улица, дом 1/17, строение 1;37.6266905993413300;55.7739633541614810
Ломбард;услуги ломбарда;город Москва, улица Свободы, дом 16;37.4538631235865000;55.8315876997227000
ЛОМБАРД СТОЛИЧНЫЙ;услуги ломбарда;город Москва, Северный бульвар, дом 2;37.6072421926698230;55.8649059468059480
ЛОМБАРД;услуги ломбарда;город Москва, Большая Семёновская улица, дом 21;37.7068352404462250;55.7825796501052270
Ломбард 911;услуги ломбарда;город Москва, Сивашская улица, дом 11;37.6035382972031000;55.6603822393472000
Ломбард «Рубин»;услуги ломбарда;город Москва, улица Симоновский Вал, дом 13, корпус 1;37.6643582797604000;55.7233198712721000
Ломбард;услуги ломбарда;город Москва, Сиреневый бульвар, дом 3, корпус 3;37.7701580843023090;55.8029458776829510
Ломбард Благо;услуги ломбарда;город Москва, Измайловский бульвар, дом 38;37.8017977283659000;55.7961030405634000
ЛОМБАРД;услуги ломбарда;город Москва, Снежная улица, дом 17, корпус 1;37.6476885508056750;55.8530443621619880
Ломбард;услуги ломбарда;город Москва, Снежная улица, дом 21/1;37.6509067553599050;55.8548715470880380
Ломбард;услуги ломбарда;город Москва, улица Сокольническая Слободка, дом 16;37.6765998827047000;55.7886375782966000
Лунев М.А.;услуги ломбарда;город Москва, Солнцевский проспект, дом 1;37.3966309057303000;55.6518311509919000
СЕМЁРОЧКА;услуги ломбарда;город Москва, Солнцевский проспект, дом 26;37.4084672786720490;55.6498427932352230
Ломбард;услуги ломбарда;город Москва, проезд Стратонавтов, дом 9;37.4362399699745860;55.8263828394037350
Ломбард;услуги ломбарда;город Москва, проезд Стратонавтов, дом 9;37.4362399699745860;55.8263828394037350
Ломбард;услуги ломбарда;город Москва, проезд Стратонавтов, дом 11, строение 1;37.4350530000000000;55.8273980000000000
Ломбард;услуги ломбарда;город Москва, Строгинский бульвар, дом 15;37.4038822450156000;55.8043106499122000
Ломбард;услуги ломбарда;город Москва, Суздальская улица, дом 34, корпус 1;37.8671601189621680;55.7443286001857250
Ломбард;услуги ломбарда;город Москва, улица Сущёвский Вал, дом 66;37.6287063585343000;55.7920878782221000
Ломбард;услуги ломбарда;город Москва, Сходненская улица, дом 37;37.4389240088415110;55.8496959326119580
Ломбард «Надежда»;услуги ломбарда;город Москва, Сходненская улица, дом 37;37.4389668928216000;55.8496482756216000
Ломбард;услуги ломбарда;город Москва, Сходненская улица, дом 52, корпус 1;37.4408337102960000;55.8487388208315000
Часовой ломбард «Время»;услуги ломбарда;город Москва, 3-я Тверская-Ямская улица, дом 11;37.5959770000000000;55.7715550000000000
Ваш Ломбард;услуги ломбарда;город Москва, 4-я Тверская-Ямская улица, дом 8/9;37.5969031792202490;55.7728889979462250
ООО «ЗОЛОТОЙ КРЕДИТ»;услуги ломбарда;город Москва, 8-я улица Текстильщиков, дом 10;37.7421550000000000;55.7034340000000000
Залог Успеха Ломбард;услуги ломбарда;город Москва, улица Толбухина, дом 7, корпус 1;37.4008517142855010;55.7203020884627880
Армар;услуги ломбарда;город Москва, улица Толбухина, дом 9, корпус 1;37.4007100000000000;55.7211409990000000
Ломбард «Соц-Кредит-Альянс»;услуги ломбарда;город Москва, улица 1905 Года, дом 9, строение 1;37.5602017844211000;55.7643384190574000
СИТИ ЛОМБАРД;услуги ломбарда;город Москва, улица Дмитрия Ульянова, дом 14, корпус 1;37.5688470440389320;55.6888745851180150
Ломбард Благо;услуги ломбарда;город Москва, улица Дмитрия Ульянова, дом 14, корпус 1;37.5688470440389320;55.6888745851180150
Ломбард Восток;услуги ломбарда;город Москва, Уральская улица, дом 1;37.7979428805598870;55.8116498378216550
Ломбард-Центр;услуги ломбарда;город Москва, Уральская улица, дом 4;37.8011699289168920;55.8117902331906280
ГрандЪ ЛомбардЪ;услуги ломбарда;город Москва, Уральская улица, дом 5;37.7975850934640720;55.8143990997340110
Мособлломбард;услуги ломбарда;город Москва, Уссурийская улица, дом 1, корпус 1;37.8094765173028000;55.8234702528795000
«ЛОМБАРД ЗОЛОТОЙ ОРЁЛ»;услуги ломбарда;город Москва, Уссурийская улица, дом 7;37.8178201355943000;55.8237202098712000
Ломбард «911»;услуги ломбарда;город Москва, Осенний бульвар, дом 5, корпус 1;37.4070922622480000;55.7569716273232000
ЛОМБАРД НА ФЕРГАНСКОМ;услуги ломбарда;город Москва, Ферганский проезд, дом 3, корпус 1;37.8252652564801290;55.6975860072153000
Ломбард;услуги ломбарда;город Москва, Фестивальная улица, дом 3;37.4726638349680390;55.8546433769765680
Ломбард;услуги ломбарда;город Москва, Фестивальная улица, дом 13, корпус 2;37.4761691318573000;55.8562577463468000
ломбард;услуги ломбарда;город Москва, Флотская улица, дом 6/21;37.4786288141150980;55.8500806933062250
Ломбард Благо;услуги ломбарда;город Москва, улица Хачатуряна, дом 20;37.6043371140074070;55.8619223241201870
СТУДИЯ ТИКОР;услуги ломбарда;город Москва, 1-й Хорошёвский проезд, дом 14, корпус 1;37.5450332385448000;55.7748453933084000
ЛОМБАРД;услуги ломбарда;город Москва, Новинский бульвар, дом 1/2;37.5823908305172840;55.7505680135874900
Ломбард;услуги ломбарда;город Москва, Большая Черкизовская улица, дом 3, корпус 1;37.7170795699323880;55.7972194048418470
Ломбард;услуги ломбарда;город Москва, Большая Черкизовская улица, дом 5, корпус 1;37.7204369538327170;55.7974290029674900
Ломбард;услуги ломбарда;город Москва, Большая Черкизовская улица, дом 5А;37.7186730133126000;55.7973321106687000
Ломбард;услуги ломбарда;город Москва, Большая Черкизовская улица, дом 6, корпус 1;37.7213069425647000;55.7963339816787000
Ломбард для Вас;услуги ломбарда;город Москва, Хабаровская улица, дом 7/50;37.8261910000000010;55.8171919999999990
Мособлломбард;услуги ломбарда;город Москва, Хабаровская улица, дом 12/23;37.8266641126705000;55.8216273321277000
Ломбард-Центр;услуги ломбарда;город Москва, Хабаровская улица, дом 14, корпус 1;37.8258363450440030;55.8231834279303810
Ломбард Бегес;услуги ломбарда;город Москва, улица Земляной Вал, дом 21/2, строение 1;37.6581570135181000;55.7607555483304000
ССУДЫ И ИНВЕСТИЦИИ;услуги ломбарда;город Москва, улица Земляной Вал, дом 23, строение 1;37.6585325227803000;55.7602182322074000
ГРАФФИТИ;услуги ломбарда;город Москва, Чонгарский бульвар, дом 22, корпус 1;37.6031824575472000;55.6538131361956000
Надежный ломбард;услуги ломбарда;город Москва, Шарикоподшипниковская улица, дом 32;37.6761685252347430;55.7163505668376190
Ломбард «Золотой орел»;услуги ломбарда;город Москва, Шарикоподшипниковская улица, дом 32;37.6763745771474000;55.7162254836825000
Ломбар Победа;услуги ломбарда;город Москва, проспект 60-летия Октября, дом 25, корпус 1;37.5761329556772310;55.6907430595482470
ЛОМБАРД «СТОЛИЧНЫЙ»;услуги ломбарда;город Москва, Шипиловская улица, дом 60, корпус 1;37.7480767117248700;55.6217045765094510
Ломбард «Ювелирный салон Коалль»;услуги ломбарда;город Москва, Шмитовский проезд, дом 13;37.5505229610683320;55.7579466193335730
ООО «Ваш ламбард на Савеловской»;услуги ломбарда;город Москва, Шоссейная улица, дом 4, корпус 1;37.7271770000000000;55.6917240000000000
ФАКТОРИЯ;услуги ломбарда;город Москва, Шоссейная улица, дом 31, корпус 2;37.7246190000000000;55.6803030000000000
Ломбард;услуги ломбарда;город Москва, Щёлковское шоссе, дом 54;37.7976054342104390;55.8097331093925600
Ломбард;услуги ломбарда;город Москва, Щёлковское шоссе, дом 56/72;37.7996153542112270;55.8097910915744680
Ломбард Остлантик;услуги ломбарда;город Москва, Щёлковское шоссе, дом 79, корпус 1;37.8062493395161000;55.8111284633766000
АЛМАЗ-ГРУПП;услуги ломбарда;город Москва, шоссе Энтузиастов, дом 24/43;37.7179327236225000;55.7510082769168000
ЛОМБАРД;услуги ломбарда;город Москва, Янтарный проезд, дом 11;37.6826640000000000;55.8685700000000000
Ломбард Бельтис;услуги ломбарда;город Москва, Ярцевская улица, дом 29, корпус 3;37.4179129385038000;55.7428542675507000
Ломбард ООО «Камелия Люкс»;услуги ломбарда;город Москва, город Зеленоград, корпус 834А;37.1760620000000000;55.9799650000000000
Ломбард;услуги ломбарда;город Москва, город Зеленоград, корпус 1204;37.1903849999999990;55.9950090000000030
Ломбард;услуги ломбарда;город Москва, улица Милашенкова, дом 8;37.5847244889732150;55.8252968204235740
Ломбард;услуги ломбарда;город Москва, Ангарская улица, дом 6;37.5128040317067430;55.8717017459494800
Ломбард;услуги ломбарда;город Москва, город Зеленоград, корпус 1504;37.1525030000000000;55.9831680000000000
ГОРОДСКОЙ ЛОМБАРД;услуги ломбарда;город Москва, Бескудниковский бульвар, дом 23, корпус 1;37.5565495716162000;55.8677215328338000
СИТИ ЛОМБАРД;услуги ломбарда;город Москва, Енисейская улица, дом 22, корпус 2;37.6649661355397500;55.8688793568429740
Ломбард;услуги ломбарда;город Москва, Митинская улица, дом 52;37.3541902079317300;55.8529344779125690
ЛОМБАРД;услуги ломбарда;город Москва, Митинская улица, дом 44;37.3568261586210890;55.8489048544541830
ЛОМБАРД;услуги ломбарда;город Москва, Митинская улица, дом 44;37.3568269239496000;55.8488502452434000
ЛОМБАРД;услуги ломбарда;город Москва, Ангелов переулок, дом 6;37.3476001249385000;55.8532045815785000
ЛОМБАРД;услуги ломбарда;город Москва, Митинская улица, дом 37;37.3542949186395000;55.8482961314938000
ЛОМБАРД;услуги ломбарда;город Москва, Дубравная улица, дом 40;37.3543300000000000;55.8433991090173000
Ломбард;услуги ломбарда;город Москва, Привольная улица, дом 9, корпус 1;37.8399296080431990;55.7013867972770100
ВАШ ЛРОМБАРД НА СЕВЕРО-ВОСТОКЕ;услуги ломбарда;город Москва, Привольная улица, дом 9, корпус 1;37.8399440000000000;55.7014020000000000
Ломбард;услуги ломбарда;город Москва, Таллинская улица, дом 26;37.4074758331077600;55.7998881328752250
Ломбард ИП Каторгин;услуги ломбарда;город Москва, Лермонтовский проспект, дом 6;37.8484475166811270;55.7023303204850320
ЛОМБАРД;услуги ломбарда;город Москва, Свободный проспект, дом 20;37.8159567342827000;55.7511109242392000
«Ломбард ЛЮМЭР»;услуги ломбарда;город Москва, Веерная улица, дом 1, корпус 2;37.4814530836175000;55.7069113885627000
МЕЛИБОНЕ;услуги ломбарда;город Москва, улица Амундсена, дом 17, корпус 2;37.6533547199666430;55.8540368579278520
Ломбард «Залог Успеха»;услуги ломбарда;город Москва, проспект Мира, дом 146;37.6419833030912090;55.8205625117057240
Ломбард «Семерочка»;услуги ломбарда;город Москва, Хабаровская улица, дом 8;37.8276613742931220;55.8191593318487310
Ломбард;услуги ломбарда;город Москва, шоссе Энтузиастов, дом 55;37.8279829570713490;55.7740988854389310
Городской ломбард;услуги ломбарда;город Москва, улица Генерала Кузнецова, дом 13, корпус 1;37.8592726076404420;55.6875913493360880
ЛОМБАРД;услуги ломбарда;город Москва, улица Генерала Кузнецова, дом 27, корпус 1;37.8522285740079100;55.6811828534801090
ЛОМБАРД 222;услуги ломбарда;город Москва, улица Саморы Машела, дом 4, корпус 1;37.4965472981811630;55.6487733011114970
ТИЛБРУК;услуги ломбарда;город Москва, Ратная улица, дом 8, корпус 1;37.5836625693556100;55.5741051295981520
ЛОМБАРД;услуги ломбарда;город Москва, Южнобутовская улица, дом 84, корпус 1;37.5151416288441000;55.5354413932849000
Ломбард МАГНИТ;услуги ломбарда;город Москва, улица Адмирала Лазарева, дом 62;37.5098093973227000;55.5400614642461000
ЛОМБАРД И Я;услуги ломбарда;город Москва, улица Адмирала Лазарева, дом 36;37.5276514516899000;55.5463198535524000
ЛОМБАРД;услуги ломбарда;город Москва, Скобелевская улица, дом 19, корпус 1;37.5569411741326000;55.5479343684618000
ЛОМБАРД;услуги ломбарда;город Москва, Венёвская улица, дом 7;37.5460728632043000;55.5470724928138000
ЛОМБАРД;услуги ломбарда;город Москва, бульвар Адмирала Ушакова, дом 5;37.5524350629876000;55.5469146825498000
Ломбард;услуги ломбарда;город Москва, бульвар Адмирала Ушакова, дом 5;37.5525852666923000;55.5469760826078000
Ломбард Можайский;услуги ломбарда;город Москва, Можайское шоссе, дом 28;37.4212020000000000;55.7201500000000000
Ломбард;услуги ломбарда;город Москва, улица Барклая, дом 7, корпус 1;37.5006979711899650;55.7407310517664170
Ломбард;услуги ломбарда;город Москва, Строгинский бульвар, дом 7, корпус 1;37.3997330000000000;55.8056600000000000
ЛОМБАРД;услуги ломбарда;город Москва, Пятницкое шоссе, дом 16;37.3848113775589470;55.8428671903031030
Ломбард;услуги ломбарда;город Москва, улица Героев Панфиловцев, дом 1;37.4379549491529890;55.8531487190346710
Ломбард;услуги ломбарда;город Москва, проспект Маршала Жукова, дом 51;37.4650540000000000;55.7753620000000000
ЛОМБАРД;услуги ломбарда;город Москва, Пятницкое шоссе, дом 12, корпус 2;37.3868862995100880;55.8407072020240700
ЛОМБАРД 911;услуги ломбарда;город Москва, улица Героев Панфиловцев, дом 1/2;37.4383001891036220;55.8520593283547060
Ломбард;услуги ломбарда;город Москва, улица Героев Панфиловцев, дом 1/2;37.4383001891036220;55.8520593283547060
Ломбард;услуги ломбарда;город Москва, Сходненская улица, дом 35, корпус 1;37.4388371737530650;55.8482534531064090
Ломбард Даниловский;услуги ломбарда;город Москва, Ангарская улица, дом 22, корпус 1;37.5174628917322150;55.8758596045480330
Ломбард;услуги ломбарда;город Москва, Бескудниковский бульвар, дом 8, корпус 4;37.5644158013872560;55.8612110612824040
Залог Успеха;услуги ломбарда;город Москва, Коровинское шоссе, дом 19;37.5252430061240500;55.8755552671852060
Ваш Ломбард;услуги ломбарда;город Москва, Коровинское шоссе, дом 19;37.5254252182076000;55.8754805478910000
ТК СТАН;услуги ломбарда;город Москва, город Зеленоград, корпус 362;37.2117730604232000;55.9999690355705000
ОКТИОН (ломбард);услуги ломбарда;город Москва, город Зеленоград, корпус 1805;37.1626230000000000;55.9793000000000000
Ломбард;услуги ломбарда;город Москва, Новокосинская улица, дом 19;37.8585663066927000;55.7401638774716000
Ломбард;услуги ломбарда;город Москва, Марксистская улица, дом 7;37.6661692796328400;55.7362915733234130
ЛОМБАРД 24;услуги ломбарда;город Москва, Северный бульвар, дом 3, корпус 2;37.6059699642216000;55.8656020119428000
Ломбард;услуги ломбарда;город Москва, Святоозерская улица, дом 21;37.8972774129265700;55.7128619630136870
Ломбард;услуги ломбарда;город Москва, Святоозерская улица, дом 2;37.8807960468106300;55.7133297449064530
Ломбард;услуги ломбарда;город Москва, Святоозерская улица, дом 4;37.8827600343107780;55.7135826776656770
Ломбард;услуги ломбарда;город Москва, Святоозерская улица, дом 16;37.8896402364970020;55.7127703191074840
ЛОМБАРД;услуги ломбарда;город Москва, Зелёный проспект, дом 22;37.7885661281254600;55.7508006056003400
Ломбард;услуги ломбарда;город Москва, Сокольническая площадь, дом 9;37.6798260000000000;55.7903370000000000
Ломбард;услуги ломбарда;город Москва, 2-я Вольская улица, дом 1, корпус 1;37.9190023802523800;55.6873081265523810
Ломбард;услуги ломбарда;город Москва, Рождественская улица, дом 14;37.9182132919502240;55.7029805058099330
ВАШ ЛОМБАРД;услуги ломбарда;город Москва, улица Адмирала Лазарева, дом 11;37.5394209848472000;55.5453790342109000
Золотой ломбард;услуги ломбарда;город Москва, Ярцевская улица, дом 27, корпус 1;37.4160416108451000;55.7419317534357000
МГКЛ «МОСГОРЛОМБАРД»;услуги ломбарда;город Москва, Бескудниковский бульвар, дом 32, корпус 6;37.5546452032161000;55.8724018069649000
Ломбард Мастер;услуги ломбарда;город Москва, микрорайон Северное Чертаново, дом 1А;37.5997183274632430;55.6370616189244840
Республиканский ломбард;услуги ломбарда;город Москва, улица Богданова, дом 2, корпус 1;37.4011720480306000;55.6558469321153000
Ломбард;услуги ломбарда;город Москва, Печатников переулок, дом 12;37.6274469655732350;55.7672745097576910
Ломбард;услуги ломбарда;город Москва, город Троицк, Академическая площадь, дом 3;37.2959045531987390;55.4720898331513080
Ломбард;услуги ломбарда;город Москва, город Троицк, Академическая площадь, дом 3;37.2959045531987390;55.4720898331513080
Ломбард «Благо»;услуги ломбарда;город Москва, улица Шолохова, дом 15А;37.3454091961613910;55.6419377048554940
Ломбард 911;услуги ломбарда;город Москва, Смоленский бульвар, дом 3-5, строение 1;37.5847363559695110;55.7419946612014740
ЛОМБАРД;услуги ломбарда;город Москва, улица Обручева, дом 11;37.5157476914587420;55.6598472345712520
Ломбард 161 отделение;услуги ломбарда;город Москва, Тушинская улица, дом 16;37.4449026406091010;55.8273840131510610
Ломбард;услуги ломбарда;город Москва, улица Маршала Катукова, дом 10;37.4034329877922000;55.8093231374695000
МОСГОРЛОМБАРД;услуги ломбарда;город Москва, Старая Басманная улица, дом 36;37.6699256687600000;55.7685018252855000
Ломбарт на Никольской 8;услуги ломбарда;город Москва, Никольская улица, дом 8/1, строение 1;37.6226671665448860;55.7570291853437180
Ломбард «Оптиум»;услуги ломбарда;город Москва, город Зеленоград, корпус 317А, строение 1;37.2160670000000020;55.9967309999999970
Ломбард Залог успеха;услуги ломбарда;город Москва, Профсоюзная улица, дом 104/47;37.5235380314975300;55.6417614368115350
ЛОМБАРД;услуги ломбарда;город Москва, улица Маршала Федоренко, дом 12;37.4888471649306250;55.8817253120090030
Ломбард;услуги ломбарда;город Москва, Алтуфьевское шоссе, дом 9;37.5834826532430100;55.8525927754830390
Мосгорломбард;услуги ломбарда;город Москва, Алтуфьевское шоссе, дом 2;37.5866128066859130;55.8492898915172870
Ломбард-Центр;услуги ломбарда;город Москва, улица Декабристов, дом 17;37.6050951384523340;55.8649482865117050
ЛОМБАРД ВЕКТОР;услуги ломбарда;город Москва, Бойцовая улица, дом 16;37.7204486356790000;55.8128767024094000
Ломбард Барс;услуги ломбарда;город Москва, Открытое шоссе, дом 5А;37.7335193701753080;55.8140867476749280
МОСГОРЛОМБАРД;услуги ломбарда;город Москва, Краснопрудная улица, дом 22-24, строение 1;37.6663323865957000;55.7790632052562000
Ломбард анна и КО;услуги ломбарда;город Москва, Дмитровское шоссе, дом 98, строение 1;37.5473745672822120;55.8803236245437200
Ломбард Ковчег;услуги ломбарда;город Москва, Никольская улица, дом 11-13, строение 3;37.6211139999999990;55.7568040000000020
ВАШ ЛОМБАРД НА САВЕЛОВСКОЙ;услуги ломбарда;город Москва, Новодмитровская улица, дом 5А, строение 1;37.5878291612093920;55.8065231406296500
Ломбард;услуги ломбарда;город Москва, Широкая улица, дом 6;37.6577343849800000;55.8848627314854000
Ломбард Меридиан;услуги ломбарда;город Москва, проспект Вернадского, дом 41, строение 3;37.5045886916710880;55.6745173346061290
Трейд Информ;услуги ломбарда;город Москва, Ленинградский проспект, дом 71А;37.5151864595076000;55.8040629256754000
Ломбард;услуги ломбарда;город Москва, Кронштадтский бульвар, дом 3, строение 3;37.4860990637673840;55.8401945378322470
Ломбард;услуги ломбарда;город Москва, Боровское шоссе, дом 27;37.3656895835784870;55.6447897759750490
Ломбард «Три вокзала»;услуги ломбарда;город Москва, Комсомольская площадь, дом 6;37.6603912363668270;55.7758795298529010
Ломбард;услуги ломбарда;город Москва, 9-я Парковая улица, дом 59, корпус 2;37.7979118167026580;55.8080932472639330
Ломбард «Палада»;услуги ломбарда;город Москва, Большая Грузинская улица, дом 60, строение 1;37.5851489922079000;55.7721501816384000
Ломбард;услуги ломбарда;город Москва, город Зеленоград, корпус 234А;37.7442349738896180;55.9175687313618820
Ломбард «Гарантия+»;услуги ломбарда;город Москва, Озёрная улица, дом 29;37.4512448079443060;55.6729932157462530
Ломбард;услуги ломбарда;город Москва, улица 26-ти Бакинских Комиссаров, дом 8, корпус 2;37.4920189999999000;55.6591500000000000
Ломбард на Тверской;услуги ломбарда;город Москва, Глинищевский переулок, дом 3;37.6097884340348400;55.7632647848555440
Ломбард Золотой;услуги ломбарда;город Москва, 1-я Брестская улица, дом 66;37.5847003896106670;55.7756407471781160
Ломбард «Золотой Кремль»;услуги ломбарда;город Москва, Часовая улица, дом 11;37.5295460000000000;55.8084880000000000
ЛОМБАРД;услуги ломбарда;город Москва, 3-я Тверская-Ямская улица, дом 39, строение 1;37.5916606834857280;55.7742467980402590
МОСГОРЛОМБАРД;услуги ломбарда;город Москва, Хавская улица, дом 24;37.6128608263909000;55.7136398307410800
Ваш ломбард на Савеловской;услуги ломбарда;город Москва, улица Щорса, дом 5;37.4077030645438000;55.6464772693371000
ЛОМБАРД;услуги ломбарда;город Москва, улица Раменки, дом 3;37.4959867116330000;55.6935022154649000
ЛОМБАРД;услуги ломбарда;город Москва, Зубовский бульвар, дом 25, корпус 1;37.5896599389303180;55.7366096738542960
ЛОМБАРД-СТАНДАРТ;услуги ломбарда;город Москва, улица Сергия Радонежского, дом 27, строение 1;37.6788958536208000;55.7469746271184000
Ломбард;услуги ломбарда;город Москва, Саянская улица, дом 9Б;37.8326397166936560;55.7697241325774510
Ломбард;услуги ломбарда;город Москва, Вешняковская улица, дом 18;37.8251433778232030;55.7240450068901230
ЛомбардЪ и Ко;услуги ломбарда;город Москва, Вешняковская улица, дом 12Б, строение 1;37.8289695938178740;55.7340718341019110
Ломбард;услуги ломбарда;город Москва, Вешняковская улица, дом 17А;37.8310021207894920;55.7346803982800200
Ломбард Марианна;услуги ломбарда;город Москва, Вешняковская улица, дом 29А;37.8288033303257980;55.7237656532701280
Ломбард ОСТЛАНТИК;услуги ломбарда;город Москва, Снайперская улица, дом 9;37.8134696134405670;55.7217129513734410
Ломбард Центр;услуги ломбарда;город Москва, Вешняковская улица, дом 39А;37.8239181794969570;55.7190092903191140
ЛОМБАРД;услуги ломбарда;город Москва, улица Измайловский Вал, дом 2;37.7192319304315400;55.7836275854596980
Ломбард;услуги ломбарда;город Москва, Луганская улица, дом 5;37.6660020212129540;55.6262724006401540
МОСГОРЛОМБАРД;услуги ломбарда;город Москва, Бирюлёвская улица, дом 56, строение 2;37.6618477331230000;55.5846011914442000
Ломбад;услуги ломбарда;город Москва, Луганская улица, дом 10;37.6676675303696130;55.6223909661519330
Ломбард;услуги ломбарда;город Москва, Бирюлёвская улица, дом 34;37.6635630109565230;55.5911354194972700
Ломбард;услуги ломбарда;город Москва, Михневская улица, дом 7, корпус 2, строение 1;37.6619710000000010;55.5835500000000020
Ломбард;услуги ломбарда;город Москва, Михневская улица, дом 7, корпус 2;37.6626804547138430;55.5835131669848790
ЛОМБАРД;услуги ломбарда;город Москва, Таганская площадь, дом 86/1, строение 1;37.6525757468804000;55.7411035362637000
Ломбард;услуги ломбарда;город Москва, улица Мастеркова, дом 4;37.6565551263678060;55.7085378409230640
МОСГОРЛОМБАРД;услуги ломбарда;город Москва, Воронцовская улица, дом 4, строение 4;37.6545847823844180;55.7397057233827700
Ломбард Лазурит-Ю;услуги ломбарда;город Москва, Ярцевская улица, дом 34, корпус 1;37.4190434157704000;55.7423295000689000
Ломбард «ТАНДЕМ»;услуги ломбарда;город Москва, Филёвский бульвар, дом 10;37.4873301763867350;55.7640969314224360
Ломбард ЭСТАЙЛ-КРЕДИТ;услуги ломбарда;город Москва, Рязанский проспект, дом 75, строение 1;37.7924127401402710;55.7177809413881280
Ломбард;услуги ломбарда;город Москва, Зеленодольская улица, дом 41, корпус 1;37.7665350000000000;55.7029730000000000
Вива ломбард;услуги ломбарда;город Москва, Шоссейная улица, дом 1/2, строение 2;37.7279406993879930;55.6910922239363590
ВАШ ЛОМБАРД;услуги ломбарда;город Москва, Люблинская улица, дом 10, строение 3;37.7318540000000000;55.7016600000000000
Ломбард «Антиквариат»;услуги ломбарда;город Москва, улица Александра Солженицына, дом 1/5;37.6553214711551550;55.7422959073928010
Ломбард;услуги ломбарда;город Москва, Таганская улица, дом 40, строение 2;37.6666740000000000;55.7385360000000000
Ломбард «Касса взаимопомощи»;услуги ломбарда;город Москва, Липецкая улица, дом 7А;37.6828510131552860;55.5836028210354560
Ломбард;услуги ломбарда;город Москва, Новокосинская улица, дом 35;37.8663157016189370;55.7435586366070550
ЛОМБАРД;услуги ломбарда;город Москва, Литовский бульвар, дом 22;37.5376012255673150;55.6119359883385440
Ломбард;услуги ломбарда;город Москва, Новокосинская улица, дом 31;37.8639229555057500;55.7430942816878670
Ломбард;услуги ломбарда;город Москва, Кронштадтский бульвар, дом 7;37.4874743303718890;55.8409456530562520
Ломбард;услуги ломбарда;город Москва, Кронштадтский бульвар, дом 7;37.4874743303718890;55.8409456530562520
Ломбард;услуги ломбарда;город Москва, Кронштадтский бульвар, дом 7;37.4874743303718890;55.8409456530562520
ЛОМБАРД;услуги ломбарда;город Москва, Старый Петровско-Разумовский проезд, дом 1/23, строение 1;37.5653649195374000;55.8003165741015000
Ломбард;услуги ломбарда;город Москва, улица Золоторожский Вал, дом 38, строение 1;37.6812957198906490;55.7480892062185940
Услуги ломбарда «Ломбард ИКо»;услуги ломбарда;город Москва, проспект Мира, дом 61;37.6346179472030000;55.7858807379127000
Класс-Ломбард;услуги ломбарда;город Москва, проспект Мира, дом 114Б, строение 2;37.6379878388210260;55.8082464108731530
ЛОМБАРД;услуги ломбарда;город Москва, улица Менжинского, дом 38, корпус 1, строение 2;37.6617232788852900;55.8704923006469160
ЛОМБАРД АЛМАЗ;услуги ломбарда;город Москва, Ясный проезд, дом 6;37.6299294458464000;55.8732264399057000
Ваш ломбард на Савеловской;услуги ломбарда;город Москва, улица Яблочкова, дом 21, строение 3;37.5775194981302650;55.8193109477924660
Ломбард;услуги ломбарда;город Москва, Алтуфьевское шоссе, дом 72;37.5880360000000020;55.8902009999999980
Городской ломбардъ;услуги ломбарда;город Москва, Лианозовский проезд, владение 1;37.5549880000000020;55.8971889999999970
Ломбард;услуги ломбарда;город Москва, Лианозовский проезд, владение 1;37.5549880000000020;55.8971889999999970
Ломбард;услуги ломбарда;город Москва, Лианозовский проезд, владение 1Г;37.5535318991395210;55.8974018920728710
Ломбард №1;услуги ломбарда;город Москва, Широкая улица, дом 13А;37.6604085999999800;55.8881469000000000
Ломбард;услуги ломбарда;город Москва, улица Плещеева, дом 4, корпус 1, строение 1;37.6050768981091180;55.8832880672322290
Ломбард Северное сияние;услуги ломбарда;город Москва, Сигнальный проезд, дом 17;37.5855596773722000;55.8590878820616000
Гейдаров Акиф;услуги ломбарда;город Москва, Широкая улица, дом 12Б;37.6604085999999800;55.8881469000000000
Ломбард Меридиан;услуги ломбарда;город Москва, Широкая улица, дом 12Б;37.6605130000000400;55.8865239999999900
Ломбард;услуги ломбарда;город Москва, Широкая улица, дом 12Б;37.6606407390665000;55.8866979800882000
Ломбард Корона;услуги ломбарда;город Москва, улица Плещеева, дом 12А;37.6108880503617510;55.8858690205231170
Ломбард;услуги ломбарда;город Москва, Алтуфьевское шоссе, дом 70, корпус 1;37.5882693754254000;55.8881871754178000
Ломбард Меридиан;услуги ломбарда;город Москва, Снежная улица, дом 27, корпус 1, строение 1;37.6516793720794000;55.8562127650518720
Ломбард;услуги ломбарда;город Москва, Ракетный бульвар, дом 16;37.6557637718411940;55.8174906720873310
ЛОМБАРД;услуги ломбарда;город Москва, Снежная улица, дом 16, корпус 1;37.6460269660864950;55.8512015347597880
Ломбард;услуги ломбарда;город Москва, улица Лескова, дом 19А;37.6172773109467040;55.8939789534845060
Ломбард;услуги ломбарда;город Москва, улица Яблочкова, дом 21А;37.5783867988131630;55.8194896478821930
Ломбард;услуги ломбарда;город Москва, улица Яблочкова, дом 21А;37.5783867988131630;55.8194896478821930
Ломбард;услуги ломбарда;город Москва, Сокольническая площадь, дом 4, строение 1;37.6767256295354830;55.7899448795996160
Ломбард Цердиньофо Дэль;услуги ломбарда;город Москва, Открытое шоссе, дом 9, строение 1;37.7351663073461550;55.8160896479072620
Ломбард;услуги ломбарда;город Москва, Новокосинская улица, владение 32А, строение 1;37.8671850474312280;55.7420336333669080
ЛОМБАРД;услуги ломбарда;город Москва, Зелёный проспект, дом 79А;37.8166862951346000;55.7519079413172000
Ломбард;услуги ломбарда;город Москва, Измайловское шоссе, дом 69Д;37.7480131468924610;55.7884527089772460
Ломбард «Семерочка»;услуги ломбарда;город Москва, Вешняковская улица, дом 43;37.8217463073579410;55.7161183617411380
Ломбард «ГРАНДЪ ЛОМБАРД»;услуги ломбарда;город Москва, Главная улица, дом 29А;37.8719111203577510;55.8204633505671670
Ломбард;услуги ломбарда;город Москва, Первомайская улица, владение 104А;37.8122266169612470;55.7932982837886940
Ломбард центр;услуги ломбарда;город Москва, Измайловский бульвар, дом 43;37.7981161638204100;55.7972652820687140
Ломбард;услуги ломбарда;город Москва, Челябинская улица, дом 15, сооружение 1;37.8281393276280000;55.7789183951646000
Ломбард;услуги ломбарда;город Москва, Вешняковская улица, дом 18А;37.8251759340721490;55.7233032329327860
Ломбард;услуги ломбарда;город Москва, Вешняковская улица, дом 22А;37.8220798292699100;55.7203784215354500
Ломбард;услуги ломбарда;город Москва, Большая Семёновская улица, дом 16;37.7040960000000000;55.7820279999999970
Ломбард;услуги ломбарда;город Москва, Суздальская улица, дом 18Г;37.8503769580767080;55.7417234922585150
Ломбард;услуги ломбарда;город Москва, Привольная улица, дом 29, корпус 1;37.8501294421466810;55.6947191227261060
Гарант Ломбард;услуги ломбарда;город Москва, Таганская улица, дом 2;37.6576280000000000;55.7407500000000000
Люблинский ломбард;услуги ломбарда;город Москва, улица Судакова, дом 17;37.7504947410651000;55.6731904334145000
ЛОМБАРД 1;услуги ломбарда;город Москва, Люблинская улица, дом 4, корпус 2;37.7303180000000000;55.7074010000000000
ЛОМБАРД 911;услуги ломбарда;город Москва, шоссе Энтузиастов, дом 15Б;37.7159317956995000;55.7517932201655000
Ломбард 24;услуги ломбарда;город Москва, улица Хлобыстова, дом 26, строение 2;37.8171420578145780;55.7151023193504000
Ваш ломбард«Подмосковье+»;услуги ломбарда;город Москва, Рязанский проспект, дом 99А;37.8167850000000000;55.7125480000000000
Ломбард Столичный;услуги ломбарда;город Москва, улица Трофимова, дом 32, корпус 1, строение 2;37.6855146560020770;55.7025184723889670
ГЕРАСИМОВ;услуги ломбарда;город Москва, улица Хлобыстова, дом 20, корпус 2, строение 2;37.8102036149999780;55.7162053619999820
Ломбард;услуги ломбарда;город Москва, Волгоградский проспект, дом 117, корпус 1;37.7634740000000000;55.7062729990000000
Ломбард;услуги ломбарда;город Москва, Волгоградский проспект, дом 117, корпус 3;37.7637910000000000;55.7067000000000000
Ломбард;услуги ломбарда;город Москва, улица Каховка, дом 29А;37.5695590807094530;55.6563496211232550
Ломбард;услуги ломбарда;город Москва, Профсоюзная улица, дом 56;37.5522000361950000;55.6697892645480000
Ломбард;услуги ломбарда;город Москва, Профсоюзная улица, дом 56;37.5522000361950000;55.6697892645480000
Ломбард;услуги ломбарда;город Москва, Профсоюзная улица, дом 56;37.5522000361950000;55.6697892645480000
Ваш ломбард;услуги ломбарда;город Москва, Профсоюзная улица, дом 112, строение 1;37.5211904993260030;55.6396279799408050
Ломбард ЛИДЕР;услуги ломбарда;город Москва, Большая Черёмушкинская улица, дом 1;37.6021300000000000;55.6894200000000000
БЛАГО;услуги ломбарда;город Москва, Новоясеневский проспект, дом 11;37.5362628818393770;55.6067448972076260
ВАШ ЛОМБАРД-1;услуги ломбарда;город Москва, Новоясеневский проспект, дом 1;37.5092043276105190;55.6194850031092470
ЛОМБАРД;услуги ломбарда;город Москва, Новоясеневский проспект, владение 2А, строение 1;37.5057140000000000;55.6177590000000000
Мобильный ломбард;услуги ломбарда;город Москва, улица Введенского, дом 13К;37.5411809205597750;55.6418519199686230
Каффарг;услуги ломбарда;город Москва, Новоясеневский проспект, дом 7;37.5323670000000000;55.6074890000000000
ЛОМБАРД И Я;услуги ломбарда;город Москва, Южнобутовская улица, дом 97;37.5207206235955000;55.5344335264492000
ЛОМБАРД И Я;услуги ломбарда;город Москва, бульвар Адмирала Ушакова, дом 12;37.5502892957756000;55.5479707853266000
ЛОМБАРД;услуги ломбарда;город Москва, бульвар Адмирала Ушакова, владение 1, строение 1;37.5546666608880000;55.5475095025464000
Ломбард;услуги ломбарда;город Москва, бульвар Дмитрия Донского, дом 8, корпус 1;37.5737170000000000;55.5675350000000000
Ломбард;услуги ломбарда;город Москва, улица Тёплый Стан, дом 1Д;37.5022190499926320;55.6199848437870590
АВТОМОБИЛЬНЫЕ ЛОМБАРДЫ;услуги ломбарда;город Москва, Озёрная улица, дом 46, строение 2;37.4386289344829000;55.6688549414224000
Ломбард;услуги ломбарда;город Москва, площадь Джавахарлала Неру, дом 1;37.5339882004931700;55.6933238470178370
Ломбард;услуги ломбарда;город Москва, проспект Вернадского, дом 86Б;37.4814786742839630;55.6618084031092690
Ломбард;услуги ломбарда;город Москва, проспект Вернадского, дом 86Б, строение 1;37.4802955945684100;55.6621960933131990
Ломбард Удобный;услуги ломбарда;город Москва, Кастанаевская улица, дом 54, корпус 3;37.4677810056374200;55.7356254138797670
Ломбард Семерочка;услуги ломбарда;город Москва, улица Исаковского, дом 6, корпус 2;37.4032983523218190;55.8168723797261780
Ломбард;услуги ломбарда;город Москва, проезд Стратонавтов, дом 7, корпус 2;37.4378324624846210;55.8267369231571350
ЛОМБАРД;услуги ломбарда;город Москва, улица Народного Ополчения, дом 47, корпус 1, строение 1;37.4924930559232000;55.7933484875047000
Ломбард;услуги ломбарда;город Москва, Митинская улица, дом 39;37.3539699419689840;55.8488903727271480
Ломбард;услуги ломбарда;город Москва, проезд Стратонавтов, дом 9, корпус 2;37.4363961183672420;55.8270554106043870
Ломбард;услуги ломбарда;город Москва, Таллинская улица, дом 9;37.3968851029218500;55.7998707216385270
Ломбард;услуги ломбарда;город Москва, Тушинская улица, дом 17;37.4449264083290460;55.8267522892644480
Ломбард «Ломбард Жемчуг»;услуги ломбарда;город Москва, Часовая улица, дом 16, строение 1;37.5303776627385450;55.8089601057566970
ЛОМАБАРД У КИНОТЕАТРА;услуги ломбарда;город Москва, площадь Ганецкого, дом 1Б;37.4993905171694000;55.8202910524784000
ЛОМБАРД;услуги ломбарда;город Москва, Вятская улица, дом 41Г;37.5774928561744230;55.8006220579576040
Ломбард;услуги ломбарда;город Москва, Петрозаводская улица, дом 24Б;37.4937620530462890;55.8670680354881380
Ломбард;услуги ломбарда;город Москва, Лобненская улица, дом 4А;37.5384650000000000;55.8901170000000000
Ломбард;услуги ломбарда;город Москва, Дегунинская улица, дом 13, строение 3;37.5355440000000000;55.8654620000000000
Ломбард;услуги ломбарда;город Москва, Дубнинская улица, дом 52, строение 2;37.5554339247465090;55.8962595491238260
ЛОМБАРД;услуги ломбарда;город Москва, город Зеленоград, корпус 900;37.1843599999999980;55.9813800000000010
Ваш ломбард №1;услуги ломбарда;город Москва, город Зеленоград, корпус 1546А;37.1611973272384000;55.9774763904807000
Ломбард Правильный;услуги ломбарда;город Москва, город Зеленоград, корпус 1637;37.1576210000000000;55.9766760000000000
Ломбард в ЗТК;услуги ломбарда;город Москва, город Зеленоград, Привокзальная площадь, дом 1;37.1712270000000000;55.9788550000000000
Ломбард НАДЕЖДА;услуги ломбарда;город Москва, Чертановская улица, дом 1Г;37.6067142729182180;55.6401899483330740
ЗОЛОТОЙ ЭКСПРЕСС;услуги ломбарда;город Москва, Кировоградская улица, дом 12, корпус 2;37.6086695271631300;55.6239186225329190
Ломбард маркет;услуги ломбарда;город Москва, Касимовская улица, дом 29;37.6562569243931550;55.5994651209574970
Ломбард;услуги ломбарда;город Москва, Кантемировская улица, дом 47;37.6559562903727430;55.6378409790435880
Ломбарт- юг;услуги ломбарда;город Москва, Шипиловский проезд, владение 39, корпус 3А;37.6976390000000000;55.6124000000000000
Ломбард;услуги ломбарда;город Москва, Касимовская улица, дом 22А;37.6560577730095290;55.5938585921914590
Ломбард на Шипиловский;услуги ломбарда;город Москва, Шипиловская улица, дом 25А;37.7260864303159590;55.6217086114944620
Ломбард;услуги ломбарда;город Москва, улица Шолохова, дом 5, корпус 2;37.3544550245509230;55.6367621456531860
Ломбард;услуги ломбарда;город Москва, Суздальская улица, дом 30/2;37.8634350539616800;55.7437019614856980
ОП №1;услуги ломбарда;город Москва, Большая Декабрьская улица, дом 3, строение 1;37.5576581411431650;55.7649212291143640
Свой ломбард;услуги ломбарда;город Москва, Солянский тупик, дом 1/4, строение 1-2;37.6360100328790490;55.7538234173871250
Ломбард «Протект»;услуги ломбарда;город Москва, 2-я Звенигородская улица, дом 13, строение 4;37.5545857487871050;55.7621299038650800
Ломбард;услуги ломбарда;город Москва, площадь Рогожская Застава, дом 1;37.6818990883346320;55.7478079732905060
ЛОМБАРД;услуги ломбарда;город Москва, улица Пречистенка, дом 4, строение 2;37.6006745636377460;55.7445006121496010
Ломбард Мультфинсервис;услуги ломбарда;город Москва, Олимпийский проспект, дом 16, сооружение 1;37.7724057594787370;55.9153980113663990
Автоломбард №1;услуги ломбарда;город Москва, бульвар Энтузиастов, дом 2;37.7194541309761320;55.7532025271589050
Ломбард;услуги ломбарда;город Москва, город Троицк, Сиреневый бульвар, дом 1;37.2959045531987390;55.4720898331513080
Кечуткина Л.А.;услуги ломбарда;город Москва, город Щербинка, Пушкинская улица, дом 3Б;37.5641590000000000;55.5105580000000000
Ломбард-Монета;услуги ломбарда;город Москва, город Щербинка, Симферопольское шоссе, дом 8;37.5715228471145290;55.5039183893172070
Ломбард;услуги ломбарда;город Москва, проспект Вернадского, дом 86А;37.4814625343439120;55.6634689376268670
Выгодный ломбард;услуги ломбарда;город Москва, город Зеленоград, корпус 1508;37.1538710000000000;55.9835460000000000
Залог Успеха «Ломбард»;услуги ломбарда;город Москва, Пролетарский проспект, дом 25;37.6571201348172760;55.6363662196579300
ЛОМБАРД ЗАЛОГОВЫЙ ДОМ;услуги ломбарда;город Москва, улица Лётчика Бабушкина, дом 6;37.6743100000000000;55.8592000000000000
Ломбард (скупка) ИП Елисеева С.А.;услуги ломбарда;город Москва, город Зеленоград, Крюковская площадь, строение 7;37.1749602145655230;55.9807657670063890
Ломбард;услуги ломбарда;город Москва, улица Грекова, дом 8;37.6625319341010750;55.8864729417047740
Ломбард Октион;услуги ломбарда;город Москва, город Зеленоград, Крюковская площадь, строение 7;37.1749602145655230;55.9807657670063890
Мастер Ломбард;услуги ломбарда;город Москва, Череповецкая улица, дом 18, строение 2;37.5787092659716680;55.8971638832308240
Отличный ломбард;услуги ломбарда;город Москва, Нагатинская улица, дом 35, корпус 1;37.6612554969925240;55.6776475985965720
