Ремонт обуви;ремонт, окраска и пошив обуви;город Москва, улица Егора Абакумова, дом 11;37.7134714642235310;55.8793671672741470
Ремонт обуви;ремонт, окраска и пошив обуви;город Москва, Абрамцевская улица, дом 4, корпус 1;37.5765320287772000;55.8928830313232000
Ремонт обуви SV-Master;ремонт, окраска и пошив обуви;город Москва, Абрамцевская улица, дом 9, корпус 1;37.5724014268944000;55.9050517079255000
Ремонт обуви и сумок;ремонт, окраска и пошив обуви;город Москва, Автозаводская улица, дом 13/1;37.6564240000000000;55.7054020000000000
РЕМОНТ ОБУВИ;ремонт, окраска и пошив обуви;город Москва, Алтуфьевское шоссе, дом 56;37.5877835595779860;55.8809061217541230
Ремонт обуви;ремонт, окраска и пошив обуви;город Москва, Алтуфьевское шоссе, дом 86;37.5895139204086000;55.8976926110459000
Ремонт обуви;ремонт, окраска и пошив обуви;город Москва, Булатниковский проезд, дом 2В, корпус 5;37.6485439754094000;55.5964359793909000
Ремонт обуви;ремонт, окраска и пошив обуви;город Москва, проспект Вернадского, дом 97, корпус 1;37.4908820000000000;55.6674649999999000
Ремонт обуви;ремонт, окраска и пошив обуви;город Москва, Весёлая улица, дом 4;37.6661909999999000;55.6222940000000000
Ремонт обуви;ремонт, окраска и пошив обуви;город Москва, 2-я Владимирская улица, дом 13;37.7798909999999920;55.7599167585498070
Березка Ремонт Обуви;ремонт, окраска и пошив обуви;город Москва, Волоколамское шоссе, дом 1, корпус А;37.5038280000000000;55.8057810000000000
АЛТАН-М;ремонт, окраска и пошив обуви;город Москва, Волховский переулок, владение 27, сооружение 1;37.6851669999999930;55.7692067612490450
Ремонт обуви;ремонт, окраска и пошив обуви;город Москва, улица Бориса Галушкина, дом 9;37.6551208826535840;55.8246494540608110
Дом быта;ремонт, окраска и пошив обуви;город Москва, 1-я Тверская-Ямская улица, дом 20/1;37.5906277273221930;55.7735714078774690
Ателье «Костюмчик»;ремонт, окраска и пошив обуви;город Москва, Большая Грузинская улица, дом 42;37.5809036345339750;55.7685900254197340
Мастерская по ремонту обуви и одежды;ремонт, окраска и пошив обуви;город Москва, Даев переулок, дом 2;37.6342702910528930;55.7703493894332850
Ремонт обуви;ремонт, окраска и пошив обуви;город Москва, Минская улица, дом 22;37.4815092406772910;55.7424550405688990
ЛЮКС МЭН;ремонт, окраска и пошив обуви;город Москва, Дегтярный переулок, дом 5, строение 1;37.6016343926071310;55.7680466290132840
Ремонт обуви;ремонт, окраска и пошив обуви;город Москва, улица Декабристов, дом 2, корпус 1;37.5903810257559000;55.8682597189690000
Ремонт обуви;ремонт, окраска и пошив обуви;город Москва, улица Декабристов, дом 4, корпус 1;37.5913358082644000;55.8670507790561000
РЕМОНТ ОБУВИ;ремонт, окраска и пошив обуви;город Москва, улица Докукина, дом 5, корпус 1;37.6536183205629560;55.8379147712994380
Ремонт обуви;ремонт, окраска и пошив обуви;город Москва, Дубнинская улица, дом 2, корпус 2;37.5673802440757640;55.8561751236163320
Ремонт обуви;ремонт, окраска и пошив обуви;город Москва, бульвар Матроса Железняка, дом 24, корпус 1;37.5289980000000000;55.8338650000000000
РЕМОНТ ОБУВИ;ремонт, окраска и пошив обуви;город Москва, Заповедная улица, дом 20А;37.6410445190030000;55.8677185228296000
Ремонт обуви;ремонт, окраска и пошив обуви;город Москва, улица Маршала Захарова, дом 10, корпус 1;37.7010599608685770;55.6228701897145330
Ремонт обуви;ремонт, окраска и пошив обуви;город Москва, Измайловский бульвар, дом 47;37.7997714473301160;55.7972635133081600
Ремонт обуви «ХРОНОГРАФ»;ремонт, окраска и пошив обуви;город Москва, Кастанаевская улица, дом 3;37.4981887079752740;55.7400598624099430
Мастерская «Ремонт обуви»;ремонт, окраска и пошив обуви;город Москва, Каширское шоссе, дом 16;37.6302180606236760;55.6621941587313390
Ремонт обуви и одежды;ремонт, окраска и пошив обуви;город Москва, Керченская улица, дом 22;37.5786903118934000;55.6512878943838000
РЕМОНТ ОБУВИ;ремонт, окраска и пошив обуви;город Москва, улица Коминтерна, дом 20/2;37.6810059748023960;55.8648355833001560
РЕМОНТ ОБУВИ;ремонт, окраска и пошив обуви;город Москва, 3-я Фрунзенская улица, дом 14/37;37.5766556244209370;55.7224572126503050
Ремонт обуви;ремонт, окраска и пошив обуви;город Москва, улица Корнейчука, дом 16;37.6127954946568000;55.9012174528226000
РЕМОНТ ОБУВИ;ремонт, окраска и пошив обуви;город Москва, улица Академика Королёва, дом 9, корпус 1;37.6231861979500000;55.8209481328497000
Дом быта;ремонт, окраска и пошив обуви;город Москва, улица Зои и Александра Космодемьянских, дом 35/1;37.5113200000000000;55.8430980000000000
Мастер на все руки;ремонт, окраска и пошив обуви;город Москва, улица Костякова, дом 9;37.5716772304596000;55.8123944189408000
Ремонт обуви;ремонт, окраска и пошив обуви;город Москва, Красноармейская улица, дом 5;37.5476553665183000;55.7976638095048000
Ремонт обуви, ателье;ремонт, окраска и пошив обуви;город Москва, Краснобогатырская улица, дом 75, корпус 1;37.7064528690412000;55.8081380082403000
Ремонт обуви;ремонт, окраска и пошив обуви;город Москва, улица Красного Маяка, дом 1, корпус 1;37.6004978534036520;55.6108142072309380
Ремонт обуви;ремонт, окраска и пошив обуви;город Москва, улица Красного Маяка, дом 2;37.6017473169137520;55.6117775737214260
Ремонт обуви;ремонт, окраска и пошив обуви;город Москва, Кубанская улица, дом 14, строение 1;37.7423998342585000;55.6837162348535000
Ремонт обуви;ремонт, окраска и пошив обуви;город Москва, Лазаревский переулок, дом 4;37.6130851732326000;55.7906764288316000
Ремонт обуви;ремонт, окраска и пошив обуви;город Москва, Ленинградское шоссе, дом 8, корпус 2;37.5004026705117000;55.8169557509394000
РЕМОНТ ОБУВИ;ремонт, окраска и пошив обуви;город Москва, Ленская улица, дом 17;37.6615612714732960;55.8667937670547370
Ремонт обуви;ремонт, окраска и пошив обуви;город Москва, Лобненская улица, дом 9;37.5379725919788000;55.8890656234458000
РЕМОНТ ОБУВИ;ремонт, окраска и пошив обуви;город Москва, Малахитовая улица, дом 5;37.6576253923242770;55.8334377066946600
Ремонт Обуви «ХАСТ»;ремонт, окраска и пошив обуви;город Москва, Мантулинская улица, дом 10;37.5546257262413000;55.7565385391589000
МЕЛОЧИ ЖИЗНИ;ремонт, окраска и пошив обуви;город Москва, Можайское шоссе, дом 39;37.4149580000000000;55.7173820000000000
Мастерская по ремонту обуви;ремонт, окраска и пошив обуви;город Москва, Молодогвардейская улица, дом 31, корпус 1;37.4165714232506000;55.7331309170521000
Ремонт обуви;ремонт, окраска и пошив обуви;город Москва, улица Молостовых, дом 17, корпус 1;37.8325596080842000;55.7528015471611000
Ремонтная мастерская;ремонт, окраска и пошив обуви;город Москва, Нагатинская улица, дом 13, корпус 1;37.6405800126866840;55.6800381337590690
РЕМОНТ ОБУВИ;ремонт, окраска и пошив обуви;город Москва, улица Народного Ополчения, дом 22, корпус 1;37.4800356814624000;55.7792569570348000
Ремонт обуви;ремонт, окраска и пошив обуви;город Москва, Нижний Кисельный переулок, дом 3, строение 1;37.6216467844075000;55.7653279872585000
Ремонт обуви;ремонт, окраска и пошив обуви;город Москва, Нижегородская улица, дом 5;37.6778304415965270;55.7389328855682110
Ателье «Грация»;ремонт, окраска и пошив обуви;город Москва, Нижегородская улица, дом 94, корпус 1;37.7490600873191230;55.7312255114541560
РЕМОНТ ОБУВИ;ремонт, окраска и пошив обуви;город Москва, улица Маршала Новикова, дом 10, корпус 1;37.4650165067730000;55.8038117881658000
Ремонт обуви;ремонт, окраска и пошив обуви;город Москва, Новогиреевская улица, дом 17;37.7963015066211000;55.7579811154955000
Ремонт обуви;ремонт, окраска и пошив обуви;город Москва, Новогиреевская улица, дом 20/34, корпус 1;37.7941082172704000;55.7592013745559000
Ремонт обуви;ремонт, окраска и пошив обуви;город Москва, 4-я Новокузьминская улица, дом 12;37.7880090790984800;55.7118088319250800
Ремонт обуви;ремонт, окраска и пошив обуви;город Москва, Новоостаповская улица, дом 4, корпус 1;37.6659193264073000;55.7179599206144000
Ремонт обуви;ремонт, окраска и пошив обуви;город Москва, Новопетровская улица, дом 3;37.5204087071611310;55.8275024095606440
Дом быта;ремонт, окраска и пошив обуви;город Москва, Новорогожская улица, дом 11, корпус 2;37.6821310170622750;55.7424545983787570
Ателье Shoes Lab;ремонт, окраска и пошив обуви;город Москва, Новослободская улица, дом 62, корпус 20;37.5926543952744720;55.7907259532055090
Дом Быта;ремонт, окраска и пошив обуви;город Москва, Обводное шоссе, дом 7;37.3596886282309000;55.7835293193235000
Ремонт обуви;ремонт, окраска и пошив обуви;город Москва, Садовническая улица, дом 51, строение 1;37.6399760000000000;55.7428480000000000
Мастерок;ремонт, окраска и пошив обуви;город Москва, Климентовский переулок, дом 9/1;37.6262222094371240;55.7407209366670030
Ремонт обуви;ремонт, окраска и пошив обуви;город Москва, улица Паустовского, дом 8, корпус 3;37.5365229225913000;55.5999522090593000
ЦЕНТУРИОН-97;ремонт, окраска и пошив обуви;город Москва, Верхняя Первомайская улица, дом 59/35, корпус 1;37.8035325508268940;55.8000275333163880
Ремонт обуви;ремонт, окраска и пошив обуви;город Москва, Перовская улица, дом 33, корпус 1;37.7756431327887000;55.7472524067926000
Ремонт обуви;ремонт, окраска и пошив обуви;город Москва, Петрозаводская улица, дом 1;37.5015160070475000;55.8638926190810000
Ремонт обуви;ремонт, окраска и пошив обуви;город Москва, Петрозаводская улица, дом 19, корпус 1;37.4909199312048430;55.8666275035626610
РЕМОНТ ОБУВИ;ремонт, окраска и пошив обуви;город Москва, Планерная улица, дом 7, корпус 1;37.4334484236302320;55.8633765216644060
Ремонт обуви;ремонт, окраска и пошив обуви;город Москва, улица Плещеева, дом 7;37.6113102313964870;55.8879849556096100
Пошив обуви;ремонт, окраска и пошив обуви;город Москва, улица Плющева, дом 18, корпус 2;37.7609392629693000;55.7410910329334000
Пошив обуви;ремонт, окраска и пошив обуви;город Москва, улица Плющева, дом 18, корпус 2;37.7605905757958000;55.7410864395401000
Ремонт обуви;ремонт, окраска и пошив обуви;город Москва, улица Правды, дом 7/9;37.5766715036462000;55.7849240812052000
Ремонт обуви;ремонт, окраска и пошив обуви;город Москва, улица Пришвина, дом 13;37.5991484151887000;55.8887647873169000
Ремонт обуви;ремонт, окраска и пошив обуви;город Москва, Просторная улица, дом 6;37.7159983140378000;55.8046716166022000
Дом быта;ремонт, окраска и пошив обуви;город Москва, Профсоюзная улица, дом 88/20;37.5298744503609360;55.6500245886559170
РЕМОНТ ОБУВИ, МЕТАЛЛОРЕМОНТ;ремонт, окраска и пошив обуви;город Москва, Радужная улица, дом 15, корпус 1;37.6634751809402600;55.8596073481975990
РЕМОНТ ОБУВИ;ремонт, окраска и пошив обуви;город Москва, Радужная улица, дом 15, корпус 2;37.6633282632667420;55.8586177266676390
РЕМОНТ ОБУВИ;ремонт, окраска и пошив обуви;город Москва, улица Расплетина, дом 19;37.4828692899770000;55.7973128614345000
Ремонт обуви;ремонт, окраска и пошив обуви;город Москва, Рублёвское шоссе, дом 40, корпус 3;37.4154354380567000;55.7507902325628000
РЕМОНТ ОБУВИ;ремонт, окраска и пошив обуви;город Москва, улица Рудневой, дом 9;37.6777507368240590;55.8649830537113490
Сапожка;ремонт, окраска и пошив обуви;город Москва, улица 8 Марта, дом 8, корпус 1;37.5546128696653000;55.8021018509268000
Ремонт обуви;ремонт, окраска и пошив обуви;город Москва, Северный бульвар, дом 8;37.6137736431124000;55.8674913255448000
Ремонт обуви;ремонт, окраска и пошив обуви;город Москва, улица Седова, дом 7, корпус 1;37.6407356083416640;55.8514987418066230
РЕМОНТ ОБУВИ;ремонт, окраска и пошив обуви;город Москва, Сельскохозяйственная улица, дом 14, корпус 2;37.6445343532739830;55.8360779134641090
Ремонт обуви;ремонт, окраска и пошив обуви;город Москва, улица Серпуховский Вал, дом 14;37.6149463056316050;55.7119759245236710
Ремонт обуви;ремонт, окраска и пошив обуви;город Москва, Сиреневый бульвар, дом 16, корпус 1;37.7867766399087160;55.8022786680377220
Ремонт обуви № 1;ремонт, окраска и пошив обуви;город Москва, Смоленский бульвар, дом 7;37.5841672741249370;55.7405254886257850
Дом быта;ремонт, окраска и пошив обуви;город Москва, 2-й Стрелецкий проезд, дом 10;37.6070444291338000;55.7974775389394000
Ремонт обуви;ремонт, окраска и пошив обуви;город Москва, Судостроительная улица, дом 41;37.6877549462029000;55.6847975252336000
Дом быта;ремонт, окраска и пошив обуви;город Москва, Сходненская улица, дом 52, корпус 1;37.4408787827863000;55.8487442757315000
Ремонт обуви;ремонт, окраска и пошив обуви;город Москва, Талдомская улица, дом 13;37.5206777082516000;55.8732049391195000
ЛЕССИ;ремонт, окраска и пошив обуви;город Москва, Тимирязевская улица, дом 10/12;37.5680830703791000;55.8126898182744000
РЕМОНТ ОБУВИ;ремонт, окраска и пошив обуви;город Москва, улица Маршала Тухачевского, дом 19;37.4826654420923000;55.7822126915973000
Ремонт обуви;ремонт, окраска и пошив обуви;город Москва, Осенний бульвар, дом 12, корпус 3;37.4105126615071000;55.7587724823868000
Ремонт обуви;ремонт, окраска и пошив обуви;город Москва, Филёвский бульвар, дом 13, корпус 1;37.4848837594454880;55.7638726304746800
Ремонт обуви;ремонт, окраска и пошив обуви;город Москва, Флотская улица, дом 6/21;37.4786288141150980;55.8500806933062250
Пункт по ремонту обуви;ремонт, окраска и пошив обуви;город Москва, улица Ивана Франко, дом 38, корпус 1;37.4160597250873000;55.7282077250694000
Водолей ремонт обуви и одежды;ремонт, окраска и пошив обуви;город Москва, улица Хачатуряна, дом 20;37.6043582077342000;55.8619760936531000
Ремонт Обуви;ремонт, окраска и пошив обуви;город Москва, Хорошёвское шоссе, дом 48;37.5344567524339000;55.7764734406423000
Дом быта;ремонт, окраска и пошив обуви;Российская Федерация, город Москва, внутригородская территория муниципальный округ Преображенское, Большая Черкизовская улица, дом 5А;37.7189358697957000;55.7986317508611000
Реджига;ремонт, окраска и пошив обуви;город Москва, Шарикоподшипниковская улица, дом 32;37.6762941108755000;55.7163040486934000
Дом быта;ремонт, окраска и пошив обуви;город Москва, Шоссейная улица, дом 29, корпус 1;37.7248110000000000;55.6822790000000000
Ремонт обуви;ремонт, окраска и пошив обуви;город Москва, шоссе Энтузиастов, дом 76/1;37.7850952373569000;55.7640362898770000
Дом быта;ремонт, окраска и пошив обуви;город Москва, улица Юных Ленинцев, дом 43/33;37.7525482489529130;55.7013972992928000
РЕМОНТ ОБУВИ;ремонт, окраска и пошив обуви;город Москва, город Зеленоград, корпус 834А;37.1764081585433000;55.9804237438594000
Ремонт Оргтехники;ремонт, окраска и пошив обуви;город Москва, Никулинская улица, дом 23, корпус 1;37.4521300000000000;55.6687540000000000
Ремонт обуви;ремонт, окраска и пошив обуви;город Москва, Ломоносовский проспект, дом 23;37.5356471167713000;55.6912216996661000
Ателье;ремонт, окраска и пошив обуви;город Москва, улица Каховка, дом 37, корпус 1;37.5637928107558780;55.6586343070213450
Ремонт обуви;ремонт, окраска и пошив обуви;город Москва, улица Каховка, дом 37, корпус 1;37.5637928107558780;55.6586343070213450
Ремонт обуви;ремонт, окраска и пошив обуви;город Москва, улица Адмирала Лазарева, дом 36;37.5276514516902000;55.5463380627370000
Бытовые услуги;ремонт, окраска и пошив обуви;город Москва, улица Адмирала Лазарева, дом 35;37.5247224794458000;55.5435944505039000
Ремонт обуви;ремонт, окраска и пошив обуви;город Москва, Венёвская улица, дом 7;37.5465511539705550;55.5468811409837290
Ремонт обуви;ремонт, окраска и пошив обуви;город Москва, улица Академика Анохина, дом 9;37.4731368678686960;55.6595053663204240
Ремонт обуви;ремонт, окраска и пошив обуви;город Москва, Осенняя улица, дом 30;37.4091491666954000;55.7685349399150000
РЕМОНТ ОБУВИ;ремонт, окраска и пошив обуви;город Москва, Пятницкое шоссе, дом 12, корпус 2;37.3864814268167000;55.8407847017623000
РЕМОНТ ОБУВИ;ремонт, окраска и пошив обуви;город Москва, улица Генерала Белобородова, дом 19;37.3575789873318910;55.8356360549682120
Ремонт обуви;ремонт, окраска и пошив обуви;город Москва, улица Лавочкина, дом 34;37.4937922325232410;55.8563039114941730
Ремонт обуви;ремонт, окраска и пошив обуви;город Москва, Коровинское шоссе, дом 23, корпус 1;37.3124000000000000;55.5237000000000000
Ремонт обуви, фото;ремонт, окраска и пошив обуви;город Москва, Каширское шоссе, дом 50, корпус 1;37.6669103903049630;55.6467216494163920
Ремонт «ЭРГОСОФТ»;ремонт, окраска и пошив обуви;город Москва, Большая Декабрьская улица, дом 4;37.5580247865744000;55.7661971427220000
Ремонт обуви;ремонт, окраска и пошив обуви;город Москва, Саратовская улица, дом 22;37.7470152895711660;55.7164228649252640
Ремонт обуви;ремонт, окраска и пошив обуви;город Москва, Весенняя улица, дом 3, корпус 1;37.5157916893775220;55.8720301274010890
Ремонт обуви на Алабяна 13;ремонт, окраска и пошив обуви;город Москва, улица Алабяна, дом 13, корпус 2;37.5065235498958600;55.7990646642898080
Ремонт обуви;ремонт, окраска и пошив обуви;город Москва, Ялтинская улица, дом 2;37.6109233702990620;55.6520129518874500
Ремонт обуви;ремонт, окраска и пошив обуви;город Москва, Лукинская улица, дом 14;37.3412657640161140;55.6468981938291880
Ремонт и химчиска модельной обуви;ремонт, окраска и пошив обуви;город Москва, Нижегородская улица, дом 25;37.6940870093008020;55.7373592414128250
Мастерская по ремонту обуви;ремонт, окраска и пошив обуви;город Москва, Большая Сухаревская площадь, дом 1/2, строение 1;37.6329442487777000;55.7730289955532000
Ремонт обуви;ремонт, окраска и пошив обуви;город Москва, Снайперская улица, дом 8А;37.8110964895147750;55.7224690412365080
РЕМОНТ ОБУВИ;ремонт, окраска и пошив обуви;город Москва, улица Обручева, дом 11;37.5157476914587420;55.6598472345712520
Ремонт обуви;ремонт, окраска и пошив обуви;город Москва, улица Лескова, дом 34;37.6195332037014000;55.8914481631893000
СТАРЫЙ МАСТЕР;ремонт, окраска и пошив обуви;город Москва, Октябрьская улица, дом 70;37.6129944447284000;55.7987623694434000
Ортопедический центр Персей;ремонт, окраска и пошив обуви;город Москва, Уссурийская улица, дом 14, корпус 2;37.8220614420007000;55.8229895675100000
Ремонт обуви;ремонт, окраска и пошив обуви;город Москва, город Зеленоград, площадь Юности, дом 2, строение 1;37.2107415713254000;56.0018609659546340
Ремонт обуви;ремонт, окраска и пошив обуви;город Москва, Булатниковская улица, дом 6, корпус 1;37.6437949999999970;55.5810257070059000
Ремонт, окраска и пошив обуви;ремонт, окраска и пошив обуви;город Москва, город Зеленоград, корпус 1604;37.1510532127447000;55.9755373776968000
РЕМОНТ ОБУВИ;ремонт, окраска и пошив обуви;город Москва, улица Академика Челомея, дом 2А;37.5345918453059890;55.6629305158594790
БАШМАЧКИ;ремонт, окраска и пошив обуви;город Москва, улица Островитянова, дом 32А;37.5229069999999000;55.6331329990000000
Ремонт обуви;ремонт, окраска и пошив обуви;город Москва, Голубинская улица, дом 32, корпус 2;37.5444653419230000;55.5945365192260000
Ремонт обуви;ремонт, окраска и пошив обуви;город Москва, Соловьиный проезд, дом 4;37.5493023422441000;55.6158958403182000
Ремонт обуви;ремонт, окраска и пошив обуви;город Москва, Дегунинская улица, дом 1, корпус 2;37.5400401252762140;55.8633206398856570
Валентина;ремонт, окраска и пошив обуви;город Москва, улица Петровка, дом 26, строение 7;37.6172455838042690;55.7653221850224480
БАДЕН;ремонт, окраска и пошив обуви;город Москва, улица Петровка, дом 2, строение 1;37.6195781920586260;55.7603977345450450
РЕМОНТ ОБУВИ;ремонт, окраска и пошив обуви;город Москва, Полярная улица, дом 10, строение 1;37.6382979379714000;55.8747793507497000
Ремонт обуви;ремонт, окраска и пошив обуви;город Москва, Смольная улица, дом 35, строение 1;37.4813166115982030;55.8611283717265080
Ремонт обуви;ремонт, окраска и пошив обуви;город Москва, Кронштадтский бульвар, дом 47;37.5117955065483600;55.8517676486846000
Ремонт обуви;ремонт, окраска и пошив обуви;город Москва, Боровское шоссе, дом 27;37.3658668837900000;55.6448764506109000
Ремонт обуви;ремонт, окраска и пошив обуви;город Москва, улица Каховка, дом 20, строение 1;37.5677302375703870;55.6581189344149220
Лилия;ремонт, окраска и пошив обуви;город Москва, улица Каховка, дом 20, строение 1;37.5677044247210500;55.6581243512441190
ШАНС 92;ремонт, окраска и пошив обуви;город Москва, Херсонская улица, дом 20, корпус 1;37.5642673360482600;55.6528366415679370
Ремонт обуви;ремонт, окраска и пошив обуви;город Москва, бульвар Яна Райниса, дом 13;37.4334468433388000;55.8494197188361000
Ремонт обуви;ремонт, окраска и пошив обуви;город Москва, улица Фомичёвой, дом 10, строение 1;37.4439197072049840;55.8578973436582590
Ремонт обуви;ремонт, окраска и пошив обуви;город Москва, Химкинский бульвар, дом 19, корпус 3;37.4445054359999860;55.8494894919999750
Ремонт обуви Элит;ремонт, окраска и пошив обуви;город Москва, Строгинский бульвар, дом 1, корпус 2;37.4066119135216000;55.8067517474990000
РЕМОНТ ОБУВИ МАВИ;ремонт, окраска и пошив обуви;город Москва, бульвар Генерала Карбышева, дом 13, корпус 1;37.4698015676564000;55.7815067943788000
Ремонт обуви;ремонт, окраска и пошив обуви;город Москва, город Зеленоград, корпус 233;37.2032648779970860;56.0063062576061630
Ремонт обуви;ремонт, окраска и пошив обуви;город Москва, улица Степана Супруна, дом 9;37.5441684947990000;55.7988277485186000
Ремонт обуви;ремонт, окраска и пошив обуви;город Москва, Волочаевская улица, дом 12А, строение 1А;37.6814224945142000;55.7555728026627000
Ремонт обуви;ремонт, окраска и пошив обуви;город Москва, Вешняковская улица, дом 12Б, строение 1;37.8254923763900170;55.7347814387266710
Ремонт обуви;ремонт, окраска и пошив обуви;город Москва, Вешняковская улица, дом 29А;37.8288029434094280;55.7237678642208180
Ремонт обуви;ремонт, окраска и пошив обуви;город Москва, улица Старый Гай, дом 8Д;37.8255172495853030;55.7402895249131300
Ремонт обуви. Металлоремонт;ремонт, окраска и пошив обуви;город Москва, улица Молостовых, дом 3Б;37.8330960498875000;55.7625453513154000
Ремонт обуви;ремонт, окраска и пошив обуви;город Москва, Паромная улица, дом 7, корпус 5;37.7624470068458390;55.6374595347753670
Ремонт обуви, одежды;ремонт, окраска и пошив обуви;город Москва, Шипиловский проезд, дом 59, корпус 3, строение 2;37.7100258633905700;55.6048146267055330
Ремонт Обуви;ремонт, окраска и пошив обуви;город Москва, Бирюлёвская улица, дом 34;37.6635662085200000;55.5910955482294000
Мастерская;ремонт, окраска и пошив обуви;город Москва, Варшавское шоссе, дом 45;37.6252912886480430;55.6800034218331990
Ремонт обуви;ремонт, окраска и пошив обуви;город Москва, Кантемировская улица, дом 6, корпус 1;37.6776871719916500;55.6378942629552780
РЕМОНТ ОБУВИ;ремонт, окраска и пошив обуви;город Москва, Снежная улица, дом 13, корпус 1;37.6456312611863030;55.8522126025114640
Ремонт обуви;ремонт, окраска и пошив обуви;город Москва, улица Малыгина, дом 20;37.6895629999999000;55.8842240000000000
Дом быта;ремонт, окраска и пошив обуви;город Москва, Малый Сухаревский переулок, дом 9, строение 1;37.6244774929718990;55.7706569879483850
Ремонт обуви;ремонт, окраска и пошив обуви;город Москва, Ярцевская улица, дом 34, корпус 1;37.4193677609629000;55.7425244033015000
Ремонт обуви;ремонт, окраска и пошив обуви;город Москва, Рязанский проспект, дом 75, строение 1;37.7924127401402710;55.7177809413881280
Ремонт обуви;ремонт, окраска и пошив обуви;город Москва, Волгоградский проспект, дом 105;37.7560260000000000;55.7071990000000000
РЕМОНТ ОБУВИ;ремонт, окраска и пошив обуви;город Москва, Шоссейная улица, дом 34, строение 1;37.7227930000000000;55.6827660000000000
Ремонт обуви;ремонт, окраска и пошив обуви;город Москва, улица Рогожский Вал, дом 5, строение 1;37.6795733340274240;55.7446538310325860
Ремонт обуви;ремонт, окраска и пошив обуви;город Москва, Щербаковская улица, дом 58Б;37.7406080650118340;55.7820343191169170
Ремонт обуви к. 1534;ремонт, окраска и пошив обуви;город Москва, город Зеленоград, корпус 1534;37.1539660917343000;55.9828786997527000
ТАРОН ЛТД;ремонт, окраска и пошив обуви;город Москва, Старокачаловская улица, дом 1А;37.5865846170645880;55.5675093109447500
мастерская;ремонт, окраска и пошив обуви;город Москва, проспект Мира, дом 95, строение 2;37.6352380913309000;55.8080786397486000
Shoes and Key;ремонт, окраска и пошив обуви;город Москва, Шереметьевская улица, дом 20;37.6188480000000000;55.8034690000000000
Ремонт обуви (плюс техники);ремонт, окраска и пошив обуви;город Москва, Ярославское шоссе, дом 18, строение 1;37.6850169157274310;55.8555959650824290
Ремонт обуви, изготовление ключей и проч.;ремонт, окраска и пошив обуви;город Москва, Новокосинская улица, владение 32А, строение 1;37.8671850474312280;55.7420336333669080
Ремонт обуви;ремонт, окраска и пошив обуви;город Москва, Вешняковская улица, дом 24Б;37.8175798260516910;55.7203273485744500
Ремонт обуви. Металлоремонт;ремонт, окраска и пошив обуви;город Москва, Челябинская улица, дом 15, сооружение 1;37.8276779876773000;55.7787916858939000
Ремонт Обуви;ремонт, окраска и пошив обуви;город Москва, Люблинская улица, дом 10, строение 1;37.7313189999999920;55.7008987414537630
РЕМОНТ ОБУВИ;ремонт, окраска и пошив обуви;город Москва, улица Шверника, дом 11, корпус 1;37.5867619739572000;55.6929723643653000
Ремонт обуви;ремонт, окраска и пошив обуви;город Москва, Севастопольский проспект, дом 28, корпус 2;37.5782305951467420;55.6647693082766610
Дом быта;ремонт, окраска и пошив обуви;город Москва, Скобелевская улица, дом 1А;37.5572558033909020;55.5505283252460770
Ремонт обуви;ремонт, окраска и пошив обуви;город Москва, бульвар Адмирала Ушакова, дом 18Б;37.5486370550224000;55.5473638331754000
РЕМОНТ ОБУВИ;ремонт, окраска и пошив обуви;город Москва, улица Раменки, дом 25;37.4944135175775000;55.6886635916686000
РЕМОНТ И ПОШИВ ОБУВИ;ремонт, окраска и пошив обуви;город Москва, Мичуринский проспект, дом 9А;37.5080513902469000;55.7011403533635000
Мастерская по ремонту обуви;ремонт, окраска и пошив обуви;город Москва, Ельнинская улица, дом 23;37.4174431857459240;55.7405473770376430
Ремонт обуви;ремонт, окраска и пошив обуви;город Москва, посёлок Рублёво, Советская улица, дом 7, строение 2;37.3533490538564000;55.7846855797351000
Дом быта;ремонт, окраска и пошив обуви;город Москва, Авангардная улица, дом 3;37.4910371668653180;55.8431317305534660
Ремонт обуви;ремонт, окраска и пошив обуви;город Москва, Часовая улица, дом 16, строение 18;37.5305620000000000;55.8086390000000000
Мастерская бытовых услуг;ремонт, окраска и пошив обуви;город Москва, город Зеленоград, корпус 1608;37.1498569475246000;55.9738444139924000
Ремонт обуви;ремонт, окраска и пошив обуви;город Москва, Харьковская улица, дом 4, корпус 3;37.6493730000000000;55.5876820000000000
Ремонт обуви;ремонт, окраска и пошив обуви;город Москва, улица Красного Маяка, дом 16А;37.5825214977032120;55.6136565501674480
Ремонт обуви и металлоизделий;ремонт, окраска и пошив обуви;город Москва, улица Академика Янгеля, дом 6, корпус 1;37.5921859999999910;55.5960957113161950
Ремонт обуви;ремонт, окраска и пошив обуви;город Москва, Медынская улица, дом 2, корпус 1, строение 2;37.6466771589349000;55.5914284559637000
Ремонт обуви;ремонт, окраска и пошив обуви;город Москва, Булатниковский проезд, дом 14, корпус 7;37.6576038908287960;55.5808752264398860
Ремонт обуви, изготовление ключей, замена батареек;ремонт, окраска и пошив обуви;город Москва, Балаклавский проспект, дом 5А;37.6079409263386000;55.6406078790604000
Ремонт обуви;ремонт, окраска и пошив обуви;город Москва, Чертановская улица, владение 60, корпус 1А;37.5876123774939970;55.6010548497791750
Ремонт обуви;ремонт, окраска и пошив обуви;город Москва, Ореховый бульвар, дом 14, корпус 3;37.7199734832938060;55.6096982298688970
Ремонт обуви, металлоремонт;ремонт, окраска и пошив обуви;город Москва, Бирюлёвская улица, владение 29Б;37.6643884693975660;55.5921804806158520
Ремонт обуви;ремонт, окраска и пошив обуви;город Москва, улица Маршала Захарова, дом 2;37.7071086797731210;55.6239860012552750
EURO SHOES SERVICE;ремонт, окраска и пошив обуви;город Москва, улица Вавилова, дом 3;37.5921642275059470;55.7069345700284020
Ремонт обуви;ремонт, окраска и пошив обуви;город Москва, Воронежская улица, дом 44, корпус 1А;37.7482224133755010;55.6101562835786180
Ремонт обуви;ремонт, окраска и пошив обуви;город Москва, улица Шолохова, дом 5, корпус 2;37.3544550245509230;55.6367621456531860
МастерОК;ремонт, окраска и пошив обуви;город Москва, Новослободская улица, дом 4;37.6014778572981000;55.7799512166482150
Ремонт обуви;ремонт, окраска и пошив обуви;"город Москва, поселение Вороновское, посёлок ЛМС, микрорайон ""Центральный"", дом 10";37.1753840000000010;55.3142179999999970
Мастерская по ремонту обуви;ремонт, окраска и пошив обуви;город Москва, поселение Новофедоровское, деревня Яковлевское, Дорожная улица, дом 32, строение 1;37.6117609999999940;55.5910217098642860
Ремонт обуви;ремонт, окраска и пошив обуви;город Москва, поселение Киевский, рабочий посёлок Киевский, дом 18А;36.8676280000000000;55.4310350000000000
Ремонт обуви;ремонт, окраска и пошив обуви;город Москва, поселение Первомайское, посёлок Птичное, Центральная улица, дом 99, строение 1;37.2167440000000000;55.5216340000000000
Ремонт обуви;ремонт, окраска и пошив обуви;"город Москва, город Троицк, микрорайон ""В"", дом 37";37.3066250000000000;55.4858340000000000
Ремонт обуви;ремонт, окраска и пошив обуви;"город Москва, город Троицк, микрорайон ""В"", дом 37";37.2980691689999730;55.4918125319999830
Ремонт обуви;ремонт, окраска и пошив обуви;город Москва, Коломенская улица, дом 19, корпус 2;37.6968013934659890;55.6776166452868750
Ремонт элитной обуви Le Buff;ремонт, окраска и пошив обуви;город Москва, 1-й Смоленский переулок, дом 9, строение 1;37.5790890000000000;55.5790890000000000
Ремонт обуви;ремонт, окраска и пошив обуви;город Москва, улица Борисовские Пруды, дом 10, корпус 5;37.7412128153000030;55.6336204952666760
Ремонт обуви;ремонт, окраска и пошив обуви;город Москва, Каширское шоссе, дом 142, корпус 1;37.7232772516398360;55.5973209962496780
Ремонт обуви;ремонт, окраска и пошив обуви;город Москва, Ленинградский проспект, дом 74, корпус 1;37.5168680354483970;55.8051097351257040
Ремонт обуви, изготовление ключей;ремонт, окраска и пошив обуви;город Москва, Таллинская улица, дом 26;37.4075021986947720;55.7998059407832300
Ремонт обуви и ключей;ремонт, окраска и пошив обуви;город Москва, улица Санникова, дом 17, строение 2;37.5988695987661570;55.8629443360777960
Ремонт обуви;ремонт, окраска и пошив обуви;город Москва, Бибиревская улица, дом 10, корпус 2;37.6025244108084000;55.8814396571795270
Ателье «StreetBerries»;ремонт, окраска и пошив обуви;город Москва, улица Заморёнова, дом 9, строение 1;37.5722635708702840;55.7595901295308420
Дом быта;ремонт, окраска и пошив обуви;город Москва, поселение Сосенское, посёлок Коммунарка, улица Липовый Парк, дом 5, корпус 2;37.4927690000000000;55.5686800000000000
Мастерская «Ремонт обуви»;ремонт, окраска и пошив обуви;город Москва, микрорайон Северное Чертаново, корпус 208;37.6037347957650070;55.6390953619189800
Ремонт обуви;ремонт, окраска и пошив обуви;город Москва, улица Академика Комарова, дом 1А;37.5996450344477890;55.8292376189378880
Ремонт обуви;ремонт, окраска и пошив обуви;город Москва, Скобелевская улица, дом 14;37.5542244241701790;55.5491010460265290
Ремонтная мастерская;ремонт, окраска и пошив обуви;город Москва, улица Маршала Федоренко, дом 12;37.4888471649306250;55.8817253120090030
РЕМОНТНАЯ МАСТЕРСКАЯ;ремонт, окраска и пошив обуви;город Москва, улица Авиаторов, дом 18;37.5347232863246560;55.5134667667991340
Ремонт обуви;ремонт, окраска и пошив обуви;город Москва, Каширское шоссе, дом 57, корпус 6;37.6968862939725820;55.6387379064657710
Ремонт обуви Stivalli;ремонт, окраска и пошив обуви;город Москва, улица Каховка, дом 27;37.5720450183943340;55.6554289812548930
Ремонт обуви;ремонт, окраска и пошив обуви;город Москва, город Троицк, Солнечная улица, дом 9;37.2902290000000000;55.4691980000000000
Ремонт обуви;ремонт, окраска и пошив обуви;город Москва, Зелёный проспект, дом 23/43;37.7855749882073440;55.7513849598683680
Дом быта;ремонт, окраска и пошив обуви;город Москва, Воронежская улица, дом 9;37.7294685768640430;55.6103689217614700
Ремонт Обуви;ремонт, окраска и пошив обуви;город Москва, улица Маршала Захарова, дом 16, корпус 2;37.6981015430207120;55.6215930893207830
Ремонт обуви;ремонт, окраска и пошив обуви;город Москва, Перовская улица, дом 35;37.7766945389296110;55.7465910660293530
Ремонт обуви;ремонт, окраска и пошив обуви;город Москва, шоссе Энтузиастов, дом 31;37.7500161576723270;55.7592541755731190
Ремонт телефонов,планшетов;ремонт, окраска и пошив обуви;город Москва, Дубнинская улица, дом 12Б, строение 1;37.5722612493720620;55.8659228183031970
Ремонт обуви;ремонт, окраска и пошив обуви;город Москва, Дубнинская улица, дом 12Б, строение 1;37.5722612493720620;55.8659228183031970
Ремонт обуви;ремонт, окраска и пошив обуви;город Москва, Дубнинская улица, дом 12Б, строение 1;37.5722612493720620;55.8659228183031970
Дом быта;ремонт, окраска и пошив обуви;город Москва, Большая Академическая улица, дом 4;37.5236630607591910;55.8176355446314570
Дом быта;ремонт, окраска и пошив обуви;город Москва, проспект Андропова, дом 17, корпус 1;37.6670071746715320;55.6823027000058630
Ремонт «Обуви»;ремонт, окраска и пошив обуви;город Москва, Васильевская улица, дом 3;37.5855310000000030;55.7704737616173530
Ателье;ремонт, окраска и пошив обуви;город Москва, Волгоградский проспект, дом 119/22;37.7644327722103130;55.7064604869261610
Ремонт обуви;ремонт, окраска и пошив обуви;город Москва, Востряковский проезд, дом 15, корпус 5;37.6483586899605670;55.5764003175120320
Дом быта;ремонт, окраска и пошив обуви;город Москва, Гурьевский проезд, дом 25, корпус 1;37.7548428841291250;55.6079541766888850
Ремонт обуви;ремонт, окраска и пошив обуви;город Москва, проспект Маршала Жукова, дом 21;37.4870289896286480;55.7752841761051810
Ремонт обуви;ремонт, окраска и пошив обуви;город Москва, Свободный проспект, дом 18;37.8167576287629220;55.7524268151084430
Ремонт обуви;ремонт, окраска и пошив обуви;город Москва, Нагорная улица, дом 30, корпус 1;37.5972591975555090;55.6755667623523250
Ремонт обуви;ремонт, окраска и пошив обуви;город Москва, улица Шаболовка, дом 30/12;37.6086409999999990;55.7191127467203270
Ремонт обуви;ремонт, окраска и пошив обуви;город Москва, Федеративный проспект, дом 16, корпус 1;37.8062174188003370;55.7558171974478540
Ремонт обуви, металлоремонт;ремонт, окраска и пошив обуви;город Москва, Ангарская улица, дом 6;37.5130969999999880;55.8720037912654350
Ремонт обуви;ремонт, окраска и пошив обуви;город Москва, Святоозерская улица, дом 24;37.8931644919008480;55.7109808308907400
Ремонт обуви;ремонт, окраска и пошив обуви;город Москва, Перовская улица, дом 66, корпус 5;37.7989615760914570;55.7431976989065060
Ремонт Обуви;ремонт, окраска и пошив обуви;город Москва, Совхозная улица, дом 41;37.7603159999999960;55.6743267337858190
Ремонт обуви;ремонт, окраска и пошив обуви;город Москва, улица Газопровод, дом 15;37.6126678103954500;55.5892933659278160
Сапожок;ремонт, окраска и пошив обуви;город Москва, Россошанская улица, дом 4, корпус 1;37.6110471835378420;55.5933601886316000
Ремонт одежды;ремонт, окраска и пошив обуви;город Москва, поселение Десеновское, Нововатутинский проспект, дом 11;37.3479130000000130;55.5192186893892980
Ремонт обуви;ремонт, окраска и пошив обуви;город Москва, улица Новаторов, дом 40, корпус 16;37.5192424859446090;55.6634289746931050
Ремонт обуви;ремонт, окраска и пошив обуви;город Москва, Профсоюзная улица, дом 128, корпус 3;37.5147333072810200;55.6306368173071490
Ремонт обуви;ремонт, окраска и пошив обуви;город Москва, улица Лескова, дом 30, строение 2;37.6187139314329290;55.8918198495857510
Ремонт обуви;ремонт, окраска и пошив обуви;город Москва, Мичуринский проспект, дом 47;37.4819002473072590;55.6872393659858390
Ремонт обуви;ремонт, окраска и пошив обуви;город Москва, Попутная улица, дом 6;37.3867404320381520;55.6544323399564860
Ремонт обуви.Изготовление ключей;ремонт, окраска и пошив обуви;город Москва, микрорайон Северное Чертаново, корпус 823;37.5966026557473680;55.6362701538503400
Ремонт обуви;ремонт, окраска и пошив обуви;город Москва, проезд Якушкина, дом 7;37.6110739999999950;55.8610237880463460
Ремонт обуви;ремонт, окраска и пошив обуви;город Москва, улица Пришвина, дом 13;37.6008689999999890;55.8886067961389510
Ремонт обуви;ремонт, окраска и пошив обуви;город Москва, проспект Вернадского, дом 86Б;37.4815109541640790;55.6616171558743670
Ремонт обуви и одежды;ремонт, окраска и пошив обуви;город Москва, улица Зои и Александра Космодемьянских, дом 11, строение 1;37.5113502210788920;55.8214952565291260
Ремонт обуви;ремонт, окраска и пошив обуви;город Москва, улица Красного Маяка, дом 15А, строение 1;37.5797735070875020;55.6084219033078850
Ремонт обуви;ремонт, окраска и пошив обуви;город Москва, Востряковский проезд, дом 7, корпус 2А;37.6426391263403770;55.5810027430210810
Ремонт обуви;ремонт, окраска и пошив обуви;город Москва, Криворожская улица, дом 27;37.6083266087107260;55.6686998811440220
Ремонт обуви;ремонт, окраска и пошив обуви;город Москва, Столярный переулок, дом 3, корпус 6;37.5716043759213180;55.7647607693678540
РЕМОНТ ОБУВИ;ремонт, окраска и пошив обуви;"город Москва, поселение ""Мосрентген"", посёлок Завода Мосрентген, дом 37";37.4749860000000000;55.6226700000000000
Ремонт обуви;ремонт, окраска и пошив обуви;город Москва, Бирюлёвская улица, дом 21, корпус 1;37.6641380000000010;55.5941537107604090
Ремонт обуви;ремонт, окраска и пошив обуви;город Москва, Головинское шоссе, дом 4;37.4895169999999920;55.8390027815996250
Ремонт одежлы и обуви;ремонт, окраска и пошив обуви;город Москва, Загородное шоссе, дом 6, корпус 1;37.6063550000000080;55.6943687395676930
Бытовые услуги;ремонт, окраска и пошив обуви;город Москва, Университетский проспект, дом 23, корпус 1;37.5193769999999990;55.7151567455757330
Ремонт обуви SHOE BRUSH;ремонт, окраска и пошив обуви;город Москва, проспект 60-летия Октября, дом 21, корпус 1;37.5767510000000090;55.6922297389501250
Ремонт обуви;ремонт, окраска и пошив обуви;город Москва, Селигерская улица, дом 18, корпус 3;37.5532189999999840;55.8669567897853770
Ремонт обуви;ремонт, окраска и пошив обуви;город Москва, Загорьевская улица, дом 1, корпус 1;37.6740420000000000;55.5816877071951080
Ремонт обуви;ремонт, окраска и пошив обуви;город Москва, Солнцевский проспект, дом 21;37.4117160000000060;55.6469757259120710
Ремонт обуви.Металлоремонт;ремонт, окраска и пошив обуви;город Москва, Михневская улица, владение 21А;37.6675580000000000;55.5797517066417800
Милитори;ремонт, окраска и пошив обуви;город Москва, поселение Сосенское, улица Александры Монаховой, дом 103;37.4933260000000000;55.5409240000000000
Ремонт обуви;ремонт, окраска и пошив обуви;город Москва, Варшавское шоссе, дом 71, корпус 1;37.6201990000000000;55.6605157298075210
Дом быта;ремонт, окраска и пошив обуви;город Москва, Гурьевский проезд, дом 25, корпус 1;37.7549540000000050;55.6079647147150740
Ремонт одежды и обуви;ремонт, окраска и пошив обуви;город Москва, Кировоградская улица, дом 9, корпус 2;37.6110839999999840;55.6236567192142960
РЕМОНТ ОБУВИ;ремонт, окраска и пошив обуви;город Москва, улица Коминтерна, дом 4;37.6754449999999890;55.8609117880135240
Ремонт обуви;ремонт, окраска и пошив обуви;город Москва, улица Серпуховский Вал, дом 6;37.6181340000000050;55.7121967447195700
Ремонт обуви;ремонт, окраска и пошив обуви;город Москва, Паромная улица, дом 7, корпус 5;37.7624849999999980;55.6374617231777360
Ремонт обуви;ремонт, окраска и пошив обуви;город Москва, Елецкая улица, дом 35, корпус 2А;37.7407789999999960;55.6027147132112060
Ремонт обуви;ремонт, окраска и пошив обуви;город Москва, Осенний бульвар, дом 12, корпус 8;37.4137560000000060;55.7594167584045830
РЕМОНТ ОБУВИ, АТЕЛЬЕ;ремонт, окраска и пошив обуви;город Москва, Анадырский проезд, дом 17;37.6825649999999830;55.8640557889349620
РЕМОНТ ОБУВИ;ремонт, окраска и пошив обуви;город Москва, улица Менжинского, дом 32;37.6665999999999880;55.8695977905598010
Ремонт обуви, ателье;ремонт, окраска и пошив обуви;город Москва, Рязанский проспект, дом 30, корпус 2;37.7838299999999950;55.7181777464497690
Дом быта;ремонт, окраска и пошив обуви;город Москва, улица Миклухо-Маклая, дом 18, корпус 2;37.5194479999999970;55.6448487253005550
Ремонт обуви;ремонт, окраска и пошив обуви;город Москва, Краснодонская улица, дом 7/1, строение 1;37.7517520000000030;55.6841157366085330
Мастерская №1;ремонт, окраска и пошив обуви;город Москва, Большая Тульская улица, дом 13;37.6221070000000000;55.7087727437294760
Дом быта;ремонт, окраска и пошив обуви;город Москва, Чертановская улица, дом 43, корпус 6;37.5938349999999990;55.6081357147640670
Ремонт обуви;ремонт, окраска и пошив обуви;город Москва, Пролетарский проспект, дом 24Б;37.6587600000000080;55.6325947217798530
Ремонт обуви;ремонт, окраска и пошив обуви;город Москва, улица Маршала Малиновского, дом 8;37.4932390000000030;55.7925397680383530
РЕМОНТ ОБУВИ;ремонт, окраска и пошив обуви;город Москва, улица Ирины Левченко, дом 1;37.4911576593283000;55.7885193675326000
Ремонт обуви;ремонт, окраска и пошив обуви;город Москва, Авиационная улица, дом 66;37.4604179999999970;55.8098687730897250
Рестоврация и пошив обуви;ремонт, окраска и пошив обуви;город Москва, 1-й Новокузнецкий переулок, дом 5-7;37.6322439999999930;55.7346987512338070
Ремонт обуви;ремонт, окраска и пошив обуви;город Москва, Октябрьская улица, дом 69;37.6121930000000120;55.7947567686841810
Дом Быта;ремонт, окраска и пошив обуви;город Москва, улица Юных Ленинцев, дом 59, корпус 1;37.7621910000000010;55.7011637415303300
Дом быта (ателье, ремонт одежды, металлоремонт);ремонт, окраска и пошив обуви;город Москва, Совхозная улица, дом 49;37.7620799999999970;55.6783627349493240
Мастерская по ремонту обуви;ремонт, окраска и пошив обуви;город Москва, Тихвинская улица, дом 20;37.6007299999999840;55.7905727674654630
Изготовение ключей;ремонт, окраска и пошив обуви;город Москва, поселение Сосенское, улица Александры Монаховой, дом 97;37.4899970000000000;55.5406090000000000
Ремонт обуви;ремонт, окраска и пошив обуви;город Москва, Новочеркасский бульвар, дом 10, корпус 1;37.7155419999999990;55.6466317258131650
Ремонт обуви;ремонт, окраска и пошив обуви;город Москва, Шипиловский проезд, дом 43, корпус 2;37.6991473226982660;55.6113409109596550
SS обувь;ремонт, окраска и пошив обуви;город Москва, улица Бахрушина, дом 28;37.6369210000000010;55.7324827505917000
Ремонт обуви;ремонт, окраска и пошив обуви;город Москва, Новочеркасский бульвар, дом 43;37.7380259999999980;55.6483587263097590
Ремонт обуви, металлоремонт;ремонт, окраска и пошив обуви;город Москва, Суздальская улица, дом 26, корпус 2;37.8614789999999960;55.7433447537402530
Ремонт обуви;ремонт, окраска и пошив обуви;город Москва, Сухонская улица, дом 15, строение 2;37.6554375460665160;55.8807429866163260
Ателье;ремонт, окраска и пошив обуви;город Москва, улица Грина, дом 11Б;37.5666694787018900;55.5669075454400170
Ремонт обуви;ремонт, окраска и пошив обуви;город Москва, Жулебинский бульвар, дом 9;37.8488629999999940;55.6977457405429420
Ремонт обуви;ремонт, окраска и пошив обуви;город Москва, улица Генерала Кузнецова, дом 15, корпус 1;37.8589790000000050;55.6867837373782920
Ремонт обуви;ремонт, окраска и пошив обуви;город Москва, улица Перерва, дом 56/2;37.7490819999999940;55.6582397291523990
Ремонт одежды и обуви;ремонт, окраска и пошив обуви;город Москва, Братиславская улица, дом 14;37.7543959999999930;55.6592287294370610
Ремонт обуви, одежды;ремонт, окраска и пошив обуви;город Москва, Балаклавский проспект, дом 5А;37.6083790000000140;55.6402357239747540
Ремонтная мастерская;ремонт, окраска и пошив обуви;город Москва, Варшавское шоссе, дом 87Б;37.6206190000000050;55.6536947278445520
Ремонт обуви, кожгалантереи. Изготовление ключей;ремонт, окраска и пошив обуви;город Москва, Чертановская улица, дом 9, строение 1;37.5998090000000080;55.6286467206463510
Ремонт обуви;ремонт, окраска и пошив обуви;город Москва, Боровское шоссе, дом 6;37.4025350000000000;55.6590157293757530
Ремонт обуви;ремонт, окраска и пошив обуви;Российская Федерация, город Москва, внутригородская территория муниципальный округ Перово, 2-я Владимирская улица, дом 38/18;37.7842989999999900;55.7502927557558510
Служба быта;ремонт, окраска и пошив обуви;город Москва, улица Гришина, дом 15;37.4164859999999990;55.7230067478473930
Ремонт обуви;ремонт, окраска и пошив обуви;город Москва, улица Декабристов, дом 21;37.6076430000000240;55.8639657889085730
Ремонт обуви;ремонт, окраска и пошив обуви;город Москва, улица Коновалова, дом 12;37.7635339999999930;55.7307747500968770
Ремонт обуви;ремонт, окраска и пошив обуви;город Москва, 3-й Новомихалковский проезд, дом 9;37.5386040000000210;55.8390447816119250
Recaromaster;ремонт, окраска и пошив обуви;город Москва, улица Большая Полянка, дом 4/10;37.6158819999999990;55.7410587530773470
Ремонт обуви;ремонт, окраска и пошив обуви;город Москва, Рождественский бульвар, дом 22/23, строение 1;37.6304939999999920;55.7662597603925510
Ремонт обуви, изготовление ключей, ремонт одежды;ремонт, окраска и пошив обуви;город Москва, Сумская улица, дом 8, корпус 1;37.6022639999999980;55.6246907195109940
Ремонт обуви;ремонт, окраска и пошив обуви;Российская Федерация, город Москва, внутригородская территория муниципальный округ Выхино-Жулебино, Ташкентская улица, дом 12/20;37.8163470000000000;55.7047307425610750
Ремонт обуви;ремонт, окраска и пошив обуви;город Москва, Чертановская улица, дом 54, корпус 1;37.5887570000000010;55.6031997133500940
Мастерская;ремонт, окраска и пошив обуви;город Москва, улица Фомичёвой, дом 8;37.4445950000000140;55.8580277871685310
Ремонт обуви;ремонт, окраска и пошив обуви;город Москва, Луговой проезд, дом 2;37.7508821317848130;55.6511831820925520
Ремонт обуви;ремонт, окраска и пошив обуви;город Москва, Новомарьинская улица, дом 15;37.7639990000000050;55.6573377288927990
Каблучок;ремонт, окраска и пошив обуви;город Москва, улица Трофимова, дом 18А;37.6727709999999900;55.7025717419371560
Дом быта Shoes & Key;ремонт, окраска и пошив обуви;город Москва, Тушинская улица, дом 16;37.4449049999999910;55.8274627782262340
Ремонт обуви;ремонт, окраска и пошив обуви;город Москва, улица Паустовского, дом 2/34;37.5414320000000070;55.6031957133489600
Ремонт обуви;ремонт, окраска и пошив обуви;город Москва, Кантемировская улица, дом 7, корпус 1;37.6727130000000020;55.6358477227141040
Ремонт обуви;ремонт, окраска и пошив обуви;город Москва, Таганская улица, дом 40, строение 2;37.6666789999999950;55.7385597523528560
Ремонт обуви;ремонт, окраска и пошив обуви;город Москва, Кантемировская улица, дом 58;37.6445210000000050;55.6394907237606730
Ремонт обуви;ремонт, окраска и пошив обуви;город Москва, Алтуфьевское шоссе, дом 22Б;37.5854479999999920;55.8610437880522070
Мосортопедия;ремонт, окраска и пошив обуви;город Москва, Большая Семёновская улица, дом 28;37.7069660000000080;55.7818117649150410
Ремонт обуви;ремонт, окраска и пошив обуви;город Москва, улица Чугунные Ворота, дом 21, корпус 4, строение 2;37.8067530000000000;55.6942617395368060
Ремонт обуви, металлоремонт;ремонт, окраска и пошив обуви;город Москва, Волочаевская улица, дом 12А, строение 1;37.6813950000000160;55.7555897572933290
Euro Shoe Service;ремонт, окраска и пошив обуви;город Москва, шоссе Энтузиастов, дом 12, корпус 2;37.7068480000000010;55.7474497549309550
Ремонт обуви;ремонт, окраска и пошив обуви;город Москва, Литовский бульвар, дом 15, корпус 1, строение 3;37.5472959999999890;55.6085157148729440
Мастерская по ремонту обуви «ТОРУ»;ремонт, окраска и пошив обуви;город Москва, Озёрная улица, дом 42;37.4455939999999790;55.6710027328278870
Ремонт обуви, изготовление ключей;ремонт, окраска и пошив обуви;город Москва, Нежинская улица, дом 6, корпус 1;37.4707169999999930;55.7096037439697440
Ремонт обуви;ремонт, окраска и пошив обуви;город Москва, Кастанаевская улица, дом 54, корпус 3;37.4679955249106000;55.7356095161060000
Ремонт обуви;ремонт, окраска и пошив обуви;город Москва, Часовая улица, дом 16, строение 18;37.5304630000000050;55.8085687727105010
Ремонт обуви;ремонт, окраска и пошив обуви;город Москва, Дубнинская улица, дом 12Б, строение 1;37.5724099999999910;55.8654877893547170
Металлоремонт и мастерская по ремонту обуви;ремонт, окраска и пошив обуви;город Москва, улица Миклухо-Маклая, дом 36А;37.5328919999999900;55.6401297239442980
Дом быта;ремонт, окраска и пошив обуви;город Москва, Давыдковская улица, дом 8, корпус 1;37.4744889999999980;55.7223107476459060
ДОМ БЫТА «Мастерская у Саши»;ремонт, окраска и пошив обуви;город Москва, Чертановская улица, дом 9, строение 2;37.6006750000000030;55.6290087207502710
Ремонт обуви;ремонт, окраска и пошив обуви;город Москва, переулок Сивцев Вражек, дом 6/2;37.5980890000000020;55.7474487549306520
Бытовые услуги и ремонт;ремонт, окраска и пошив обуви;город Москва, улица Боженко, дом 8, корпус 4;37.4083040000000010;55.7307407500870300
Ремонт обуви;ремонт, окраска и пошив обуви;город Москва, Кировоградская улица, владение 22Г;37.6045479999999940;55.6147087166479390
Ремонт обуви;ремонт, окраска и пошив обуви;город Москва, Кировоградская улица, владение 15А;37.6035430000000160;55.6099527152847200
Ремонт обуви;ремонт, окраска и пошив обуви;город Москва, улица Винокурова, дом 15, корпус 1;37.5927090000000060;55.6866287373335780
Ремонт обуви;ремонт, окраска и пошив обуви;город Москва, Волгоградский проспект, дом 119/22;37.7644599999999930;55.7064737430648620
Дом быта «Мастер минутка»;ремонт, окраска и пошив обуви;город Москва, улица Борисовские Пруды, дом 26, корпус 2;37.7591259999999950;55.6389497236052290
Antonio Shoes, салон-ателье;ремонт, окраска и пошив обуви;город Москва, Летниковская улица, дом 11/10, строение 13;37.6468819999999980;55.7260167487188620
Мастерская Shoe Brush;ремонт, окраска и пошив обуви;город Москва, Пресненская набережная, дом 6, строение 2;37.5401840000000110;55.7482077551508720
Ремонт обуви;ремонт, окраска и пошив обуви;город Москва, Коровинское шоссе, дом 13, корпус 1;37.5337930000000030;55.8696847905853100
РЕСТАВРАЦИЯ ОДЕЖДЫ И ОБУВИ;ремонт, окраска и пошив обуви;город Москва, проспект Мира, дом 131, корпус 2;37.6515109999999920;55.8321037795824820
Ремонт обуви;ремонт, окраска и пошив обуви;город Москва, Новоясеневский проспект, дом 22, корпус 1;37.5276428589944000;55.6066066784628000
Ремонт обуви;ремонт, окраска и пошив обуви;город Москва, переулок Орлово-Давыдовский, дом 1;37.6374479999999990;55.7840757655739310
Ремонт обуви;ремонт, окраска и пошив обуви;город Москва, улица Рокотова, дом 1/12;37.5558350000000020;55.6109157155607010
Ремонт обуви;ремонт, окраска и пошив обуви;город Москва, Чертановская улица, дом 2/11;37.6015330000000110;55.6333077219846000
Ремонт обуви;ремонт, окраска и пошив обуви;город Москва, Чертановская улица, дом 42, корпус 1;37.5907910000000030;55.6110567156011090
Ремонт часов;ремонт, окраска и пошив обуви;город Москва, Новочеркасский бульвар, дом 20, корпус 1;37.7194590000000080;55.6457867255702330
РЕМОНТ ОБУВИ;ремонт, окраска и пошив обуви;город Москва, Пятницкое шоссе, дом 37;37.3571380601949000;55.8542765286858000
РЕМОНТ ОБУВИ;ремонт, окраска и пошив обуви;город Москва, Митинская улица, дом 42;37.3591658102103000;55.8481214635660000
Ремонт обуви;ремонт, окраска и пошив обуви;город Москва, Южнопортовая улица, дом 18;37.6848140000000030;55.7062187429911620
Ремонт обуви;ремонт, окраска и пошив обуви;город Москва, улица Фёдора Полетаева, дом 40;37.7931450000000100;55.7070877432423540
Ремонт обуви;ремонт, окраска и пошив обуви;город Москва, Елецкая улица, дом 13;37.7336619999999950;55.6079737147176590
Ремонт обуви;ремонт, окраска и пошив обуви;город Москва, Братеевская улица, дом 21, корпус 3;37.7542240000000010;55.6321017216382860
Ремонт обуви;ремонт, окраска и пошив обуви;город Москва, улица Дмитриевского, дом 1;37.8805720000000080;55.7112507444459910
Ателье, ремонт обуви;ремонт, окраска и пошив обуви;город Москва, Окская улица, дом 3, корпус 1;37.7544890000000070;55.7125877448326530
Мастерская № 1;ремонт, окраска и пошив обуви;город Москва, улица Поляны, дом 5;37.5544149999999990;55.5565287000118250
Penny Yard;ремонт, окраска и пошив обуви;город Москва, улица Гашека, дом 2, строение 1;37.5887690000000130;55.7679547608851680
Ремонт обуви;ремонт, окраска и пошив обуви;город Москва, город Зеленоград, корпус 431А;37.2032648779970860;56.0063062576061630
РЕМОНТ ОДЕЖДЫ И ОБУВИ;ремонт, окраска и пошив обуви;город Москва, улица Рогова, дом 15, корпус 1;37.4578711019588000;55.7957791194544000
Мастерская;ремонт, окраска и пошив обуви;город Москва, Балаклавский проспект, дом 2, корпус 4;37.6188450000000000;55.6423277245759490
Ремонт обуви;ремонт, окраска и пошив обуви;город Москва, Соловьиный проезд, дом 18А;37.5560750000000070;55.6051857139189350
Ремонт обуви;ремонт, окраска и пошив обуви;город Москва, Путевой проезд, дом 14, корпус 2;37.5782000000000240;55.8747407920683510
Ремонт обуви;ремонт, окраска и пошив обуви;город Москва, улица Санникова, дом 17, строение 2;37.5987429999999920;55.8629147886005270
Ремонт обуви;ремонт, окраска и пошив обуви;город Москва, улица Куусинена, дом 5;37.5157560000000250;55.7792777641777490
Ремонт обуви;ремонт, окраска и пошив обуви;город Москва, Вильнюсская улица, дом 5;37.5230770000000150;55.6037897135190920
Ремонт обуви, изготовление ключей;ремонт, окраска и пошив обуви;город Москва, Палехская улица, дом 131;37.7091939999999890;55.8750407921563620
Ателье;ремонт, окраска и пошив обуви;город Москва, Елецкая улица, дом 11, корпус 1;37.7334680000000090;55.6084067148417200
Ремонт обуви;ремонт, окраска и пошив обуви;город Москва, Гурьевский проезд, дом 21, корпус 1;37.7526999999999970;55.6067517143675260
Ремонт обуви;ремонт, окраска и пошив обуви;город Москва, Ключевая улица, дом 10, корпус 3;37.7606639303861090;55.6326274467631450
Ремонт обуви;ремонт, окраска и пошив обуви;город Москва, Литовский бульвар, дом 22;37.5376012255673150;55.6119359883385440
Дом быта;ремонт, окраска и пошив обуви;город Москва, Скобелевская улица, дом 4;37.5541820000000040;55.5509866984316930
Ремонт обуви;ремонт, окраска и пошив обуви;город Москва, улица Лескова, дом 19А, строение 2;37.6167519999999980;55.8942197977881460
Ремонт обуви, изготовление ключей;ремонт, окраска и пошив обуви;город Москва, Сумская улица, дом 2/12;37.6079500000000020;55.6236327192074070
Ремонт обуви;ремонт, окраска и пошив обуви;город Москва, улица Ремизова, дом 8;37.5988539999999890;55.6771467345987290
Ремонт обуви;ремонт, окраска и пошив обуви;город Москва, Шипиловская улица, дом 41, корпус 1;37.7377329999999990;55.6224027188545310
Мультисервис;ремонт, окраска и пошив обуви;город Москва, улица Генерала Кузнецова, дом 12;37.8588019999999900;55.6907787385312640
Ремонт обуви;ремонт, окраска и пошив обуви;город Москва, улица Руднёвка, дом 9;37.8832330000000040;55.7159177457958990
Master;ремонт, окраска и пошив обуви;город Москва, улица Сергия Радонежского, дом 23-25, строение 1;37.6783640000000090;55.7470317548096760
Ремонт обуви;ремонт, окраска и пошив обуви;город Москва, Ореховый бульвар, дом 15;37.7201229999999940;55.6126677160628520
Дом быта;ремонт, окраска и пошив обуви;город Москва, Коломенская улица, дом 17;37.6974079999999890;55.6783187349366320
Ремонт обуви;ремонт, окраска и пошив обуви;город Москва, 1-я Новокузьминская улица, дом 19;37.7910299999999920;55.7145977454140250
Ремонт обуви. металлоремонт;ремонт, окраска и пошив обуви;город Москва, 1-я Останкинская улица, дом 53;37.6321029999999940;55.8244367773422430
Ремонт обуви;ремонт, окраска и пошив обуви;город Москва, 1-я Квесисская улица, дом 18;37.5784420000000100;55.7942827685460760
Ремонт обуви;ремонт, окраска и пошив обуви;город Москва, Борисовская улица, дом 21;37.7356150000000100;55.7894527671393160
Ремонт обуви;ремонт, окраска и пошив обуви;город Москва, 5-я Кожуховская улица, дом 18, корпус 1;37.6731290000000030;55.7049147426142430
Ремонт обуви;ремонт, окраска и пошив обуви;город Москва, Кустанайская улица, дом 9, корпус 1;37.7545330000000020;55.6184527177214960
Ремонт обуви;ремонт, окраска и пошив обуви;город Москва, поселение Десеновское, 1-я Ватутинская улица, дом 17;37.3249489999999970;55.5015496843712910
Мастерская, ремонт обуви;ремонт, окраска и пошив обуви;город Москва, проспект Будённого, дом 23;37.7282120000000060;55.7710867617955730
Ремонт, окраска и пошив обуви;ремонт, окраска и пошив обуви;город Москва, улица Медиков, дом 16;37.6774352788925200;55.6332168371060050
Мастерская по ремонту обуви;ремонт, окраска и пошив обуви;город Москва, Очаковское шоссе, дом 6, корпус 2;37.4569509999999890;55.6980857406411470
Sneakers Can't Wait;ремонт, окраска и пошив обуви;город Москва, Старая Басманная улица, дом 12, строение 5;37.6606660000000130;55.7643067598250610
Ателье;ремонт, окраска и пошив обуви;город Москва, Народная улица, дом 4, строение 1;37.6516880000000070;55.7393697525876630
Служба быта;ремонт, окраска и пошив обуви;город Москва, Широкая улица, дом 12Б;37.6606246458121000;55.8865746300332000
Ремонт Обуви;ремонт, окраска и пошив обуви;город Москва, проспект Будённого, дом 18Б;37.7292729999999920;55.7674797607471010
Ремонт обуви;ремонт, окраска и пошив обуви;город Москва, улица Михайлова, дом 22, корпус 4;37.7697900000000000;55.7262567487883520
Мастерская №1;ремонт, окраска и пошив обуви;город Москва, Рублёвское шоссе, дом 52-А;37.4023970029982560;55.7555956049147030
Мастерская Shoe Brush;ремонт, окраска и пошив обуви;город Москва, Большой Козихинский переулок, дом 23;37.5948349999999890;55.7645137598852050
Ремонт обуви;ремонт, окраска и пошив обуви;город Москва, Ясный проезд, дом 10;37.6290649999999760;55.8738987918213250
Ремонт обуви, металлоремонт;ремонт, окраска и пошив обуви;город Москва, улица Москворечье, дом 31, корпус 2;37.6599560000000010;55.6459197256084650
Ремонт обуви;ремонт, окраска и пошив обуви;город Москва, Садовая-Черногрязская улица, дом 8, строение 1;37.6510150000000080;55.7672487606799690
Обувная Мастерская;ремонт, окраска и пошив обуви;город Москва, Спартаковская улица, дом 16, корпус 2;37.6757750000000090;55.7718837620272720
Ремонт обуви;ремонт, окраска и пошив обуви;город Москва, Ореховый проезд, владение 15А;37.7365759999999920;55.6246577195015130
Ремонт обуви;ремонт, окраска и пошив обуви;город Москва, поселение Воскресенское, посёлок Воскресенское, дом 26;37.4428849999999970;55.5275106917470040
Ремонт обуви;ремонт, окраска и пошив обуви;город Москва, Щёлковское шоссе, дом 2А;37.7586450000000080;55.8029117710608490
Ремонт обуви;ремонт, окраска и пошив обуви;город Москва, Автозаводская улица, дом 5;37.6629640000000020;55.7089027437670690
Ремонт обуви Металлоремонт;ремонт, окраска и пошив обуви;город Москва, Пролетарский проспект, дом 19, корпус 3;37.6580409999999970;55.6406307240882540
Ремонт обуви;ремонт, окраска и пошив обуви;город Москва, улица Космонавта Волкова, дом 25/2;37.5229100000000100;55.8163677749861690
Мастер Минутка SMT;ремонт, окраска и пошив обуви;город Москва, Каширское шоссе, дом 61Г;37.7144040000000090;55.6207107183691390
Ремонт обуви;ремонт, окраска и пошив обуви;город Москва, Аэрофлотская улица, владение 8А, строение 1;37.1736000000000000;55.3642000000000000
Ремонт обуви;ремонт, окраска и пошив обуви;город Москва, Отрадная улица, дом 7;37.6101704705229000;55.8573994043003000
Ремонт обуви;ремонт, окраска и пошив обуви;город Москва, 3-й Митинский переулок, дом 1;37.3503770000000020;55.8483647843388550
Ремонт обуви;ремонт, окраска и пошив обуви;город Москва, Анадырский проезд, дом 14Б, строение 2;37.7110279999999850;55.8807877938429410
Ремонт обуви;ремонт, окраска и пошив обуви;город Москва, Живописная улица, дом 24;37.4548430000000040;55.7882947668021320
Мистер Шуз ремонт обуви;ремонт, окраска и пошив обуви;город Москва, улица Маршала Тухачевского, дом 55;37.4590729999999970;55.7840037655529740
Дом быта №1;ремонт, окраска и пошив обуви;город Москва, Щукинская улица, дом 42;37.4646690000000010;55.8094637729715760
Ремонт обуви;ремонт, окраска и пошив обуви;город Москва, Таганская улица, дом 2;37.6576520000000060;55.7408157530069060
Ремонт обуви;ремонт, окраска и пошив обуви;город Москва, шоссе Энтузиастов, дом 66/1;37.7781650000000010;55.7627347593683570
Ремонт обуви;ремонт, окраска и пошив обуви;"город Москва, город Троицк, микрорайон ""В"", дом 52";37.2972590489999900;55.4905722689999830
Ремонт обуви;ремонт, окраска и пошив обуви;город Москва, 4-й Стрелецкий проезд, дом 4;37.6037239999999930;55.7945847686340670
Дом быта;ремонт, окраска и пошив обуви;город Москва, Верхняя Первомайская улица, дом 43;37.7947260000000040;55.7994857700621690
Ремонт обуви;ремонт, окраска и пошив обуви;город Москва, Большая Академическая улица, дом 12/18, корпус 1;37.5258820000000030;55.8206987762505730
РЕМОНТ обуви ключей сумок;ремонт, окраска и пошив обуви;город Москва, Новомарьинская улица, дом 5;37.7488840000000110;55.6516837272660250
Обувных дел мастер;ремонт, окраска и пошив обуви;город Москва, Профсоюзная улица, дом 27, корпус 1;37.5596390000000040;55.6739377336736960
Мастерская№1;ремонт, окраска и пошив обуви;город Москва, Севастопольский проспект, дом 28, корпус 2;37.5783569999999970;55.6646607310009930
Ремонт обуви;ремонт, окраска и пошив обуви;город Москва, Чертановская улица, дом 54, корпус 1;37.5886451678362260;55.6032124612862190
Ремонт обуви;ремонт, окраска и пошив обуви;город Москва, улица Маршала Савицкого, дом 22;37.5914560000000220;55.5046696852568000
Ремонт обуви;ремонт, окраска и пошив обуви;город Москва, Ангелов переулок, дом 8;37.3462287403093360;55.8534412278112880
Ремонт обуви;ремонт, окраска и пошив обуви;город Москва, Ясногорская улица, дом 9, строение 1;37.5392330000000030;55.6076197146162200
Ремонт обуви;ремонт, окраска и пошив обуви;город Москва, улица Симоновский Вал, дом 26, корпус 1;37.6627960874350620;55.7184663361028070
Ремонт обуви;ремонт, окраска и пошив обуви;город Москва, Пятницкое шоссе, дом 15;37.3790129382727940;55.8424479940518100
Ремонт обуви;ремонт, окраска и пошив обуви;город Москва, поселение Десеновское, 2-я Нововатутинская улица, дом 1;37.3502389999999950;55.5161916885290550
Ремонт одежды;ремонт, окраска и пошив обуви;город Москва, Инженерная улица, дом 15;37.5711739999999990;55.8794157934402310
Ремонт обуви;ремонт, окраска и пошив обуви;город Москва, Люблинская улица, дом 112, строение 3;37.7428549999999990;55.6500257267891530
Ремонт обуви;ремонт, окраска и пошив обуви;город Москва, Люблинская улица, дом 112, строение 3;37.7428549999999990;55.6500257267891530
МАСТЕРСКАЯ ПО РЕМОНТУ ОБУВИ;ремонт, окраска и пошив обуви;город Москва, Костромская улица, дом 14Б;37.5983471905388000;55.8847213234952000
Ремонт обуви, ателье;ремонт, окраска и пошив обуви;город Москва, Хвалынский бульвар, дом 2;37.8519559999999870;55.6997047411088100
Ремонт обуви;ремонт, окраска и пошив обуви;город Москва, Щёлковское шоссе, дом 81;37.8125930000000000;55.8113437735200360
Ремонт обуви;ремонт, окраска и пошив обуви;Российская Федерация, город Москва, внутригородская территория муниципальный округ Кузьминки, Волжский бульвар, дом 41, корпус 2, строение 1;37.7596880000000000;55.7022210000000000
Ремонт обуви и ключи;ремонт, окраска и пошив обуви;Российская Федерация, город Москва, внутригородская территория муниципальный округ Коньково, улица Миклухо-Маклая, дом 30;37.5279959999999950;55.6404987240503170
Ремонт обуви, изготовление ключей;ремонт, окраска и пошив обуви;город Москва, Окская улица, дом 2;37.7486830000000140;55.7099057440570680
Ремонт обуви;ремонт, окраска и пошив обуви;город Москва, улица Сущёвский Вал, дом 46;37.6128650000000060;55.7926747680776740
Чистка обуви;ремонт, окраска и пошив обуви;Российская Федерация, город Москва, внутригородская территория муниципальный округ Пресненский, Тишинская площадь, дом 1, строение 1;37.5833400000000070;55.7691587612350970
Ремонтная мастерская;ремонт, окраска и пошив обуви;Российская Федерация, город Москва, внутригородская территория муниципальный округ Очаково-Матвеевское, Большая Очаковская улица, дом 21;37.4554170000000110;55.6810417357218770
Ремонт обуви;ремонт, окраска и пошив обуви;Российская Федерация, город Москва, внутригородская территория муниципальный округ Косино-Ухтомский, Святоозерская улица, дом 14;37.8878029999999980;55.7132467450232410
Ремонт обуви;ремонт, окраска и пошив обуви;город Москва, 5-я Кожуховская улица, дом 9;37.6696290000000080;55.7054877427798730
Шузинг;ремонт, окраска и пошив обуви;город Москва, Малая Семёновская улица, дом 5, строение 1;37.7075370000000020;55.7847797657788500
Дом быта;ремонт, окраска и пошив обуви;город Москва, 1-я Останкинская улица, дом 23;37.6224029999999980;55.8243667773217850
Ателье, ремонт обуви;ремонт, окраска и пошив обуви;город Москва, Касимовская улица, дом 22А;37.6560979999999860;55.5939107106908780
Ремонт обуви;ремонт, окраска и пошив обуви;Российская Федерация, город Москва, внутригородская территория муниципальный округ Преображенское, улица Преображенский Вал, дом 4;37.7136250959465000;55.7938249765008000
Ремонт обуви, сумок, изготовление ключей;ремонт, окраска и пошив обуви;Российская Федерация, город Москва, внутригородская территория муниципальный округ Выхино-Жулебино, улица Авиаконструктора Миля, дом 8, корпус 1;37.8527670000000000;55.6849147368390480
Ремонт обуви;ремонт, окраска и пошив обуви;Российская Федерация, город Москва, внутригородская территория муниципальный округ Соколиная Гора, Большая Семёновская улица, дом 21;37.7068579999999900;55.7826547651603730
Ремонт обуви;ремонт, окраска и пошив обуви;город Москва, улица Хачатуряна, дом 20А;37.6054000000000030;55.8631287886632530
Ремонт обуви;ремонт, окраска и пошив обуви;город Москва, Затонная улица, дом 11, корпус 2А;37.6877330000000010;55.6792857352154660
Ремонтная мастерская;ремонт, окраска и пошив обуви;город Москва, Жулебинская улица, дом 14;37.8468829999999980;55.7049767426321690
Ремонт обуви и одежды;ремонт, окраска и пошив обуви;город Москва, Шмитовский проезд, дом 24;37.5402250000000210;55.7564757575505610
ДОМ БЫТА;ремонт, окраска и пошив обуви;город Москва, улица Академика Бочвара, дом 7, корпус 2;37.4621839999999860;55.8054407717982310
Ремонт обуви;ремонт, окраска и пошив обуви;город Москва, бульвар Маршала Рокоссовского, дом 31;37.7155868465723500;55.8156345237072100
Дом быта;ремонт, окраска и пошив обуви;город Москва, Окружной проезд, владение 2А, строение 1;37.7447640000000040;55.8039427713614420
Ремонт обуви;ремонт, окраска и пошив обуви;город Москва, Изумрудная улица, дом 8;37.6797940000000080;55.8689247903624490
Ремонт Обуви;ремонт, окраска и пошив обуви;Российская Федерация, город Москва, внутригородская территория муниципальный округ Орехово-Борисово Северное, Каширское шоссе, дом 96, корпус 1;37.7125409999999950;55.6149577167193170
Ремонт обуви;ремонт, окраска и пошив обуви;Российская Федерация, город Москва, внутригородская территория муниципальный округ Бутырский, улица Милашенкова, дом 3, корпус 1;37.5873929999999990;55.8224297767560600
