Ремонт часов;ремонт часов;город Москва, Автозаводская улица, дом 13/1;37.6564240000000000;55.7054020000000000
ТАЙМ-100;ремонт часов;город Москва, улица Артюхиной, дом 8/10;37.7372340000000000;55.7008620000000000
РЕМОНТ ЧАСОВ;ремонт часов;город Москва, улица Бочкова, дом 6, корпус 1;37.6335879789422000;55.8105164707480000
Мастерская по ремонту часов;ремонт часов;город Москва, Бутырская улица, дом 2/18;37.5865214944223140;55.7943552840410110
Ремонт часов;ремонт часов;город Москва, улица 800-летия Москвы, дом 22, корпус 2;37.5566461890112110;55.8792489366858690
Часы, Ремонт часов;ремонт часов;город Москва, Дубнинская улица, дом 10, корпус 1;37.5673871880000000;55.8630654049999860
Ремонт часов;ремонт часов;город Москва, Загородное шоссе, дом 6, корпус 1;37.6061221803227640;55.6940225074366640
Верное время;ремонт часов;город Москва, улица Новый Арбат, дом 10;37.5940299382478140;55.7530598102917030
Ремонт часов;ремонт часов;город Москва, улица Большие Каменщики, дом 6, строение 1;37.6606784388617870;55.7474423925935060
Ремонт Часов;ремонт часов;город Москва, улица Большие Каменщики, дом 21/8;37.6574611739615930;55.7355856167673020
Ремонт часов «ХРОНОГРАФ»;ремонт часов;город Москва, Кастанаевская улица, дом 3;37.4981887079752740;55.7400598624099430
Ремонт «Сервис Тайм»;ремонт часов;город Москва, Большой Кондратьевский переулок, дом 12, строение 1;37.5813548895703140;55.7738699414947230
Ремонт часов;ремонт часов;город Москва, улица Красного Маяка, дом 2;37.6017857874557960;55.6118640771672690
ЧАСОВАЯ МАСТЕРСКАЯ СЕКУНДА;ремонт часов;город Москва, Кутузовский проспект, дом 43;37.5290599047913000;55.7381876156596000
Консул-сервис;ремонт часов;город Москва, Ленинградский проспект, дом 9;37.5748368716801000;55.7804569748643000
Слава;ремонт часов;город Москва, Ленинградский проспект, дом 10;37.5798579679559000;55.7796043709460000
Ремонт часов;ремонт часов;город Москва, Ленинградский проспект, дом 74, корпус 1;37.5165682858082620;55.8052032583400010
РЕМОНТ ЧАСОВ, ЗАМЕНА БАТАРЕЕК;ремонт часов;город Москва, Ленинский проспект, дом 99;37.5187482279173000;55.6686253168319140
РЕМОНТ ЧАСОВ, ЗАМЕНА БАТАРЕЕК;ремонт часов;город Москва, Ленинский проспект, дом 99;37.5187482279173000;55.6686253168319140
Ремонт часов, металлоремонт;ремонт часов;город Москва, улица Лихоборские Бугры, дом 9, корпус 1;37.5465960915433780;55.8431905971156510
Ремонтная мастерская;ремонт часов;город Москва, улица Малыгина, дом 9, строение 2;37.6935929999999930;55.8809347938860770
Ремонт часов;ремонт часов;город Москва, улица Медиков, дом 12;37.6763048856186980;55.6335422828859340
РЕМОНТ ЧАСОВ;ремонт часов;город Москва, проспект Мира, дом 97;37.6362908073357000;55.8086226482565000
РЕМОНТ ЧАСОВ;ремонт часов;город Москва, улица Народного Ополчения, дом 20, корпус 1;37.4805387383540000;55.7774545017626000
Ремонт часов;ремонт часов;город Москва, Нижегородская улица, дом 2, корпус 1;37.6745422604528740;55.7384979362932280
РЕМОНТ ЧАСОВ;ремонт часов;город Москва, Открытое шоссе, дом 17, корпус 1;37.7504716339055000;55.8210573690620000
Ремонт часов;ремонт часов;город Москва, 2-я Пугачёвская улица, дом 3, корпус 1;37.7295183321248000;55.7974617242986000
РЕМОНТ ЧАСОВ;ремонт часов;город Москва, бульвар Яна Райниса, дом 2, корпус 1;37.4211565560165480;55.8487751761908910
РЕМОНТ ЧАСОВ;ремонт часов;город Москва, Селезнёвская улица, дом 34, корпус 1;37.6125002203329540;55.7808897652171750
Ремонт;ремонт часов;город Москва, Большая Семёновская улица, дом 21;37.7068352404462250;55.7825796501052270
РЕМОНТ ЧАСОВ;ремонт часов;город Москва, улица Толбухина, дом 12, корпус 1;37.4013529990000000;55.7220230000000000
Ремонт часов;ремонт часов;город Москва, Большая Тульская улица, дом 2;37.6208110000000000;55.7101840000000000
РЕМОНТ ЧАСОВ;ремонт часов;город Москва, Усачёва улица, дом 4;37.5728615224850770;55.7294392843896840
РЕМОНТ ЧАСОВ;ремонт часов;город Москва, улица Хачатуряна, дом 20;37.6043653953806000;55.8618380962651000
ЭТАЛОН-ЧАС;ремонт часов;город Москва, улица Земляной Вал, дом 27, строение 1;37.6581999288621000;55.7589264226231000
Barber Shop Kg Mafia;ремонт часов;город Москва, улица Фридриха Энгельса, дом 3-5, строение 2;37.6804100000000020;55.7716507619595350
Ремонт швейцарских часов;ремонт часов;город Москва, Таганская улица, дом 15, строение 2;37.6616438852375000;55.7404432155621000
Центр обслуживания часов;ремонт часов;город Москва, улица Рождественка, дом 6/9/20, строение 1;37.6238062483416580;55.7614302485184440
Часовая мастерская;ремонт часов;город Москва, Никольская улица, дом 10;37.6244308971860590;55.7579618196195810
Ремонт часов;ремонт часов;город Москва, город Зеленоград, корпус 601А;37.2273909999999970;55.9892430000000020
Фирма Время;ремонт часов;город Москва, Новослободская улица, дом 48;37.5955358167644750;55.7862342410523910
Ремонт часов;ремонт часов;город Москва, улица Мичуринский Проспект, Олимпийская Деревня, дом 4, корпус 2;37.4694889990000000;55.6754150000000000
Ремонт часов;ремонт часов;город Москва, улица Кулакова, дом 10, корпус 1;37.3972295137659780;55.8118040516324570
Ремонт часов;ремонт часов;город Москва, 9-я Парковая улица, дом 66, корпус 3;37.7998078727427750;55.8069264180359640
РЕМОНТ ЧАСОВ;ремонт часов;город Москва, Мичуринский проспект, дом 44А;37.4920232676780000;55.6946117274733000
Ремонт часов, Ювелирная мастерская;ремонт часов;город Москва, Вешняковская улица, дом 20Б;37.8230452961635560;55.7211959205540030
Ремонт часов;ремонт часов;город Москва, улица Генерала Белова, дом 19, корпус 4;37.7194027816463020;55.6177885959166570
Ремонт часов;ремонт часов;город Москва, Рязанский проспект, дом 75, строение 1;37.7924127401402710;55.7177809413881280
Ремонт часов Клок сервис;ремонт часов;город Москва, Марксистская улица, дом 20, строение 5;37.6598950849600000;55.7383141558585000
Замена батареек, ремешков;ремонт часов;город Москва, Новокосинская улица, дом 32;37.8671850474312280;55.7420336333669080
Дом Быта на Бауманской;ремонт часов;город Москва, Бауманская улица, дом 50/12, строение 1;37.6791008453184000;55.7695830427597000
Ремонт часов;ремонт часов;город Москва, Дмитровское шоссе, дом 116Д;37.5483733642575500;55.9017884735205610
Ремонт часов;ремонт часов;город Москва, Свободный проспект, дом 33;37.8193153670715390;55.7528095306733180
Ремонт часов;ремонт часов;город Москва, Перовская улица, дом 32;37.7754792346077150;55.7456305737747680
Ремонт швейцарских часов;ремонт часов;город Москва, Большой Дровяной переулок, дом 8, строение 1;37.6569259027989390;55.7440976111121240
Ремонт часов;ремонт часов;город Москва, 2-й квартал Капотня, дом 22;37.8012743221353000;55.6382262738756000
Ремонт часов;ремонт часов;город Москва, Профсоюзная улица, дом 128, корпус 1;37.5156550000000020;55.6309887213187080
Ремонт часов;ремонт часов;город Москва, Старокачаловская улица, дом 5А;37.5806135025293530;55.5700467085070000
РЕМОНТ ЧАСОВ;ремонт часов;город Москва, проспект Вернадского, дом 6;37.5279987903409520;55.6920741624126660
Ремонт часов;ремонт часов;город Москва, Кастанаевская улица, дом 54, корпус 3;37.4679326264100000;55.7356033743767000
Часовых дел мастер;ремонт часов;город Москва, площадь Киевского Вокзала, дом 2;37.5659796068120640;55.7445646191721450
Часовых дел мастер;ремонт часов;город Москва, площадь Киевского Вокзала, дом 2;37.5659796068120640;55.7445646191721450
Ремонт часов, замена батареек;ремонт часов;город Москва, Осенний бульвар, дом 12;37.4088188634939000;55.7592252460530000
Ремонт часов;ремонт часов;город Москва, улица Маршала Катукова, дом 25;37.4144011386881130;55.8055010181245090
Ремонт часов;ремонт часов;город Москва, 73-й километр Московской Кольцевой Автодороги, дом 7;37.4221709999999990;55.8764690000000000
ЧАСОВОЙ СЕРВИС;ремонт часов;город Москва, Щукинская улица, дом 42;37.4646206727175580;55.8094880807820600
Ремонт часов;ремонт часов;город Москва, улица Твардовского, дом 2, корпус 4, строение 1;37.3886972339485480;55.7985125346281240
Ремонт часов КлокСервис;ремонт часов;город Москва, Вятская улица, дом 27, строение 3;37.5819650000000040;55.7970397693493540
Swisservice;ремонт часов;город Москва, 1-й Боткинский проезд, дом 8/31;37.5615116582938000;55.7861220446459000
Часовой сервис;ремонт часов;город Москва, Ленинградский проспект, дом 62А;37.5319231172726050;55.8018396837777290
Ремонт часов;ремонт часов;город Москва, город Зеленоград, Крюковская площадь, дом 1;37.1746727453298000;55.9827706609634000
Ремонт часов;ремонт часов;город Москва, Балаклавский проспект, дом 5А;37.6082321458423860;55.6405864270660050
Ремонт часов;ремонт часов;город Москва, Липецкая улица, дом 13, корпус 2;37.6848800000000070;55.5814737071339450
Часовой сервис «Иван Брагин»;ремонт часов;город Москва, проспект Андропова, дом 8;37.6650500000000010;55.6959060000000010
Часовой сервис;ремонт часов;город Москва, улица Борисовские Пруды, дом 26;37.7581199999999980;55.6399619999999970
Ремонт часов;ремонт часов;город Москва, Варшавское шоссе, дом 152А;37.5991300000000000;55.5946100000000000
Ремонт часов «Мастер Минутка»;ремонт часов;город Москва, улица Борисовские Пруды, дом 26, корпус 2;37.7579386020149950;55.6391930859395880
Сервисный центр Часовой;ремонт часов;город Москва, Марксистская улица, дом 34, корпус 8;37.6651629434655000;55.7347352618974000
Мастерская по ремонту часов и замене батареек;ремонт часов;город Москва, Верхняя Красносельская улица, дом 3А;37.6654657551224900;55.7855164559100700
Часовой сервис;ремонт часов;город Москва, Ореховый бульвар, дом 14, корпус 3;37.7201031555519180;55.6097213343036360
Ремонт часов;ремонт часов;город Москва, Ореховый бульвар, дом 53, корпус 2;37.7486460315281890;55.6146874059278250
Ремонт часов;ремонт часов;город Москва, Кастанаевская улица, дом 42, корпус 2;37.4749281248459950;55.7349678771438160
Мастерская «.Ремонт часов. Замена батареек в часах»;ремонт часов;город Москва, микрорайон Северное Чертаново, корпус 823;37.5966026557473680;55.6362701538503400
ТИК-ТАК;ремонт часов;город Москва, Головинское шоссе, дом 5, корпус 1;37.4931109999999990;55.8395629999999980
Ремонт часов;ремонт часов;город Москва, Первомайская улица, дом 42;37.2076161714264800;55.9642062647106610
Ремонт часов;ремонт часов;город Москва, Перовская улица, дом 31;37.7747150884698000;55.7471295585164000
ТИК-ТАК;ремонт часов;город Москва, Лобненская улица, дом 4А;37.5378580827640180;55.8899069350465960
Ремонт Часов;ремонт часов;город Москва, 9-я Парковая улица, дом 68, корпус 5;37.7994436738899540;55.8081163516986650
Ремонт часов;ремонт часов;город Москва, Венёвская улица, дом 4;37.5425436952928640;55.5484835827718800
Замена батареек;ремонт часов;город Москва, Живописная улица, дом 12, корпус 1;37.4570815519512050;55.7844388385425490
Ремонт часов;ремонт часов;город Москва, улица Адмирала Лазарева, дом 2;37.5432292558288410;55.5470308223456040
Замена батереек;ремонт часов;город Москва, Елецкая улица, дом 15;37.7337595899680520;55.6073916002851760
Замена батареек;ремонт часов;город Москва, Большая Черкизовская улица, дом 3, корпус 1;37.7170795699323880;55.7972194048418470
Ремонт часов;ремонт часов;город Москва, Саянская улица, дом 8А;37.8289883316249910;55.7670846996407410
Ремонт часов;ремонт часов;город Москва, микрорайон Северное Чертаново, корпус 208;37.6037347957650070;55.6390953619189830
Ремонт часов. Замена батареек;ремонт часов;город Москва, бульвар Яна Райниса, дом 41;37.4113503583750670;55.8501147972206550
Ремонт часов;ремонт часов;город Москва, Карельский бульвар, дом 5;37.5333052378242510;55.8931502338911910
Ремонт часов;ремонт часов;город Москва, Ленинградский проспект, дом 77, корпус 1;37.5091460000000010;55.8052807717515760
Ремонт часов;ремонт часов;город Москва, проспект Мира, дом 186, корпус 1;37.6508979999999910;55.8290257786829330
Замена батареек;ремонт часов;город Москва, улица Народного Ополчения, дом 28, корпус 1;37.4812256862509800;55.7813774456661730
Ремонт часов;ремонт часов;город Москва, Беломорская улица, дом 26, строение 2;37.4744065063038650;55.8641783782068090
Ремонт часов, замена батареек;ремонт часов;город Москва, Алтуфьевское шоссе, дом 22;37.5855325361775600;55.8592390038122350
Ремонт часов;ремонт часов;город Москва, Маленковская улица, дом 30;37.6748940000000000;55.7871080000000000
Ремонт часов;ремонт часов;город Москва, 9-я Парковая улица, дом 68, корпус 4;37.7991823395180970;55.8084358893475000
Ремонт часов;ремонт часов;город Москва, улица 26-ти Бакинских Комиссаров, дом 8, корпус 2;37.4913491872817990;55.6591413885626740
Ремонт часов;ремонт часов;город Москва, Зелёный проспект, дом 24;37.7899001052257760;55.7504767013238900
Мастер.ON;ремонт часов;город Москва, Коломенская улица, дом 7;37.7028096519728560;55.6821741332230930
Ремонт часов;ремонт часов;город Москва, Алтуфьевское шоссе, дом 70, корпус 1;37.5885370523473630;55.8882546915940920
Ремонт часов;ремонт часов;город Москва, улица 26-ти Бакинских Комиссаров, дом 7, корпус 6;37.4848340000000060;55.6555937283909260
Ремонт часов;ремонт часов;город Москва, 3-й Митинский переулок, дом 1;37.3503770000000020;55.8483647843388550
Земена батареек в часах;ремонт часов;город Москва, Краснобогатырская улица, дом 31, корпус 1, строение 2;37.7058329059497840;55.8101599334237480
Часовой сервис;ремонт часов;город Москва, Таганская улица, дом 2;37.6576550000000050;55.7408257530097940
Ремонт часов;ремонт часов;город Москва, Зеленодольская улица, дом 44;37.7645479999999840;55.7010367414936310
Ремонт часов;ремонт часов;город Москва, проспект Вернадского, дом 86Б;37.4815109541640790;55.6616171558743670
Замена Батареек;ремонт часов;город Москва, Боровское шоссе, дом 6;37.4020441905414960;55.6588448448010380
Ремонт часов;ремонт часов;город Москва, проспект Мира, дом 92, строение 2;37.6364009999999780;55.7932297682393430
Ремонт часов «СВИССМАСТЕР»;ремонт часов;город Москва, Ленинский проспект, дом 30;37.5830100000000090;55.7106127442614960
ЗАМЕНА БАТЕРЕЕК;ремонт часов;город Москва, Можайское шоссе, дом 31, корпус 1;37.4204589999999940;55.7184517465290550
Ремонт обуви;ремонт часов;город Москва, Михневская улица, дом 7, корпус 2;37.6626669999999990;55.5835517077279700
Мастер Минутка;ремонт часов;город Москва, Кустанайская улица, дом 6;37.7522170000000020;55.6195777180441480
Ремонт часов;ремонт часов;город Москва, Ореховый бульвар, дом 22А;37.7327340000000010;55.6121427159123630
Ремонт часов «Кремень»;ремонт часов;город Москва, Варшавское шоссе, дом 160;37.5951390000000030;55.5829717075621730
Ремонт часов и обуви;ремонт часов;город Москва, Анадырский проезд, дом 8;37.6823890000000150;55.8631477886688190
РЕМОНТ ЧАСОВ;ремонт часов;город Москва, улица Менжинского, дом 32;37.6665999999999880;55.8695977905598010
Мастер SHOES&KEY;ремонт часов;город Москва, Севастопольский проспект, дом 11Е;37.6044439999999940;55.6876387376250080
Замена батареек и ремонт часов;ремонт часов;город Москва, улица Народного Ополчения, дом 46, корпус 1;37.4936699999999800;55.7929857681682650
Ремонт часов;ремонт часов;город Москва, 1-я Квесисская улица, дом 18;37.5784420000000100;55.7942827685460760
Ремонт часов;ремонт часов;город Москва, город Зеленоград, улица Гоголя, дом 2;37.1735656514538920;55.9836087941553020
Сервисный центр ремонт часов;ремонт часов;город Москва, Большая Тульская улица, дом 10, строение 4;37.6197829999999980;55.7070107432200960
Ремонт часов;ремонт часов;город Москва, Литовский бульвар, дом 22;37.5376619999999970;55.6119377158536140
Дом быта.com;ремонт часов;город Москва, Автозаводская улица, дом 18;37.6410139999999980;55.7049937426370790
Ремонт часов;ремонт часов;город Москва, Кожевническая улица, дом 7, строение 1;37.6455499999999860;55.7304177499934570
Часовая мастерская;ремонт часов;город Москва, Бауманская улица, дом 32, строение 2;37.6783109999999940;55.7720907620874660
Часовой мастер;ремонт часов;город Москва, Нахимовский проспект, дом 25, корпус 1;37.5891619999999950;55.6679777319563770
Ремонт часов;ремонт часов;город Москва, поселение Щаповское, посёлок Щапово, дом 21;37.4100710000000000;55.4175410000000000
Ремонт телефонов, планшетов;ремонт часов;город Москва, улица Гурьянова, дом 2, корпус 1;37.7221470000000000;55.6931437392140080
Ремонт часов;ремонт часов;город Москва, проспект Вернадского, дом 86А;37.4810340000000010;55.6629837305180710
Иван Брагин;ремонт часов;город Москва, Ходынский бульвар, дом 4;37.5277480000000100;55.7901777673504430
Ремонт часов;ремонт часов;город Москва, Большая Тульская улица, дом 2;37.6207940000000040;55.7091877438494550
Замена батареек;ремонт часов;город Москва, улица Вавилова, дом 66;37.5492360000000150;55.6831177363206250
Ремонт часов;ремонт часов;город Москва, Ленинский проспект, дом 54;37.5604980000000030;55.6979037405885720
Анлина;ремонт часов;город Москва, проезд Шокальского, дом 23А;37.6452060000000020;55.8796947935221130
Ремонт часов;ремонт часов;город Москва, улица Паустовского, дом 6, корпус 1;37.5389199999999970;55.6003827125434210
Ремонт часов;ремонт часов;город Москва, Шоссейная улица, дом 31, корпус 2;37.7246490000000070;55.6802947355064220
Часовой сервис;ремонт часов;город Москва, Азовская улица, дом 24, корпус 3;37.5955229999999860;55.6475947260900550
IPhone-Butovo;ремонт часов;город Москва, Венёвская улица, дом 6;37.5428130000000100;55.5478306975321910
Ремонт часов;ремонт часов;город Москва, площадь Джавахарлала Неру, дом 1;37.5340679999999980;55.6933467392726200
Часовой сервис;ремонт часов;город Москва, Ярцевская улица, дом 25А;37.4154149999999960;55.7410817530840250
Замена батареек, ремонт часов;ремонт часов;город Москва, город Зеленоград, корпус 1446;37.1767111599614920;55.9693839488689520
Часовых дел мастер;ремонт часов;город Москва, площадь Киевского Вокзала, дом 2;37.5655770000000120;55.7445977541036510
Ремонт часов;ремонт часов;город Москва, город Зеленоград, Панфиловский проспект, дом 6А;37.2000660000000210;56.0088378316419760
Ремонт Часов, Телефонов, Планшетов,Ноутбуков;ремонт часов;город Москва, Заревый проезд, дом 2;37.6590490000000030;55.8834227946165210
Ремонт часов;ремонт часов;город Москва, Пролетарский проспект, дом 19, корпус 1;37.6562269999999800;55.6411807242462900
TIME SERVICE;ремонт часов;город Москва, набережная Тараса Шевченко, дом 1;37.5717240000000030;55.7468597547597820
Часовой сервис;ремонт часов;город Москва, 3-й Крутицкий переулок, дом 11;37.6655399999999930;55.7310537501777080
Ремонт часов, замена батареек;ремонт часов;город Москва, улица Тёплый Стан, дом 10;37.4857049999999960;55.6292367208157400
Замена батареек;ремонт часов;город Москва, 9-я Парковая улица, дом 62;37.8014119999999990;55.8055777718381950
Ремонт часов;ремонт часов;город Москва, Ясногорская улица, дом 2;37.5364549999999970;55.6102037153566470
Ремонт Часов;ремонт часов;город Москва, Шипиловский проезд, дом 39, корпус 2;37.6976950000000030;55.6128197161064150
Ремонт часов;ремонт часов;город Москва, Волгоградский проспект, дом 73, строение 1;37.7442360000000010;55.7100127440880040
Замена батареек в часах;ремонт часов;город Москва, Тимирязевская улица, дом 2/3;37.5735120000000010;55.8078937725136160
Ремонт часов;ремонт часов;город Москва, улица Яблочкова, дом 21, строение 3;37.5775469999999960;55.8192867758382930
Ремонт часов;ремонт часов;город Москва, Широкая улица, дом 12Б;37.6600970000000150;55.8866077955518180
Ремонт часов;ремонт часов;город Москва, Новокосинская улица, владение 32А, строение 1;37.8673639999999810;55.7424427534786700
Ремонт часов;ремонт часов;город Москва, Люблинская улица, дом 169, корпус 2;37.7449990000000070;55.6490927265208340
Ремонт часов;ремонт часов;город Москва, Совхозная улица, дом 39;37.7603969999999980;55.6737867336301800
Ремонт часов;ремонт часов;город Москва, Озёрная улица, дом 42;37.4455939999999790;55.6710027328278870
Часовой сервис;ремонт часов;город Москва, улица Маршала Бирюзова, дом 32;37.4829830000000110;55.7997257701321270
Ремонт часов;ремонт часов;город Москва, город Зеленоград, корпус 900;37.1994303194335390;55.9809370449868450
Ремонт часов;ремонт часов;город Москва, бульвар Адмирала Ушакова, дом 7;37.5513920000000000;55.5463016970965240
Ремонт часов;ремонт часов;город Москва, улица Кадырова, дом 1;37.5059561094006360;55.5368106474957630
Ремонт часов;ремонт часов;город Москва, Рублёвское шоссе, дом 52-А;37.4027820000000020;55.7554187572436890
Watch Repair;ремонт часов;город Москва, площадь Киевского Вокзала, дом 2;37.5655770000000120;55.7445977541036510
Ремонт часов;ремонт часов;город Москва, город Зеленоград, корпус 1549;37.1764068876491360;55.9746703357598820
Часовая мастерская Грачева;ремонт часов;город Москва, улица Арбат, дом 30/3, строение 2;37.5897700000000090;55.7496207555608480
Ремонт часов «Часы и Минуты»;ремонт часов;город Москва, Балаклавский проспект, дом 5;37.6105189999999890;55.6403377240040480
Ремонт часов;ремонт часов;город Москва, Каширское шоссе, владение 25Б;37.6479100000000030;55.6563247286012770
Ремонт часов, замена батареек;ремонт часов;город Москва, Балаклавский проспект, дом 7;37.6034430000000060;55.6406607240968750
Ремонт часов;ремонт часов;город Москва, проспект Вернадского, дом 15;37.5255590000000150;55.6868337373927250
Островок ЧАСОВОЙ СЕРВИС;ремонт часов;город Москва, улица Вавилова, дом 3;37.5912860000000040;55.7072907433010370
Выкуп и ремонт элитных часов;ремонт часов;город Москва, Ленинский проспект, дом 67;37.5526790000000120;55.6914387387217720
Замена батареек;ремонт часов;город Москва, Просторная улица, дом 8;37.7176730000000050;55.8047927716092860
Часовая мануфактура;ремонт часов;город Москва, Большой Палашёвский переулок, дом 3;37.5974920000000100;55.7641407597768290
ZELMASTERWATCH;ремонт часов;город Москва, город Зеленоград, площадь Юности, дом 5;37.2124468223207570;56.0016078121003390
Ремонт часов;ремонт часов;город Москва, Митинская улица, дом 53;37.3514020000000140;55.8531597857427190
Замена батареек;ремонт часов;город Москва, улица Сущёвский Вал, дом 46;37.6124680000000070;55.7926097680587460
Ремонт часов;ремонт часов;город Москва, улица Преображенский Вал, дом 1, строение 1;37.7164060000000060;55.7942997685510350
Ремонт часов;ремонт часов;город Москва, Судостроительная улица, дом 24;37.6828379999999970;55.6830017362871890
Ремонт часов;ремонт часов;город Москва, Бибиревская улица, дом 10, корпус 2;37.6032099999999970;55.8817257941182820
Ремонт часов;ремонт часов;город Москва, Открытое шоссе, дом 9, строение 1;37.7380400000000050;55.8154707747243460
Ремонт часов;ремонт часов;город Москва, Осенний бульвар, дом 18, корпус 1;37.4083820000000030;55.7618387591080660
Часовых дел мастер;ремонт часов;город Москва, Русаковская улица, дом 31;37.6786070000000000;55.7884727668539500
Ремонт часов;ремонт часов;город Москва, улица Героев Панфиловцев, дом 7;37.4318850000000150;55.8572517869411910
Ремонт часов;ремонт часов;город Москва, Сормовская улица, дом 6;37.8121509999999930;55.7107617443045770
Часовых дел Мастер;ремонт часов;город Москва, Большая Тульская улица, дом 13;37.6221070000000000;55.7087727437294760
Ремонт часов;ремонт часов;город Москва, Краснодарская улица, дом 51, корпус 2;37.7648339999999860;55.6770497345707650
Ремонт часов;ремонт часов;город Москва, Медовый переулок, дом 6;37.7109390000000030;55.7830407652726950
Ремонт часов;ремонт часов;город Москва, Череповецкая улица, дом 18;37.5788670000000020;55.8976387987930960
Ремонт телефонов;ремонт часов;город Москва, Луганская улица, дом 10;37.6677079999999980;55.6224377188645530
Ремонт часов, телефонов;ремонт часов;город Москва, улица Раменки, дом 3;37.4960310000000160;55.6935137393208490
Экспресс Тайм;ремонт часов;город Москва, Люблинская улица, дом 102А;37.7421949999999950;55.6523127274469760
Ремонт часов;ремонт часов;город Москва, Митинская улица, дом 25;37.3630790000000060;55.8440537830772210
Замена батареек;ремонт часов;город Москва, Каширское шоссе, дом 61Г;37.7144040000000090;55.6207107183691390
Часовой сервис;ремонт часов;город Москва, Комсомольский проспект, дом 24, строение 1;37.5800019999999860;55.7285177494431280
Ремонт часов;ремонт часов;город Москва, 1-я Квесисская улица, дом 18;37.5784420000000100;55.7942827685460760
Ремонт часов;ремонт часов;город Москва, улица Маршала Бирюзова, дом 19;37.4911379999999920;55.7943447685641300
Часовой сервис;ремонт часов;город Москва, улица Генерала Белобородова, дом 24;37.3540640000000080;55.8306647791619000
Ремонт Часов;ремонт часов;город Москва, Нагатинская улица, дом 35, корпус 1;37.6610799999999840;55.6775907347267420
Ремонт часов;ремонт часов;город Москва, Ореховый бульвар, дом 15;37.7201229999999940;55.6126677160628520
Ремонт часов;ремонт часов;город Москва, внутригородская территория муниципальный округ Марьино, Новочеркасский бульвар, дом 57, корпус 1;37.7418780000000000;55.6478837261731630
Ремонт часов;ремонт часов;город Москва, внутригородская территория муниципальный округ Марьино, Новочеркасский бульвар, дом 57, корпус 1;37.7418780000000000;55.6478837261731630
Aurum;ремонт часов;город Москва, проспект Мира, дом 211, корпус 2;37.6602460000000150;55.8449667833443830
Ремонт часов;ремонт часов;город Москва, Митинская улица, дом 36;37.3628579999999960;55.8461917837028570
Ремонт часов;ремонт часов;город Москва, Рублёвское шоссе, дом 62;37.3811650000000030;55.7667127605242000
Ремонт часов;ремонт часов;город Москва, Братиславская улица, дом 15, корпус 1;37.7591769999999940;55.6600817296825810
Ремонт часов;ремонт часов;город Москва, Чонгарский бульвар, дом 19;37.6068129999999810;55.6527257275657520
Часовая мастерская;ремонт часов;город Москва, Кронштадтский бульвар, дом 7;37.4871600000000170;55.8408717821463160
Часовых дел мастер;ремонт часов;город Москва, Рублёвское шоссе, дом 62;37.3811650000000030;55.7667127605242000
Замена Батареек;ремонт часов;город Москва, улица Яблочкова, дом 21А;37.5784630000000060;55.8194837758958120
Aurum.city;ремонт часов;город Москва, Пресненская набережная, дом 2;37.5400060000000050;55.7491977554381040
Ремонт часов;ремонт часов;Российская Федерация, город Москва, внутригородская территория муниципальный округ Преображенское, Халтуринская улица, дом 15;37.7245790000000060;55.8028097710310930
Ремонт часов;ремонт часов;город Москва, Солнцевский проспект, дом 9;37.4003799999999910;55.6507297269916210
Ремонт часов;ремонт часов;город Москва, Большая Декабрьская улица, дом 3, строение 1;37.5582469999999940;55.7646717599311050
Замена батареек;ремонт часов;город Москва, Сходненская улица, дом 25;37.4389440000000060;55.8454407834830700
Ремонт часов (при магазине ЧАСЫ);ремонт часов;город Москва, Кировоградская улица, дом 9, корпус 4;37.6116740000000080;55.6217367186634560
Дом быта;ремонт часов;город Москва, 1-я Останкинская улица, дом 55;37.6346790000000060;55.8242647772919940
Часовой сервис;ремонт часов;город Москва, Дмитровское шоссе, дом 163А, корпус 1;37.5393899999999970;55.9090038021358210
Часове ателье;ремонт часов;Российская Федерация, город Москва, внутригородская территория муниципальный округ Красносельский, Садовая-Спасская улица, дом 12/23, строение 2;37.6415869999999870;55.7705797616481860
Часовой сервис;ремонт часов;Российская Федерация, город Москва, внутригородская территория муниципальный округ Царицыно, Луганская улица, дом 10;37.6677540000000090;55.6224387188648420
РЕМОНТ ЧАСОВ;ремонт часов;Российская Федерация, город Москва, внутригородская территория муниципальный округ Ярославский, Ярославское шоссе, дом 54;37.7048780516194600;55.8655032904092930
Золотое время;ремонт часов;город Москва, Тверская улица, дом 25/12;37.5991789999999850;55.7678067608421200
Наше время;ремонт часов;Российская Федерация, город Москва, внутригородская территория муниципальный округ Тверской, Тверская улица, дом 27, строение 1;37.5977859999999990;55.7678937608674160
Ремонт часов;ремонт часов;город Москва, улица Милашенкова, дом 4, строение 7;37.5893539999999930;55.8229177768985640
